subsample,target_variable,model,city,abs_err,sMAPE_%
fog_MC,tot_rev_gn,ARIMA,1,5373132.502870701,10.028337291450612
fog_MC,tot_rev_gn,ARIMA,4,3335523.9193364866,12.022472958596067
fog_MC,tot_rev_gn,ARIMA,5,478381.1586160655,20.53116361365314
fog_MC,tot_rev_gn,ARIMA,7,84309.9727085703,2.1502199166169746
fog_MC,tot_rev_gn,ARIMA,8,25448.96278191381,2.902917378884797
fog_MC,tot_rev_gn,ARIMA,9,66722.5612604376,7.882781071999922
fog_MC,tot_rev_gn,ARIMA,11,111313.7016595616,9.77830802933703
fog_MC,tot_rev_gn,ARIMA,13,1267097.8452531695,2.8532140098805874
fog_MC,tot_rev_gn,ARIMA,14,22904.983893817174,2.7410519776523143
fog_MC,tot_rev_gn,ARIMA,15,491484.71688170265,11.03618648612201
fog_MC,tot_rev_gn,ARIMA,16,5086969.770731924,36.533114104223536
fog_MC,tot_rev_gn,ARIMA,17,74723.50404774956,3.39199267688957
fog_MC,tot_rev_gn,ARIMA,18,130379.0,3.7542812971115453
fog_MC,tot_rev_gn,ARIMA,19,51087.0,5.916308673651077
fog_MC,tot_rev_gn,ARIMA,21,618977.7950345017,15.390083737550636
fog_MC,tot_rev_gn,ARIMA,22,246524.95635561598,8.428807277521773
fog_MC,tot_rev_gn,ARIMA,26,11006.39501455694,2.346760294065579
fog_MC,tot_rev_gn,ARIMA,27,11730127.391034655,22.807560914930093
fog_MC,tot_rev_gn,ARIMA,28,12229112.137206584,48.28643025188198
fog_MC,tot_rev_gn,ARIMA,29,113520.83605329692,0.3904973029187778
fog_MC,tot_rev_gn,ARIMA,30,2273795.344131492,4.901296755544102
fog_MC,tot_rev_gn,ARIMA,32,92772.97312029824,0.31523143806547155
fog_MC,tot_rev_gn,ARIMA,33,493833.4822418336,2.9276830942900496
fog_MC,tot_rev_gn,ARIMA,36,493718.48774937727,14.812474884702837
fog_MC,tot_rev_gn,ARIMA,37,422674.03960398585,2.0247799968145674
fog_MC,tot_rev_gn,ARIMA,39,221539.70584395155,0.8268633648848118
fog_MC,tot_rev_gn,ARIMA,40,684974.747435661,4.204402651438578
fog_MC,tot_rev_gn,ARIMA,41,11640633.0,200.0
fog_MC,tot_rev_gn,ARIMA,43,171883.0,1.3608842933234027
fog_MC,tot_rev_gn,ARIMA,45,371432893.5989528,8.597011403347045
fog_MC,tot_rev_gn,ARIMA,46,480910.303317694,9.088110827126435
fog_MC,tot_rev_gn,ARIMA,47,53352.20936823287,5.2684168595249465
fog_MC,tot_rev_gn,ARIMA,49,704630.2900182884,18.159235264764938
fog_MC,tot_rev_gn,ARIMA,50,250053.0,3.6936751760014
fog_MC,tot_rev_gn,ARIMA,53,109104.89596248278,5.542670582731792
fog_MC,tot_rev_gn,ARIMA,55,371359.0,8.257658495225806
fog_MC,tot_rev_gn,ARIMA,56,260174.0,13.364043227394815
fog_MC,tot_rev_gn,ARIMA,57,261986.48035221174,1.3247937901099425
fog_MC,tot_rev_gn,ARIMA,65,155231.45841328264,8.872834538067675
fog_MC,tot_rev_gn,ARIMA,67,193989.6041563265,64.16553306649028
fog_MC,tot_rev_gn,ARIMA,69,44848.07809730095,5.437020115318018
fog_MC,tot_rev_gn,ARIMA,70,549887.0455600396,10.905475188057618
fog_MC,tot_rev_gn,ARIMA,71,415284.0,17.6196777761608
fog_MC,tot_rev_gn,ARIMA,72,1250726.9068068666,39.311039907357234
fog_MC,tot_rev_gn,ARIMA,74,579022.0561306966,30.251493062824036
fog_MC,tot_rev_gn,ARIMA,75,18632.978939334367,12.502293234118792
fog_MC,tot_rev_gn,ARIMA,76,192612.31062702741,15.134884163486163
fog_MC,tot_rev_gn,ARIMA,78,2787713.037508147,19.408165014986835
fog_MC,tot_rev_gn,ARIMA,79,30211.965954278596,1.6677338643407833
fog_MC,tot_rev_gn,ARIMA,80,176787.026902491,16.42367883900795
fog_MC,tot_rev_gn,ARIMA,81,333789.0,32.92614898833588
fog_MC,tot_rev_gn,ARIMA,82,279559.2759416166,15.9299058319302
fog_MC,tot_rev_gn,ARIMA,83,43135.12101833045,5.524261369867854
fog_MC,tot_rev_gn,ARIMA,84,192812.08521013125,17.176609372605338
fog_MC,tot_rev_gn,ARIMA,85,8420.999349514379,19.626395565585213
fog_MC,tot_rev_gn,ARIMA,86,2315639.218776442,12.99579742445329
fog_MC,tot_rev_gn,ARIMA,87,26320271.26590894,200.0
fog_MC,tot_rev_gn,ARIMA,88,52025.95626193611,3.161764949715552
fog_MC,tot_rev_gn,ARIMA,89,29208.043293883326,6.076754487332171
fog_MC,tot_rev_gn,ARIMA,90,1596117.0,200.0
fog_MC,tot_rev_gn,ARIMA,92,213625.5109577136,35.5568282313167
fog_MC,tot_rev_gn,ARIMA,93,3712.203034382197,0.59023250827103
fog_MC,tot_rev_gn,ARIMA,95,290431.05328829447,9.233398337311872
fog_MC,tot_rev_gn,ARIMA,96,105975.85374092031,4.668379551490513
fog_MC,tot_rev_gn,ARIMA,97,18888.994204510003,0.29449414294240406
fog_MC,tot_rev_gn,ARIMA,99,91064.57169985352,3.9450640001705173
fog_MC,tot_rev_gn,ARIMA,101,444975.71944065986,200.0
fog_MC,tot_rev_gn,ARIMA,103,842.9815258807212,0.48744586711830307
fog_MC,tot_rev_gn,ARIMA,104,74115.63048568182,0.9607784612818437
fog_MC,tot_rev_gn,ARIMA,105,195772.0837491094,9.639504942925777
fog_MC,tot_rev_gn,ARIMA,107,8420.020895736903,8.828978245634667
fog_MC,tot_rev_gn,ARIMA,108,103554.17141004535,7.675255602931065
fog_MC,tot_rev_gn,ARIMA,110,264250.95899329986,4.244579035630626
fog_MC,tot_rev_gn,ARIMA,111,16492.860387340188,1.1390659954880613
fog_MC,tot_rev_gn,ARIMA,113,745063.8857566267,2.0877364952237705
fog_MC,tot_rev_gn,ARIMA,115,519049.4675308764,2.1423743336607766
fog_MC,tot_rev_gn,ARIMA,116,3942479.91586446,6.436594289683597
fog_MC,tot_rev_gn,ARIMA,117,13021466.844702117,29.982688716127726
fog_MC,tot_rev_gn,ARIMA,118,237935.79528539255,9.618122405043653
fog_MC,tot_rev_gn,ARIMA,119,277867.0650628004,2.9033268871345306
fog_MC,tot_rev_gn,ARIMA,120,6353321.488174953,23.16513064595475
fog_MC,tot_rev_gn,ARIMA,121,35522.0,2.8617003278847006
fog_MC,tot_rev_gn,ARIMA,123,10584.0,0.7262940543938251
fog_MC,tot_rev_gn,ARIMA,124,476568.00866451394,64.58803805968006
fog_MC,tot_rev_gn,ARIMA,128,33111842.360413175,200.0
fog_MC,tot_rev_gn,ARIMA,129,276942.63833663147,5.088397605150165
fog_MC,tot_rev_gn,ARIMA,130,27984151.69631961,22.360082153257206
fog_MC,tot_rev_gn,ARIMA,131,71192.15335920174,8.223508551133826
fog_MC,tot_rev_gn,ARIMA,132,842051.0,7.465432905714945
fog_MC,tot_rev_gn,ARIMA,134,168360.6353884628,2.022096469974776
fog_MC,tot_rev_gn,ARIMA,137,1048291.3144859932,4.8914867533075315
fog_MC,tot_rev_gn,ARIMA,139,141285.9582930979,18.55164147284933
fog_MC,tot_rev_gn,ARIMA,140,21742868.701663848,154.25983465066744
fog_MC,tot_rev_gn,ARIMA,141,28847.0,13.038280485517417
fog_MC,tot_rev_gn,ARIMA,142,135236.01865468489,14.692077330611298
fog_MC,tot_rev_gn,ARIMA,144,197035.0,5.1268734320441105
fog_MC,tot_rev_gn,ARIMA,145,59697.8885474517,4.327727939343934
fog_MC,tot_rev_gn,ARIMA,146,4623470.712023452,35.05241965759726
fog_MC,tot_rev_gn,ARIMA,147,294424.32389111957,21.653414273775173
fog_MC,tot_rev_gn,ARIMA,148,171446.93304669333,21.689391529610212
fog_MC,tot_rev_gn,ARIMA,149,89830.8836973426,8.130224253240542
fog_MC,tot_rev_gn,ARIMA,150,328101.00781821366,34.76075269639194
fog_MC,tot_rev_gn,ARIMA,151,293555.0,35.097336509635014
fog_MC,tot_rev_gn,ARIMA,152,163655.0,5.219932996161162
fog_MC,tot_rev_gn,ARIMA,153,8345.926874682773,0.5946463303290295
fog_MC,tot_rev_gn,ARIMA,154,17160.14567724755,1.8232781543502516
fog_MC,tot_rev_gn,ARIMA,155,65602.98657241999,4.7765611309545815
fog_MC,tot_rev_gn,ARIMA,156,105996.6934347013,4.236379242974014
fog_MC,tot_rev_gn,ARIMA,157,409586.2866616226,19.458491297382807
fog_MC,tot_rev_gn,ARIMA,160,38784.22920345515,0.09441710166300529
fog_MC,tot_rev_gn,ARIMA,162,786666.3596829958,12.607256606551129
fog_MC,tot_rev_gn,ARIMA,163,1962065.178129673,20.99281252053284
fog_MC,tot_rev_gn,ARIMA,166,55696.0,15.819491467654343
fog_MC,tot_rev_gn,ARIMA,168,192175.16637751763,14.532889396825063
fog_MC,tot_rev_gn,ARIMA,169,196549.1365846037,19.304335947154534
fog_MC,tot_rev_gn,ARIMA,170,34806.0,4.954090049261925
fog_MC,tot_rev_gn,ARIMA,171,23476.968089483562,3.4803509922849494
fog_MC,tot_rev_gn,ARIMA,172,2704.765223259572,0.0912309991122331
fog_MC,tot_rev_gn,ARIMA,173,162064.26917171665,13.196189556630058
fog_MC,tot_rev_gn,ARIMA,174,162170.0,24.018815751082307
fog_MC,tot_rev_gn,ARIMA,175,623131.5200886205,6.641788517503014
fog_MC,tot_rev_gn,ARIMA,176,141484.0,8.0267277712504
fog_MC,tot_rev_gn,ARIMA,177,63136.0,9.774237045683599
fog_MC,tot_rev_gn,ARIMA,178,2922790.2768746205,20.027277212067336
fog_MC,tot_rev_gn,ARIMA,180,173207.01119518653,2.0744419169183437
fog_MC,tot_rev_gn,ARIMA,181,214208.93195175938,3.735774077070674
fog_MC,tot_rev_gn,ARIMA,182,1725945.8080815151,5.16651538231353
fog_MC,tot_rev_gn,ARIMA,186,197281.11819294654,8.936259657030039
fog_MC,tot_rev_gn,ARIMA,187,13551.975167289609,0.7814990525492135
fog_MC,tot_rev_gn,ARIMA,188,152624.34086571098,11.389461152323149
fog_MC,tot_rev_gn,ARIMA,189,2907291.845797865,68.63871923317161
fog_MC,tot_rev_gn,ARIMA,190,44360.073118099244,8.830141447233906
fog_MC,tot_rev_gn,ARIMA,192,52141.92747342773,0.5924477149369334
fog_MC,tot_rev_gn,ARIMA,193,765493.0,7.7105488878199555
fog_MC,tot_rev_gn,ARIMA,196,1053169.0889052115,9.93331537659631
fog_MC,tot_rev_gn,ARIMA,198,369120.6534905522,54.28665412325877
fog_MC,tot_rev_gn,ARIMA,199,896398.5658532567,4.511613439967827
fog_MC,tot_rev_gn,ARIMA,200,106784.01683118148,19.82721348819169
fog_MC,tot_rev_gn,ARIMA,202,158112.4107994563,4.547765043709573
fog_MC,tot_rev_gn,ARIMA,204,536532.8011104483,30.75730702395589
fog_MC,tot_rev_gn,ARIMA,206,218150.0,5.635183175097011
fog_MC,tot_rev_gn,ARIMA,207,110075.49698398937,11.741427067459243
fog_MC,tot_rev_gn,ARIMA,209,3054498.0,200.0
fog_MC,tot_rev_gn,ARIMA,212,1370555.2265340164,18.125626573619734
fog_MC,tot_rev_gn,ARIMA,213,35502.0071307359,4.901899476142927
fog_MC,tot_rev_gn,ARIMA,214,49618.948591343826,6.902540488890551
fog_MC,tot_rev_gn,ARIMA,216,251330.0,51.18841524267297
fog_MC,tot_rev_gn,ARIMA,217,62028.43697368505,11.656474085775445
fog_MC,tot_rev_gn,ARIMA,218,428844.9753786307,8.980675129626535
fog_MC,tot_rev_gn,ARIMA,221,126041.0994001773,34.61426115001595
fog_MC,tot_rev_gn,ARIMA,223,2895143.348715741,12.490062082858882
fog_MC,tot_rev_gn,ARIMA,226,268052.2351070475,4.0276180627154385
fog_MC,tot_rev_gn,ARIMA,228,1217661.8069158534,49.17435452612162
fog_MC,tot_rev_gn,ARIMA,229,4776928.6393408775,2.934487114925247
fog_MC,tot_rev_gn,ARIMA,230,257019.2023111335,13.455575634456041
fog_MC,tot_rev_gn,ARIMA,231,681304.0,42.826709679609316
fog_MC,tot_rev_gn,ARIMA,234,98233.0977129977,16.635676855898115
fog_MC,tot_rev_gn,ARIMA,235,3651586.1145757884,10.21608892049585
fog_MC,tot_rev_gn,ARIMA,236,9277203.447994038,52.65965625726171
fog_MC,tot_rev_gn,ARIMA,237,177300.0,7.219828507694431
fog_MC,tot_rev_gn,ARIMA,239,199615.60546117648,0.6349455699472044
fog_MC,tot_rev_gn,ARIMA,241,109035.07858988189,11.907012548141367
fog_MC,tot_rev_gn,ARIMA,242,3432985.0,19.309040976264427
fog_MC,tot_rev_gn,ARIMA,244,1220779.8142994195,3.0389328815909753
fog_MC,tot_rev_gn,ARIMA,245,97719.88276637346,7.206326600851047
fog_MC,tot_rev_gn,ARIMA,246,67739.33984454907,1.4837529179680178
fog_MC,tot_rev_gn,ARIMA,247,212860.0,2.2950233917504446
fog_MC,tot_rev_gn,ARIMA,248,227085.3849656745,7.167906256401976
fog_MC,tot_rev_gn,ARIMA,249,41002.95638122887,6.798896977449442
fog_MC,tot_rev_gn,ARIMA,250,176423.2672009077,3.6412654605394392
fog_MC,tot_rev_gn,ARIMA,251,6109.341009378433,0.12082332104740516
fog_MC,tot_rev_gn,ARIMA,253,64787.0,16.13051407657307
fog_MC,tot_rev_gn,ARIMA,254,121255.0,5.051307714018207
fog_MC,tot_rev_gn,ARIMA,255,138662.8697514343,5.926468850752706
fog_MC,tot_rev_gn,ARIMA,256,258531.82537354715,2.844470544594027
fog_MC,tot_rev_gn,ARIMA,257,653779.2374467254,3.4564771967062575
fog_MC,tot_rev_gn,ARIMA,259,575721.5608646534,3.9256630520654237
fog_MC,tot_rev_gn,ARIMA,261,212019.0,0.9149960871239026
fog_MC,tot_rev_gn,ARIMA,262,1339167.1732104328,18.456339319220845
fog_MC,tot_rev_gn,ARIMA,263,123736.9566537952,3.0421032703933886
fog_MC,tot_rev_gn,ARIMA,264,409917.52840833296,41.50976296064838
fog_MC,tot_rev_gn,ARIMA,265,504132.0,3.8809022767541244
fog_MC,tot_rev_gn,ARIMA,266,16513.0,4.755192397681869
fog_MC,tot_rev_gn,ARIMA,267,196552.08485537674,6.999585901178299
fog_MC,tot_rev_gn,ARIMA,269,311400.42029733956,1.1860162165026746
fog_MC,tot_rev_gn,ARIMA,270,526091562.3255081,110.79333044393917
fog_MC,tot_rev_gn,ARIMA,272,184726.75195832038,5.6289178712776975
fog_MC,tot_rev_gn,ARIMA,273,554587.3982203216,18.480903772581723
fog_MC,tot_rev_gn,ARIMA,274,97663.818437048,9.358141432315573
fog_MC,tot_rev_gn,STL-LSTM (full),1,4423068.47670275,8.328995732148678
fog_MC,tot_rev_gn,STL-LSTM (full),4,3335527.5047267973,12.022486658518812
fog_MC,tot_rev_gn,STL-LSTM (full),5,68413.51645487547,3.3264908227079273
fog_MC,tot_rev_gn,STL-LSTM (full),7,84309.761755988,2.1502144786947945
fog_MC,tot_rev_gn,STL-LSTM (full),8,25448.515952050686,2.9028656700246227
fog_MC,tot_rev_gn,STL-LSTM (full),9,66722.49447536469,7.88277349281553
fog_MC,tot_rev_gn,STL-LSTM (full),11,29038.486588329077,2.6465117941372975
fog_MC,tot_rev_gn,STL-LSTM (full),13,1677814.5226716101,3.9076161029923213
fog_MC,tot_rev_gn,STL-LSTM (full),14,22905.23730197549,2.741081887522222
fog_MC,tot_rev_gn,STL-LSTM (full),15,491484.5045979619,11.036181456299394
fog_MC,tot_rev_gn,STL-LSTM (full),16,1839168.4915542006,14.952139283657859
fog_MC,tot_rev_gn,STL-LSTM (full),17,316110.73089033365,15.181248429914456
fog_MC,tot_rev_gn,STL-LSTM (full),18,130378.51701027155,3.754267128288509
fog_MC,tot_rev_gn,STL-LSTM (full),19,51086.751091077924,5.916278995176551
fog_MC,tot_rev_gn,STL-LSTM (full),21,618977.5214888155,15.390076412823037
fog_MC,tot_rev_gn,STL-LSTM (full),22,246524.50746321678,8.428791282854894
fog_MC,tot_rev_gn,STL-LSTM (full),26,19711.75639614463,4.242270269294086
fog_MC,tot_rev_gn,STL-LSTM (full),27,182052.5184944272,0.4003373111987442
fog_MC,tot_rev_gn,STL-LSTM (full),28,506508.2386894524,2.6021638944297285
fog_MC,tot_rev_gn,STL-LSTM (full),29,113518.48779448867,0.3904892409770953
fog_MC,tot_rev_gn,STL-LSTM (full),30,1062228.5098181665,2.2601812304745144
fog_MC,tot_rev_gn,STL-LSTM (full),32,92772.48324602842,0.31522977615499803
fog_MC,tot_rev_gn,STL-LSTM (full),33,493833.50795322657,2.927683248950917
fog_MC,tot_rev_gn,STL-LSTM (full),36,493718.42662113905,14.81247318656925
fog_MC,tot_rev_gn,STL-LSTM (full),37,422675.47421732545,2.0247867996185236
fog_MC,tot_rev_gn,STL-LSTM (full),39,207621.49593496323,0.7751170839041963
fog_MC,tot_rev_gn,STL-LSTM (full),40,684974.7542134821,4.204402693915687
fog_MC,tot_rev_gn,STL-LSTM (full),41,753563.487257868,6.270595659165144
fog_MC,tot_rev_gn,STL-LSTM (full),43,171882.5241637826,1.360880500253233
fog_MC,tot_rev_gn,STL-LSTM (full),45,189126000.24585533,4.110748471576964
fog_MC,tot_rev_gn,STL-LSTM (full),46,480910.4928985238,9.088114246975387
fog_MC,tot_rev_gn,STL-LSTM (full),47,7299.429513603449,0.7375741034223487
fog_MC,tot_rev_gn,STL-LSTM (full),49,704630.4214502871,18.159238344395387
fog_MC,tot_rev_gn,STL-LSTM (full),50,250053.49053516984,3.6936822881539397
fog_MC,tot_rev_gn,STL-LSTM (full),53,109104.57659453154,5.542653908796
fog_MC,tot_rev_gn,STL-LSTM (full),55,371359.4868388176,8.257668873763594
fog_MC,tot_rev_gn,STL-LSTM (full),56,260173.52057304978,13.364016955729383
fog_MC,tot_rev_gn,STL-LSTM (full),57,397675.5200124383,2.0450446376572224
fog_MC,tot_rev_gn,STL-LSTM (full),65,155231.49482554197,8.872836527012296
fog_MC,tot_rev_gn,STL-LSTM (full),67,39195.24166934192,17.425558058514415
fog_MC,tot_rev_gn,STL-LSTM (full),69,40137.467607319355,4.879877520926764
fog_MC,tot_rev_gn,STL-LSTM (full),70,549906.5267178416,10.905882610142973
fog_MC,tot_rev_gn,STL-LSTM (full),71,415284.48757991195,17.61969664071322
fog_MC,tot_rev_gn,STL-LSTM (full),72,1250726.4935680032,39.31102947195315
fog_MC,tot_rev_gn,STL-LSTM (full),74,150723.4943227172,8.866720321929526
fog_MC,tot_rev_gn,STL-LSTM (full),75,18633.24527001381,12.502460764725546
fog_MC,tot_rev_gn,STL-LSTM (full),76,192612.4071432054,15.134891173520268
fog_MC,tot_rev_gn,STL-LSTM (full),78,1207635.4968110025,8.896962480951185
fog_MC,tot_rev_gn,STL-LSTM (full),79,30212.489776611328,1.6677625387901411
fog_MC,tot_rev_gn,STL-LSTM (full),80,176787.49308547378,16.423718591379302
fog_MC,tot_rev_gn,STL-LSTM (full),81,333788.5742123127,32.92610007242144
fog_MC,tot_rev_gn,STL-LSTM (full),82,279559.5004106164,15.92991760389308
fog_MC,tot_rev_gn,STL-LSTM (full),83,43135.50335562229,5.524308982828202
fog_MC,tot_rev_gn,STL-LSTM (full),84,192812.41798838973,17.176636472015073
fog_MC,tot_rev_gn,STL-LSTM (full),85,8421.252129465342,19.62692689180526
fog_MC,tot_rev_gn,STL-LSTM (full),86,961559.4777531028,5.6095967605843615
fog_MC,tot_rev_gn,STL-LSTM (full),87,424317.50078976154,32.585596590064284
fog_MC,tot_rev_gn,STL-LSTM (full),88,52026.23218981922,3.1617814535374587
fog_MC,tot_rev_gn,STL-LSTM (full),89,29208.491484880447,6.076844900571203
fog_MC,tot_rev_gn,STL-LSTM (full),90,637137.4718095362,33.27634712379901
fog_MC,tot_rev_gn,STL-LSTM (full),92,84494.52466589212,12.698959366641269
fog_MC,tot_rev_gn,STL-LSTM (full),93,3712.254295527935,0.5902406346323198
fog_MC,tot_rev_gn,STL-LSTM (full),95,290431.4966379702,9.233411781582127
fog_MC,tot_rev_gn,STL-LSTM (full),96,105976.23771128058,4.668396071087801
fog_MC,tot_rev_gn,STL-LSTM (full),97,442115.5190190375,7.149871179465467
fog_MC,tot_rev_gn,STL-LSTM (full),99,91064.52657723427,3.9450620068272024
fog_MC,tot_rev_gn,STL-LSTM (full),101,26361.24122007191,6.310719847724005
fog_MC,tot_rev_gn,STL-LSTM (full),103,843.2363628894091,0.4875928648884528
fog_MC,tot_rev_gn,STL-LSTM (full),104,484289.7558096945,6.513718343395223
fog_MC,tot_rev_gn,STL-LSTM (full),105,23784.49800604582,1.2228903067502812
fog_MC,tot_rev_gn,STL-LSTM (full),107,8420.491720288992,8.829450142804832
fog_MC,tot_rev_gn,STL-LSTM (full),108,103554.4193777442,7.675273276550108
fog_MC,tot_rev_gn,STL-LSTM (full),110,264250.53382620215,4.244572061369094
fog_MC,tot_rev_gn,STL-LSTM (full),111,68262.50357231498,4.856637418397177
fog_MC,tot_rev_gn,STL-LSTM (full),113,745066.5087758601,2.08774392188519
fog_MC,tot_rev_gn,STL-LSTM (full),115,400081.5213801861,1.6472902488554892
fog_MC,tot_rev_gn,STL-LSTM (full),116,5214847.51654157,8.603252100879912
fog_MC,tot_rev_gn,STL-LSTM (full),117,1282200.4922058582,3.4137104961191267
fog_MC,tot_rev_gn,STL-LSTM (full),118,237936.24637253582,9.618139762518187
fog_MC,tot_rev_gn,STL-LSTM (full),119,277867.5125962794,2.903331631122446
fog_MC,tot_rev_gn,STL-LSTM (full),120,280050.5014477372,1.1482377342303682
fog_MC,tot_rev_gn,STL-LSTM (full),121,35521.76159238815,2.861680846631784
fog_MC,tot_rev_gn,STL-LSTM (full),123,10583.754216313362,0.7262771270059387
fog_MC,tot_rev_gn,STL-LSTM (full),124,120745.50163185596,21.5637471698713
fog_MC,tot_rev_gn,STL-LSTM (full),128,2004332.5073575974,6.264215083110633
fog_MC,tot_rev_gn,STL-LSTM (full),129,276942.5169931948,5.0883953189271285
fog_MC,tot_rev_gn,STL-LSTM (full),130,3728212.5076274276,3.411112309544473
fog_MC,tot_rev_gn,STL-LSTM (full),131,71192.489798069,8.223545815734358
fog_MC,tot_rev_gn,STL-LSTM (full),132,842050.5590993762,7.465428850881158
fog_MC,tot_rev_gn,STL-LSTM (full),134,168361.49697327614,2.022106922669112
fog_MC,tot_rev_gn,STL-LSTM (full),137,802007.5235931277,3.7209088189621076
fog_MC,tot_rev_gn,STL-LSTM (full),139,141286.2427752465,18.55167536205014
fog_MC,tot_rev_gn,STL-LSTM (full),140,149589.4921361804,4.535317279309898
fog_MC,tot_rev_gn,STL-LSTM (full),141,28846.77275390923,13.038171078919039
fog_MC,tot_rev_gn,STL-LSTM (full),142,135236.2488066405,14.692100497591953
fog_MC,tot_rev_gn,STL-LSTM (full),144,197034.5061442256,5.1268602524543905
fog_MC,tot_rev_gn,STL-LSTM (full),145,59698.23936744034,4.3277528213016385
fog_MC,tot_rev_gn,STL-LSTM (full),146,50409.51278465986,0.46446590973486374
fog_MC,tot_rev_gn,STL-LSTM (full),147,9174.483489215374,0.7538059422925997
fog_MC,tot_rev_gn,STL-LSTM (full),148,27747.492624938488,3.861247318862182
fog_MC,tot_rev_gn,STL-LSTM (full),149,164486.49656638503,14.400492792365604
fog_MC,tot_rev_gn,STL-LSTM (full),150,328100.75289306045,34.760720994167556
fog_MC,tot_rev_gn,STL-LSTM (full),151,293554.58199596405,35.09727776303219
fog_MC,tot_rev_gn,STL-LSTM (full),152,163654.76010735333,5.219925144851348
fog_MC,tot_rev_gn,STL-LSTM (full),153,8345.51256236434,0.5946167228594212
fog_MC,tot_rev_gn,STL-LSTM (full),154,17159.753377124667,1.8232360921901496
fog_MC,tot_rev_gn,STL-LSTM (full),155,65602.51750046015,4.776526162102391
fog_MC,tot_rev_gn,STL-LSTM (full),156,105996.50619539618,4.236371601051581
fog_MC,tot_rev_gn,STL-LSTM (full),157,267550.4941485524,13.15452106401797
fog_MC,tot_rev_gn,STL-LSTM (full),160,38790.50576725602,0.09443238866973173
fog_MC,tot_rev_gn,STL-LSTM (full),162,786666.416215837,12.607257455445389
fog_MC,tot_rev_gn,STL-LSTM (full),163,59101.49906975031,0.5706458030503095
fog_MC,tot_rev_gn,STL-LSTM (full),166,55695.76156525314,15.819418387647428
fog_MC,tot_rev_gn,STL-LSTM (full),168,192175.4770923555,14.532911186640668
fog_MC,tot_rev_gn,STL-LSTM (full),169,196549.49182397127,19.30436746978673
fog_MC,tot_rev_gn,STL-LSTM (full),170,34806.48407110572,4.954157242511268
fog_MC,tot_rev_gn,STL-LSTM (full),171,23477.23625457287,3.480390054707351
fog_MC,tot_rev_gn,STL-LSTM (full),172,204571.7606973201,7.143342335916674
fog_MC,tot_rev_gn,STL-LSTM (full),173,150891.4868823588,12.342581809851481
fog_MC,tot_rev_gn,STL-LSTM (full),174,162170.26989212632,24.01885092392278
fog_MC,tot_rev_gn,STL-LSTM (full),175,623130.4701180458,6.641777697805976
fog_MC,tot_rev_gn,STL-LSTM (full),176,141484.42963251472,8.026751167113147
fog_MC,tot_rev_gn,STL-LSTM (full),177,63136.24908192456,9.77427372213183
fog_MC,tot_rev_gn,STL-LSTM (full),178,2922790.475354433,20.0272784358866
fog_MC,tot_rev_gn,STL-LSTM (full),180,241343.50770449638,2.878743777052205
fog_MC,tot_rev_gn,STL-LSTM (full),181,214208.5228920877,3.7357668098729526
fog_MC,tot_rev_gn,STL-LSTM (full),182,196099.5108526647,0.6043992776238228
fog_MC,tot_rev_gn,STL-LSTM (full),186,197281.49747529626,8.936276069771706
fog_MC,tot_rev_gn,STL-LSTM (full),187,274186.5084181726,17.096237575679623
fog_MC,tot_rev_gn,STL-LSTM (full),188,139646.51912346482,10.37078389485118
fog_MC,tot_rev_gn,STL-LSTM (full),189,2907291.7675779313,68.63871675268669
fog_MC,tot_rev_gn,STL-LSTM (full),190,44360.48167309165,8.830219181978414
fog_MC,tot_rev_gn,STL-LSTM (full),192,412547.5091237426,4.814554751721743
fog_MC,tot_rev_gn,STL-LSTM (full),193,765492.5175423622,7.710543840837388
fog_MC,tot_rev_gn,STL-LSTM (full),196,1053168.475673288,9.933309879961403
fog_MC,tot_rev_gn,STL-LSTM (full),198,206279.49045190215,34.46454015585037
fog_MC,tot_rev_gn,STL-LSTM (full),199,896399.505556345,4.51161827622484
fog_MC,tot_rev_gn,STL-LSTM (full),200,45870.23578996956,7.459786468573011
fog_MC,tot_rev_gn,STL-LSTM (full),202,158112.5046070218,4.547767803236732
fog_MC,tot_rev_gn,STL-LSTM (full),204,536532.5107726157,30.75728782042489
fog_MC,tot_rev_gn,STL-LSTM (full),206,218150.51110172272,5.635196005721482
fog_MC,tot_rev_gn,STL-LSTM (full),207,110075.48936399817,11.74142630237463
fog_MC,tot_rev_gn,STL-LSTM (full),209,16133.511615931988,0.529587255471143
fog_MC,tot_rev_gn,STL-LSTM (full),212,1370556.2336527854,18.125638685697858
fog_MC,tot_rev_gn,STL-LSTM (full),213,35502.251979768276,4.90193245479175
fog_MC,tot_rev_gn,STL-LSTM (full),214,49618.4968867898,6.902475483171648
fog_MC,tot_rev_gn,STL-LSTM (full),216,251329.75823540986,51.18835339981537
fog_MC,tot_rev_gn,STL-LSTM (full),217,62028.42575806379,11.656472100958744
fog_MC,tot_rev_gn,STL-LSTM (full),218,428844.75740742683,8.980670360005155
fog_MC,tot_rev_gn,STL-LSTM (full),221,126041.50021493435,34.61435217370005
fog_MC,tot_rev_gn,STL-LSTM (full),223,2895142.752190441,12.490059348647954
fog_MC,tot_rev_gn,STL-LSTM (full),226,268052.5071209967,4.027622232167602
fog_MC,tot_rev_gn,STL-LSTM (full),228,1217661.508975327,49.17433953566422
fog_MC,tot_rev_gn,STL-LSTM (full),229,4776949.495379388,2.934500114859737
fog_MC,tot_rev_gn,STL-LSTM (full),230,257019.49119243026,13.45558974060221
fog_MC,tot_rev_gn,STL-LSTM (full),231,681304.4872590005,42.82673374995478
fog_MC,tot_rev_gn,STL-LSTM (full),234,98233.48842716217,16.63573751926249
fog_MC,tot_rev_gn,STL-LSTM (full),235,1139464.5168240666,3.4168943462289034
fog_MC,tot_rev_gn,STL-LSTM (full),236,423585.52256146073,1.9215371714903142
fog_MC,tot_rev_gn,STL-LSTM (full),237,177300.48825615644,7.219847672225531
fog_MC,tot_rev_gn,STL-LSTM (full),239,2343458.758066654,7.717300537015653
fog_MC,tot_rev_gn,STL-LSTM (full),241,109035.24527020752,11.90702966655357
fog_MC,tot_rev_gn,STL-LSTM (full),242,3432984.5025685728,19.309037908312483
fog_MC,tot_rev_gn,STL-LSTM (full),244,1009791.5105420053,2.5854934322193115
fog_MC,tot_rev_gn,STL-LSTM (full),245,97719.58824300766,7.206304098715968
fog_MC,tot_rev_gn,STL-LSTM (full),246,67739.49562439322,1.4837563048334728
fog_MC,tot_rev_gn,STL-LSTM (full),247,212859.75395850837,2.295020708528437
fog_MC,tot_rev_gn,STL-LSTM (full),248,153244.57494860888,4.781413472983951
fog_MC,tot_rev_gn,STL-LSTM (full),249,41003.242767855525,6.798942850278634
fog_MC,tot_rev_gn,STL-LSTM (full),250,176423.4864219725,3.641269902748392
fog_MC,tot_rev_gn,STL-LSTM (full),251,6108.750654026866,0.12081163864487647
fog_MC,tot_rev_gn,STL-LSTM (full),253,64787.24844112992,16.130570943972206
fog_MC,tot_rev_gn,STL-LSTM (full),254,121255.49281558394,5.051327725483425
fog_MC,tot_rev_gn,STL-LSTM (full),255,138664.50989088416,5.926541027769139
fog_MC,tot_rev_gn,STL-LSTM (full),256,258532.50106868148,2.8444780845952087
fog_MC,tot_rev_gn,STL-LSTM (full),257,8266.502053499222,0.04448280773516337
fog_MC,tot_rev_gn,STL-LSTM (full),259,1403916.5095284581,10.26572279541902
fog_MC,tot_rev_gn,STL-LSTM (full),261,212018.50066423416,0.9149939223154137
fog_MC,tot_rev_gn,STL-LSTM (full),262,1339166.4871951938,18.456330737079803
fog_MC,tot_rev_gn,STL-LSTM (full),263,123737.47280654311,3.0421157671163246
fog_MC,tot_rev_gn,STL-LSTM (full),264,276845.51158571243,42.97914062455164
fog_MC,tot_rev_gn,STL-LSTM (full),265,504132.49009147286,3.8809059763600864
fog_MC,tot_rev_gn,STL-LSTM (full),266,16513.483562856913,4.755328336735505
fog_MC,tot_rev_gn,STL-LSTM (full),267,196552.4676528871,6.999599056213454
fog_MC,tot_rev_gn,STL-LSTM (full),269,1630150.7582635134,6.44704875161808
fog_MC,tot_rev_gn,STL-LSTM (full),270,8224260.748706043,3.960015284832706
fog_MC,tot_rev_gn,STL-LSTM (full),272,97913.50426095724,3.0235720150197594
fog_MC,tot_rev_gn,STL-LSTM (full),273,446738.4946581125,14.624188187869391
fog_MC,tot_rev_gn,STL-LSTM (full),274,13608.493897259235,1.2534861072172296
fog_MC,tot_rev_gn,MTL-LSTM (full),1,4423068.089144327,8.328995032737481
fog_MC,tot_rev_gn,MTL-LSTM (full),4,3335527.758660838,12.022487628811215
fog_MC,tot_rev_gn,MTL-LSTM (full),5,68414.04172307253,3.326516787780917
fog_MC,tot_rev_gn,MTL-LSTM (full),7,84309.73747557402,2.150213852795854
fog_MC,tot_rev_gn,MTL-LSTM (full),8,25449.027870977297,2.902924911242285
fog_MC,tot_rev_gn,MTL-LSTM (full),9,66722.05729044601,7.882723878343992
fog_MC,tot_rev_gn,MTL-LSTM (full),11,29037.785136014223,2.646448711047287
fog_MC,tot_rev_gn,MTL-LSTM (full),13,1677814.7313453853,3.907616598487311
fog_MC,tot_rev_gn,MTL-LSTM (full),14,22905.21677160263,2.741079464314146
fog_MC,tot_rev_gn,MTL-LSTM (full),15,491484.8236435652,11.036189015723416
fog_MC,tot_rev_gn,MTL-LSTM (full),16,1839167.8556657135,14.95213450047634
fog_MC,tot_rev_gn,MTL-LSTM (full),17,316110.7040641308,15.181247043791116
fog_MC,tot_rev_gn,MTL-LSTM (full),18,130378.98782457132,3.7542809399372703
fog_MC,tot_rev_gn,MTL-LSTM (full),19,51086.84112867713,5.916289730743305
fog_MC,tot_rev_gn,MTL-LSTM (full),21,618977.898151353,15.390086498708715
fog_MC,tot_rev_gn,MTL-LSTM (full),22,246524.90180431306,8.428805333782075
fog_MC,tot_rev_gn,MTL-LSTM (full),26,19711.776450827718,4.242274676917247
fog_MC,tot_rev_gn,MTL-LSTM (full),27,182053.09602825344,0.40033858374992415
fog_MC,tot_rev_gn,MTL-LSTM (full),28,506508.165405944,2.6021635228373667
fog_MC,tot_rev_gn,MTL-LSTM (full),29,113517.99070930853,0.39048753440543654
fog_MC,tot_rev_gn,MTL-LSTM (full),30,1062229.1768138707,2.260182665728451
fog_MC,tot_rev_gn,MTL-LSTM (full),32,92772.22717364132,0.3152289074231341
fog_MC,tot_rev_gn,MTL-LSTM (full),33,493833.9705389645,2.9276860315272026
fog_MC,tot_rev_gn,MTL-LSTM (full),36,493718.23501737416,14.812467863844262
fog_MC,tot_rev_gn,MTL-LSTM (full),37,422674.8936400637,2.0247840465748266
fog_MC,tot_rev_gn,MTL-LSTM (full),39,207621.1718455255,0.7751158786644157
fog_MC,tot_rev_gn,MTL-LSTM (full),40,684975.0087262131,4.204404288965905
fog_MC,tot_rev_gn,MTL-LSTM (full),41,753563.064777039,6.270592253817051
fog_MC,tot_rev_gn,MTL-LSTM (full),43,171882.95381321013,1.3608839251510538
fog_MC,tot_rev_gn,MTL-LSTM (full),45,189125999.98887253,4.110748466106121
fog_MC,tot_rev_gn,MTL-LSTM (full),46,480910.1177315712,9.088107479337895
fog_MC,tot_rev_gn,MTL-LSTM (full),47,7299.111909247935,0.737542129296669
fog_MC,tot_rev_gn,MTL-LSTM (full),49,704629.9478288814,18.15922724680133
fog_MC,tot_rev_gn,MTL-LSTM (full),50,250053.0222353004,3.693675498385733
fog_MC,tot_rev_gn,MTL-LSTM (full),53,109105.04172770306,5.542678193013917
fog_MC,tot_rev_gn,MTL-LSTM (full),55,371359.0368856117,8.257659281561489
fog_MC,tot_rev_gn,MTL-LSTM (full),56,260173.99178236164,13.364042777084142
fog_MC,tot_rev_gn,MTL-LSTM (full),57,397675.81500568986,2.0450461701704303
fog_MC,tot_rev_gn,MTL-LSTM (full),65,155230.94058693573,8.872806252866226
fog_MC,tot_rev_gn,MTL-LSTM (full),67,39195.07986803353,17.42549239176474
fog_MC,tot_rev_gn,MTL-LSTM (full),69,40137.44452300668,4.879874782835167
fog_MC,tot_rev_gn,MTL-LSTM (full),70,549906.7811698467,10.905887931673162
fog_MC,tot_rev_gn,MTL-LSTM (full),71,415284.0485107191,17.619679653049214
fog_MC,tot_rev_gn,MTL-LSTM (full),72,1250726.0087987361,39.3110172302103
fog_MC,tot_rev_gn,MTL-LSTM (full),74,150723.10235933214,8.86669828587076
fog_MC,tot_rev_gn,MTL-LSTM (full),75,18632.756218791008,12.502153135467514
fog_MC,tot_rev_gn,MTL-LSTM (full),76,192612.1176636368,15.134870148425355
fog_MC,tot_rev_gn,MTL-LSTM (full),78,1207635.0235669613,8.896959149536887
fog_MC,tot_rev_gn,MTL-LSTM (full),79,30212.033949948847,1.6677375864780932
fog_MC,tot_rev_gn,MTL-LSTM (full),80,176787.1426565349,16.423688709592373
fog_MC,tot_rev_gn,MTL-LSTM (full),81,333788.9759561997,32.9261462261031
fog_MC,tot_rev_gn,MTL-LSTM (full),82,279559.2340565473,15.929903635326129
fog_MC,tot_rev_gn,MTL-LSTM (full),83,43135.309725254774,5.524284869789549
fog_MC,tot_rev_gn,MTL-LSTM (full),84,192812.07484792173,17.176608528770753
fog_MC,tot_rev_gn,MTL-LSTM (full),85,8421.236833766103,19.626894741377438
fog_MC,tot_rev_gn,MTL-LSTM (full),86,961559.1515498012,5.60959491093813
fog_MC,tot_rev_gn,MTL-LSTM (full),87,424317.32277309895,32.58558514658097
fog_MC,tot_rev_gn,MTL-LSTM (full),88,52026.1277615428,3.1617752074648737
fog_MC,tot_rev_gn,MTL-LSTM (full),89,29208.076105691493,6.076761106436874
fog_MC,tot_rev_gn,MTL-LSTM (full),90,637136.9874155344,33.276326034189864
fog_MC,tot_rev_gn,MTL-LSTM (full),92,84494.98756449204,12.699033354584419
fog_MC,tot_rev_gn,MTL-LSTM (full),93,3711.990818472579,0.590198865957941
fog_MC,tot_rev_gn,MTL-LSTM (full),95,290431.13162119687,9.233400712702739
fog_MC,tot_rev_gn,MTL-LSTM (full),96,105976.1332257092,4.668391575794326
fog_MC,tot_rev_gn,MTL-LSTM (full),97,442115.85596099496,7.149876823273531
fog_MC,tot_rev_gn,MTL-LSTM (full),99,91065.13129067421,3.9450887207382954
fog_MC,tot_rev_gn,MTL-LSTM (full),101,26360.91483925283,6.3106441795188175
fog_MC,tot_rev_gn,MTL-LSTM (full),103,843.184625774622,0.4875630213579506
fog_MC,tot_rev_gn,MTL-LSTM (full),104,484289.912097238,6.513720513931124
fog_MC,tot_rev_gn,MTL-LSTM (full),105,23784.041997026652,1.2228670042043825
fog_MC,tot_rev_gn,MTL-LSTM (full),107,8420.090950205922,8.829048459847165
fog_MC,tot_rev_gn,MTL-LSTM (full),108,103553.9147388637,7.675237308977648
fog_MC,tot_rev_gn,MTL-LSTM (full),110,264250.9991131872,4.24457969374034
fog_MC,tot_rev_gn,MTL-LSTM (full),111,68262.95670262352,4.856670439889429
fog_MC,tot_rev_gn,MTL-LSTM (full),113,745066.8537540138,2.0877448986359584
fog_MC,tot_rev_gn,MTL-LSTM (full),115,400081.8573665023,1.6472916436352034
fog_MC,tot_rev_gn,MTL-LSTM (full),116,5214847.551748276,8.603252161461059
fog_MC,tot_rev_gn,MTL-LSTM (full),117,1282199.8271827102,3.413708755792582
fog_MC,tot_rev_gn,MTL-LSTM (full),118,237935.89950015396,9.618126415145074
fog_MC,tot_rev_gn,MTL-LSTM (full),119,277867.7104407847,2.9033337283330862
fog_MC,tot_rev_gn,MTL-LSTM (full),120,280050.33127212524,1.148237040497564
fog_MC,tot_rev_gn,MTL-LSTM (full),121,35522.20342242718,2.8617169503592406
fog_MC,tot_rev_gn,MTL-LSTM (full),123,10583.877134539187,0.7262855925165167
fog_MC,tot_rev_gn,MTL-LSTM (full),124,120744.91375009716,21.563653500720562
fog_MC,tot_rev_gn,MTL-LSTM (full),128,2004332.900725983,6.264216351025925
fog_MC,tot_rev_gn,MTL-LSTM (full),129,276942.99019872677,5.088404234559096
fog_MC,tot_rev_gn,MTL-LSTM (full),130,3728212.881820157,3.4111126577497783
fog_MC,tot_rev_gn,MTL-LSTM (full),131,71192.1812504977,8.223511640426677
fog_MC,tot_rev_gn,MTL-LSTM (full),132,842050.9668295607,7.465432600656132
fog_MC,tot_rev_gn,MTL-LSTM (full),134,168361.79382054508,2.0221105240023003
fog_MC,tot_rev_gn,MTL-LSTM (full),137,802008.0057586022,3.7209110975842266
fog_MC,tot_rev_gn,MTL-LSTM (full),139,141285.91944555938,18.55163684509915
fog_MC,tot_rev_gn,MTL-LSTM (full),140,149589.16122856736,4.535307474217947
fog_MC,tot_rev_gn,MTL-LSTM (full),141,28846.82353693247,13.038195528165197
fog_MC,tot_rev_gn,MTL-LSTM (full),142,135235.9133309424,14.692066728774167
fog_MC,tot_rev_gn,MTL-LSTM (full),144,197035.4012490809,5.126884140228871
fog_MC,tot_rev_gn,MTL-LSTM (full),145,59698.17236068845,4.327748068838697
fog_MC,tot_rev_gn,MTL-LSTM (full),146,50410.06313596666,0.46447099236798717
fog_MC,tot_rev_gn,MTL-LSTM (full),147,9173.916288390756,0.7537595148323594
fog_MC,tot_rev_gn,MTL-LSTM (full),148,27746.888523183763,3.861164877042642
fog_MC,tot_rev_gn,MTL-LSTM (full),149,164486.0675580576,14.4004579377955
fog_MC,tot_rev_gn,MTL-LSTM (full),150,328100.846180439,34.76073259528701
fog_MC,tot_rev_gn,MTL-LSTM (full),151,293555.18679361045,35.09736276175956
fog_MC,tot_rev_gn,MTL-LSTM (full),152,163654.96920870803,5.219931988410469
fog_MC,tot_rev_gn,MTL-LSTM (full),153,8345.649808466434,0.5946265307005468
fog_MC,tot_rev_gn,MTL-LSTM (full),154,17159.7840590477,1.8232393818850428
fog_MC,tot_rev_gn,MTL-LSTM (full),155,65602.90792264044,4.776555267690216
fog_MC,tot_rev_gn,MTL-LSTM (full),156,105997.0442112051,4.2363935594505655
fog_MC,tot_rev_gn,MTL-LSTM (full),157,267550.1196527928,13.154503862418707
fog_MC,tot_rev_gn,MTL-LSTM (full),160,38790.986830189824,0.09443356033198884
fog_MC,tot_rev_gn,MTL-LSTM (full),162,786665.9966319045,12.607251154994264
fog_MC,tot_rev_gn,MTL-LSTM (full),163,59101.032413136214,0.5706413101720235
fog_MC,tot_rev_gn,MTL-LSTM (full),166,55695.866034045815,15.819450407219824
fog_MC,tot_rev_gn,MTL-LSTM (full),168,192175.21417424083,14.53289274871484
fog_MC,tot_rev_gn,MTL-LSTM (full),169,196549.2960115075,19.30435009411175
fog_MC,tot_rev_gn,MTL-LSTM (full),170,34806.226087242365,4.954121432129152
fog_MC,tot_rev_gn,MTL-LSTM (full),171,23476.76391801238,3.480321251519429
fog_MC,tot_rev_gn,MTL-LSTM (full),172,204572.00250456622,7.143351081043129
fog_MC,tot_rev_gn,MTL-LSTM (full),173,150891.10073311627,12.342552172985684
fog_MC,tot_rev_gn,MTL-LSTM (full),174,162170.07881100476,24.018826021879487
fog_MC,tot_rev_gn,MTL-LSTM (full),175,623130.0846712738,6.641773725868365
fog_MC,tot_rev_gn,MTL-LSTM (full),176,141483.98276521638,8.026726832721145
fog_MC,tot_rev_gn,MTL-LSTM (full),177,63135.9890717892,9.77423543654219
fog_MC,tot_rev_gn,MTL-LSTM (full),178,2922789.9937005006,20.027275466026044
fog_MC,tot_rev_gn,MTL-LSTM (full),180,241343.07793734968,2.878738724578309
fog_MC,tot_rev_gn,MTL-LSTM (full),181,214208.94915382192,3.7357743826759506
fog_MC,tot_rev_gn,MTL-LSTM (full),182,196099.84650838375,0.6044003152763235
fog_MC,tot_rev_gn,MTL-LSTM (full),186,197281.00551170995,8.936254780957546
fog_MC,tot_rev_gn,MTL-LSTM (full),187,274187.03225976974,17.09627303062472
fog_MC,tot_rev_gn,MTL-LSTM (full),188,139647.03029364906,10.370823825144086
fog_MC,tot_rev_gn,MTL-LSTM (full),189,2907291.8918246254,68.6387206927572
fog_MC,tot_rev_gn,MTL-LSTM (full),190,44359.92732396722,8.830113707330915
fog_MC,tot_rev_gn,MTL-LSTM (full),192,412547.8344934732,4.814558640293671
fog_MC,tot_rev_gn,MTL-LSTM (full),193,765492.7610595971,7.710546388267729
fog_MC,tot_rev_gn,MTL-LSTM (full),196,1053168.0334496163,9.933305916139396
fog_MC,tot_rev_gn,MTL-LSTM (full),198,206278.9990600109,34.46447220331798
fog_MC,tot_rev_gn,MTL-LSTM (full),199,896399.8318121433,4.511619955326422
fog_MC,tot_rev_gn,MTL-LSTM (full),200,45869.93678030372,7.4597396549546415
fog_MC,tot_rev_gn,MTL-LSTM (full),202,158112.93012671173,4.547780320705043
fog_MC,tot_rev_gn,MTL-LSTM (full),204,536533.0140068056,30.75732110535323
fog_MC,tot_rev_gn,MTL-LSTM (full),206,218149.91663007438,5.635181082190174
fog_MC,tot_rev_gn,MTL-LSTM (full),207,110075.03674031422,11.741380856718303
fog_MC,tot_rev_gn,MTL-LSTM (full),209,16134.070203959942,0.5296056398409158
fog_MC,tot_rev_gn,MTL-LSTM (full),212,1370556.1039845198,18.125637126247156
fog_MC,tot_rev_gn,MTL-LSTM (full),213,35501.847979456186,4.901878040094858
fog_MC,tot_rev_gn,MTL-LSTM (full),214,49619.02119213715,6.902550937021839
fog_MC,tot_rev_gn,MTL-LSTM (full),216,251329.83242961764,51.1883723785295
fog_MC,tot_rev_gn,MTL-LSTM (full),217,62027.91412932426,11.656381558514267
fog_MC,tot_rev_gn,MTL-LSTM (full),218,428844.6713832915,8.980668477634755
fog_MC,tot_rev_gn,MTL-LSTM (full),221,126040.98914166074,34.61423611065987
fog_MC,tot_rev_gn,MTL-LSTM (full),223,2895142.881766103,12.490059942566079
fog_MC,tot_rev_gn,MTL-LSTM (full),226,268052.94405194,4.027628929481355
fog_MC,tot_rev_gn,MTL-LSTM (full),228,1217661.9317941666,49.17436080919837
fog_MC,tot_rev_gn,MTL-LSTM (full),229,4776949.883727789,2.9345003569241204
fog_MC,tot_rev_gn,MTL-LSTM (full),230,257018.92887592316,13.45556228254418
fog_MC,tot_rev_gn,MTL-LSTM (full),231,681303.9017653018,42.826704826864564
fog_MC,tot_rev_gn,MTL-LSTM (full),234,98233.12876476347,16.635681677082825
fog_MC,tot_rev_gn,MTL-LSTM (full),235,1139465.0407806858,3.416895944252188
fog_MC,tot_rev_gn,MTL-LSTM (full),236,423585.83713042736,1.921538612199114
fog_MC,tot_rev_gn,MTL-LSTM (full),237,177300.15903191268,7.219834749852774
fog_MC,tot_rev_gn,MTL-LSTM (full),239,2343458.962808393,7.717301237272174
fog_MC,tot_rev_gn,MTL-LSTM (full),241,109035.03057972156,11.907007617398595
fog_MC,tot_rev_gn,MTL-LSTM (full),242,3432984.9406455234,19.309040610190483
fog_MC,tot_rev_gn,MTL-LSTM (full),244,1009791.8371608406,2.585494279312714
fog_MC,tot_rev_gn,MTL-LSTM (full),245,97719.87153169513,7.206325742500557
fog_MC,tot_rev_gn,MTL-LSTM (full),246,67739.09644313902,1.4837476260904454
fog_MC,tot_rev_gn,MTL-LSTM (full),247,212859.89050753415,2.295022197672997
fog_MC,tot_rev_gn,MTL-LSTM (full),248,153244.95508943126,4.78142561738969
fog_MC,tot_rev_gn,MTL-LSTM (full),249,41003.31625777483,6.798954621741392
fog_MC,tot_rev_gn,MTL-LSTM (full),250,176423.2025165558,3.641264149801277
fog_MC,tot_rev_gn,MTL-LSTM (full),251,6108.953900959343,0.12081566065023429
fog_MC,tot_rev_gn,MTL-LSTM (full),253,64787.21727542579,16.130563810241743
fog_MC,tot_rev_gn,MTL-LSTM (full),254,121254.64723977447,5.051293389693943
fog_MC,tot_rev_gn,MTL-LSTM (full),255,138664.92761611938,5.926559410458751
fog_MC,tot_rev_gn,MTL-LSTM (full),256,258532.9054249525,2.844482596758738
fog_MC,tot_rev_gn,MTL-LSTM (full),257,8267.080636188388,0.0444859218343339
fog_MC,tot_rev_gn,MTL-LSTM (full),259,1403916.783116892,10.265724898637911
fog_MC,tot_rev_gn,MTL-LSTM (full),261,212018.86424820125,0.9149954985887551
fog_MC,tot_rev_gn,MTL-LSTM (full),262,1339166.1001662835,18.45632589529678
fog_MC,tot_rev_gn,MTL-LSTM (full),263,123737.02867552638,3.042105014132374
fog_MC,tot_rev_gn,MTL-LSTM (full),264,276845.97118374705,42.979227308274396
fog_MC,tot_rev_gn,MTL-LSTM (full),265,504132.16257563233,3.880903504006218
fog_MC,tot_rev_gn,MTL-LSTM (full),266,16513.06330178678,4.755210193073042
fog_MC,tot_rev_gn,MTL-LSTM (full),267,196552.17981562018,6.999589164536525
fog_MC,tot_rev_gn,MTL-LSTM (full),269,1630150.9241573587,6.447049428857364
fog_MC,tot_rev_gn,MTL-LSTM (full),270,8224260.883384466,3.960015350964919
fog_MC,tot_rev_gn,MTL-LSTM (full),272,97912.93693895638,3.0235547609460522
fog_MC,tot_rev_gn,MTL-LSTM (full),273,446738.9010582641,14.624202464343119
fog_MC,tot_rev_gn,MTL-LSTM (full),274,13608.895196892321,1.2535233028302943
fog_MC,tot_exp_gn,ARIMA,1,1971731.0254916325,5.068527123352936
fog_MC,tot_exp_gn,ARIMA,4,2694961.0,13.695120109084863
fog_MC,tot_exp_gn,ARIMA,5,16115426.215871146,200.0
fog_MC,tot_exp_gn,ARIMA,7,7877.140279602259,0.2052026134154311
fog_MC,tot_exp_gn,ARIMA,8,129535.13840856531,18.20905578361965
fog_MC,tot_exp_gn,ARIMA,9,290764.7344603671,28.523953982538092
fog_MC,tot_exp_gn,ARIMA,11,22732.02783262753,3.1439951689633574
fog_MC,tot_exp_gn,ARIMA,13,8972658.158312596,20.313322334863972
fog_MC,tot_exp_gn,ARIMA,14,153319.02177320642,23.72120205862101
fog_MC,tot_exp_gn,ARIMA,15,924619.0,23.665511783050636
fog_MC,tot_exp_gn,ARIMA,16,2663583.7363226973,25.794665909588904
fog_MC,tot_exp_gn,ARIMA,17,591611.0,29.24059157223332
fog_MC,tot_exp_gn,ARIMA,18,561378.2137696724,14.818181975811218
fog_MC,tot_exp_gn,ARIMA,19,2006389.7502440533,200.0
fog_MC,tot_exp_gn,ARIMA,21,331865.9602401345,9.850679905603828
fog_MC,tot_exp_gn,ARIMA,22,270646.213253404,21.90142776848126
fog_MC,tot_exp_gn,ARIMA,26,51165.0,8.93940545484565
fog_MC,tot_exp_gn,ARIMA,27,7026429.818618797,10.6199888050876
fog_MC,tot_exp_gn,ARIMA,28,2009114.9310327247,9.578982634019205
fog_MC,tot_exp_gn,ARIMA,29,1438708.8784511648,5.96595331485589
fog_MC,tot_exp_gn,ARIMA,30,9159832.90611127,20.292024836396845
fog_MC,tot_exp_gn,ARIMA,32,219766.4740309231,0.764934908023634
fog_MC,tot_exp_gn,ARIMA,33,15326356.0,200.0
fog_MC,tot_exp_gn,ARIMA,36,3733.466290208511,0.11100204208733094
fog_MC,tot_exp_gn,ARIMA,37,1443707.0621228702,6.751249762915503
fog_MC,tot_exp_gn,ARIMA,39,116519.89189845696,0.46689021873337916
fog_MC,tot_exp_gn,ARIMA,40,599243.3517307751,4.3495800340862845
fog_MC,tot_exp_gn,ARIMA,41,806879.643869508,6.870622308426586
fog_MC,tot_exp_gn,ARIMA,43,2797835.0,28.399020429773163
fog_MC,tot_exp_gn,ARIMA,45,201052882.51554108,4.0622255100218725
fog_MC,tot_exp_gn,ARIMA,46,9498.142845030874,0.1571733020109209
fog_MC,tot_exp_gn,ARIMA,47,30477.807725374238,3.158953520076161
fog_MC,tot_exp_gn,ARIMA,49,392604.0,12.464430224824156
fog_MC,tot_exp_gn,ARIMA,50,1172823.4362984654,14.676327358436675
fog_MC,tot_exp_gn,ARIMA,53,260548.0090245814,12.056206718146012
fog_MC,tot_exp_gn,ARIMA,55,3057828.5623186515,59.89002046138325
fog_MC,tot_exp_gn,ARIMA,56,2632227.906518884,38.46692086684156
fog_MC,tot_exp_gn,ARIMA,57,3313610.0462523717,23.674668429739793
fog_MC,tot_exp_gn,ARIMA,65,388469.0,30.774977352641653
fog_MC,tot_exp_gn,ARIMA,67,194237.66152360896,65.11927441675402
fog_MC,tot_exp_gn,ARIMA,69,320259.3729863099,40.91358185922177
fog_MC,tot_exp_gn,ARIMA,70,1168600.897667707,25.29822177023516
fog_MC,tot_exp_gn,ARIMA,71,68105.66012886539,2.580187118607171
fog_MC,tot_exp_gn,ARIMA,72,972071.4637771198,41.26770727304917
fog_MC,tot_exp_gn,ARIMA,74,1983129.0,200.0
fog_MC,tot_exp_gn,ARIMA,75,16475.009671172797,12.985485664030563
fog_MC,tot_exp_gn,ARIMA,76,287153.71554627176,19.459616333633747
fog_MC,tot_exp_gn,ARIMA,78,678212.4649630636,5.790123005857863
fog_MC,tot_exp_gn,ARIMA,79,670969.6238787735,35.612999010898235
fog_MC,tot_exp_gn,ARIMA,80,149579.06372185354,18.307827453331708
fog_MC,tot_exp_gn,ARIMA,81,599032.446271409,65.74618884643456
fog_MC,tot_exp_gn,ARIMA,82,115956.0,7.741299750048068
fog_MC,tot_exp_gn,ARIMA,83,81834.04944844684,11.127706891576883
fog_MC,tot_exp_gn,ARIMA,84,176055.07088365755,16.724183818836934
fog_MC,tot_exp_gn,ARIMA,85,15876.986988975073,69.90108279900244
fog_MC,tot_exp_gn,ARIMA,86,801159.6205155067,5.0447578655056535
fog_MC,tot_exp_gn,ARIMA,87,626673.2409665865,52.095163865893134
fog_MC,tot_exp_gn,ARIMA,88,267241.10289470153,19.141637658162725
fog_MC,tot_exp_gn,ARIMA,89,80541.97700502991,17.56104460708866
fog_MC,tot_exp_gn,ARIMA,90,410928.690336304,32.775226332465635
fog_MC,tot_exp_gn,ARIMA,92,46519.550824913895,16.01963793747917
fog_MC,tot_exp_gn,ARIMA,93,388007.95711937186,49.22709561961632
fog_MC,tot_exp_gn,ARIMA,95,348310.419516674,16.006127138548802
fog_MC,tot_exp_gn,ARIMA,96,73985.0,3.7425920225653235
fog_MC,tot_exp_gn,ARIMA,97,365627.47730262484,7.8208237245378704
fog_MC,tot_exp_gn,ARIMA,99,232886.21463814296,27.25360998810106
fog_MC,tot_exp_gn,ARIMA,101,156455.77036804543,42.55344324003306
fog_MC,tot_exp_gn,ARIMA,103,648114.006452588,124.68142620273301
fog_MC,tot_exp_gn,ARIMA,104,115381.33898686897,1.9226164298512711
fog_MC,tot_exp_gn,ARIMA,105,119011.9822463987,6.029730250500015
fog_MC,tot_exp_gn,ARIMA,107,63907.0,86.1239698936034
fog_MC,tot_exp_gn,ARIMA,108,1528213.0,200.0
fog_MC,tot_exp_gn,ARIMA,110,1827843.5014238684,38.98427878111042
fog_MC,tot_exp_gn,ARIMA,111,391081.3266180743,37.33286757332171
fog_MC,tot_exp_gn,ARIMA,113,2107069.4829592444,7.179688646892017
fog_MC,tot_exp_gn,ARIMA,115,526916.3038490303,2.699158225504198
fog_MC,tot_exp_gn,ARIMA,116,10419084.304295972,21.065919490721505
fog_MC,tot_exp_gn,ARIMA,117,35391800.81848665,77.23079030907152
fog_MC,tot_exp_gn,ARIMA,118,793021.5182162845,34.03435617602783
fog_MC,tot_exp_gn,ARIMA,119,796927.2877631411,9.009620662361643
fog_MC,tot_exp_gn,ARIMA,120,886176.6513413377,5.120488450471009
fog_MC,tot_exp_gn,ARIMA,121,22016.054338411195,2.0158987686078293
fog_MC,tot_exp_gn,ARIMA,123,141918.58089780505,12.806251057430234
fog_MC,tot_exp_gn,ARIMA,124,269553.4163170154,57.063644573594075
fog_MC,tot_exp_gn,ARIMA,128,4055983.350597322,14.573608987227447
fog_MC,tot_exp_gn,ARIMA,129,178678.64221973997,3.8447254278931635
fog_MC,tot_exp_gn,ARIMA,130,11292719.0,12.0923725411419
fog_MC,tot_exp_gn,ARIMA,131,75667.97359336761,10.380847833950199
fog_MC,tot_exp_gn,ARIMA,132,2616153.0,23.746713630247623
fog_MC,tot_exp_gn,ARIMA,134,680270.8423955711,9.365555663534366
fog_MC,tot_exp_gn,ARIMA,137,1087648.1639475487,5.111839655036212
fog_MC,tot_exp_gn,ARIMA,139,107418.0491066241,17.802307195245582
fog_MC,tot_exp_gn,ARIMA,140,177981.0,5.659678073036402
fog_MC,tot_exp_gn,ARIMA,141,12732.01585219978,5.44086947012313
fog_MC,tot_exp_gn,ARIMA,142,1733541.925758233,163.0635707028444
fog_MC,tot_exp_gn,ARIMA,144,276285.65854939027,8.002247355291024
fog_MC,tot_exp_gn,ARIMA,145,23015.911174367182,1.7515474841407142
fog_MC,tot_exp_gn,ARIMA,146,2995879.824613303,34.162660181296545
fog_MC,tot_exp_gn,ARIMA,147,575348.0,36.21700187522071
fog_MC,tot_exp_gn,ARIMA,148,430013.29741100426,68.2771742931618
fog_MC,tot_exp_gn,ARIMA,149,1112029.6011776496,200.0
fog_MC,tot_exp_gn,ARIMA,150,74338.05758145079,10.849547369874161
fog_MC,tot_exp_gn,ARIMA,151,9844.988624623598,4.67234858292762
fog_MC,tot_exp_gn,ARIMA,152,547095.2490518694,16.722280064361744
fog_MC,tot_exp_gn,ARIMA,153,64253.0,24.84835476766423
fog_MC,tot_exp_gn,ARIMA,154,20372.39698202908,8.747091880475084
fog_MC,tot_exp_gn,ARIMA,155,159718.8988115762,11.736894857973308
fog_MC,tot_exp_gn,ARIMA,156,23685.031440100167,1.256232756928418
fog_MC,tot_exp_gn,ARIMA,157,493231.51157633355,28.227333593641855
fog_MC,tot_exp_gn,ARIMA,160,5550774.752096403,19.74961842788684
fog_MC,tot_exp_gn,ARIMA,162,1453322.5190612106,23.251137491473198
fog_MC,tot_exp_gn,ARIMA,163,2012744.0,22.156240405859723
fog_MC,tot_exp_gn,ARIMA,166,6902.762042362592,2.5147350293215887
fog_MC,tot_exp_gn,ARIMA,168,30560.0,4.505334605127177
fog_MC,tot_exp_gn,ARIMA,169,82833.98261964717,9.195458976053388
fog_MC,tot_exp_gn,ARIMA,170,311927.91658116167,54.04746083482427
fog_MC,tot_exp_gn,ARIMA,171,39019.02733229182,7.027157215871359
fog_MC,tot_exp_gn,ARIMA,172,265852.0,10.058922861487574
fog_MC,tot_exp_gn,ARIMA,173,168482.94239404472,13.596505907238726
fog_MC,tot_exp_gn,ARIMA,174,143800.8939723164,21.88985356525605
fog_MC,tot_exp_gn,ARIMA,175,490647.0,5.86781916530076
fog_MC,tot_exp_gn,ARIMA,176,190788.1462381475,13.553529545996968
fog_MC,tot_exp_gn,ARIMA,177,128628.13120323932,23.621865957718764
fog_MC,tot_exp_gn,ARIMA,178,34494.29928449914,0.21946980447683392
fog_MC,tot_exp_gn,ARIMA,180,3780407.060216548,46.10160573427774
fog_MC,tot_exp_gn,ARIMA,181,586025.146025381,12.127897361835812
fog_MC,tot_exp_gn,ARIMA,182,1184763.2717684805,4.288918348711796
fog_MC,tot_exp_gn,ARIMA,186,127475.03040167294,7.195984559502425
fog_MC,tot_exp_gn,ARIMA,187,369055.0782538662,24.72590788524045
fog_MC,tot_exp_gn,ARIMA,188,108932.0,9.168156370038952
fog_MC,tot_exp_gn,ARIMA,189,299706.3290293475,15.296455257886082
fog_MC,tot_exp_gn,ARIMA,190,7145.938217998599,1.368775292714783
fog_MC,tot_exp_gn,ARIMA,192,492093.82478802,6.557729136045115
fog_MC,tot_exp_gn,ARIMA,193,1023410.8396076988,9.883846062622057
fog_MC,tot_exp_gn,ARIMA,196,9116769.467561198,200.0
fog_MC,tot_exp_gn,ARIMA,198,450253.37781102443,57.54965743299706
fog_MC,tot_exp_gn,ARIMA,199,541460.4686689451,3.410095000026283
fog_MC,tot_exp_gn,ARIMA,200,33412.07030983502,4.616801392665295
fog_MC,tot_exp_gn,ARIMA,202,839591.0,28.548908636902514
fog_MC,tot_exp_gn,ARIMA,204,42966.791955137625,1.4774062722406398
fog_MC,tot_exp_gn,ARIMA,206,96881.87269830797,4.192174701871656
fog_MC,tot_exp_gn,ARIMA,207,250963.08016776375,27.986987079600635
fog_MC,tot_exp_gn,ARIMA,209,169120.89483430074,10.44086617890173
fog_MC,tot_exp_gn,ARIMA,212,393142.9737282526,5.497561613484513
fog_MC,tot_exp_gn,ARIMA,213,118139.92832337134,17.983696047120056
fog_MC,tot_exp_gn,ARIMA,214,213243.12496965076,34.53786152351658
fog_MC,tot_exp_gn,ARIMA,216,239176.1019483338,56.00003055347291
fog_MC,tot_exp_gn,ARIMA,217,83439.85551108787,17.729624566481668
fog_MC,tot_exp_gn,ARIMA,218,35318.980452135205,0.819085530746646
fog_MC,tot_exp_gn,ARIMA,221,109549.98929736234,35.83472759380057
fog_MC,tot_exp_gn,ARIMA,223,5575968.5387108065,25.924558406136555
fog_MC,tot_exp_gn,ARIMA,226,537836.0,8.883189581631097
fog_MC,tot_exp_gn,ARIMA,228,449437.9112120627,28.943335245744358
fog_MC,tot_exp_gn,ARIMA,229,3973052.812607616,2.316235278406622
fog_MC,tot_exp_gn,ARIMA,230,534354.2260987954,39.28907962122669
fog_MC,tot_exp_gn,ARIMA,231,392349.24235476763,24.947135437083247
fog_MC,tot_exp_gn,ARIMA,234,11360.914557090844,2.0413233548333904
fog_MC,tot_exp_gn,ARIMA,235,942244.6424163803,2.5924473334390967
fog_MC,tot_exp_gn,ARIMA,236,3407612.4525243808,19.754200910087402
fog_MC,tot_exp_gn,ARIMA,237,588907.7264263234,21.763725552859825
fog_MC,tot_exp_gn,ARIMA,239,1838802.6177087016,8.787238341208383
fog_MC,tot_exp_gn,ARIMA,241,148814.0,16.308490795555915
fog_MC,tot_exp_gn,ARIMA,242,969203.0068602022,7.537962057917626
fog_MC,tot_exp_gn,ARIMA,244,734813.9255912863,2.4694480539032133
fog_MC,tot_exp_gn,ARIMA,245,54027.9862213782,5.466527360445285
fog_MC,tot_exp_gn,ARIMA,246,538212.0,14.144103706397871
fog_MC,tot_exp_gn,ARIMA,247,838009.0,10.359128460528282
fog_MC,tot_exp_gn,ARIMA,248,350890.89013091894,11.74443864891485
fog_MC,tot_exp_gn,ARIMA,249,93934.97847584204,16.10125732330342
fog_MC,tot_exp_gn,ARIMA,250,697342.1340253651,11.080295132282881
fog_MC,tot_exp_gn,ARIMA,251,1165854.6977047091,20.99003253285478
fog_MC,tot_exp_gn,ARIMA,253,83838.01689831435,27.813058430152317
fog_MC,tot_exp_gn,ARIMA,254,508442.702273024,27.184162961142626
fog_MC,tot_exp_gn,ARIMA,255,196279.3999809334,8.610072244102971
fog_MC,tot_exp_gn,ARIMA,256,6100810.0,91.25389235923413
fog_MC,tot_exp_gn,ARIMA,257,3289420.7396077923,13.677653947431011
fog_MC,tot_exp_gn,ARIMA,259,1960466.7077506892,17.279293008874745
fog_MC,tot_exp_gn,ARIMA,261,1593527.0,8.640440856181336
fog_MC,tot_exp_gn,ARIMA,262,442296.8646720657,7.773382231979846
fog_MC,tot_exp_gn,ARIMA,263,249838.42721482506,7.738273619067019
fog_MC,tot_exp_gn,ARIMA,264,376735.32491503685,64.80683722638653
fog_MC,tot_exp_gn,ARIMA,265,544352.5385826025,5.492303782078382
fog_MC,tot_exp_gn,ARIMA,266,8154.31912295433,2.87473983655333
fog_MC,tot_exp_gn,ARIMA,267,121594.05194176082,4.482457402808473
fog_MC,tot_exp_gn,ARIMA,269,611379.8737748265,2.1265624395909084
fog_MC,tot_exp_gn,ARIMA,270,256853348.6033175,200.0
fog_MC,tot_exp_gn,ARIMA,272,354970.4506521316,17.24449378871995
fog_MC,tot_exp_gn,ARIMA,273,714289.3992231772,26.69996901290366
fog_MC,tot_exp_gn,ARIMA,274,3715.054501446779,0.4231589734453574
fog_MC,tot_exp_gn,STL-LSTM (full),1,1971736.007795997,5.068540255429426
fog_MC,tot_exp_gn,STL-LSTM (full),4,2694961.026241798,13.695120251570653
fog_MC,tot_exp_gn,STL-LSTM (full),5,146158.00281599164,8.452416495216939
fog_MC,tot_exp_gn,STL-LSTM (full),7,328700.97663792036,8.93621622898714
fog_MC,tot_exp_gn,STL-LSTM (full),8,129535.00062966347,18.209038179073087
fog_MC,tot_exp_gn,STL-LSTM (full),9,57804.17428135872,6.40212746873942
fog_MC,tot_exp_gn,STL-LSTM (full),11,22731.828059598804,3.1439671046462774
fog_MC,tot_exp_gn,STL-LSTM (full),13,2471220.972322464,6.427209888126006
fog_MC,tot_exp_gn,STL-LSTM (full),14,153318.82692971826,23.72116833737356
fog_MC,tot_exp_gn,STL-LSTM (full),15,924618.9928339929,23.665511577934726
fog_MC,tot_exp_gn,STL-LSTM (full),16,2663582.016855806,25.79465140555321
fog_MC,tot_exp_gn,STL-LSTM (full),17,591610.8154678643,29.240581118210894
fog_MC,tot_exp_gn,STL-LSTM (full),18,561377.981437793,14.818175388787866
fog_MC,tot_exp_gn,STL-LSTM (full),19,248965.82150426507,30.264356513744495
fog_MC,tot_exp_gn,STL-LSTM (full),21,331865.8200339526,9.850675538927145
fog_MC,tot_exp_gn,STL-LSTM (full),22,270645.82334287465,21.901392760628934
fog_MC,tot_exp_gn,STL-LSTM (full),26,51165.00761454087,8.939406725772356
fog_MC,tot_exp_gn,STL-LSTM (full),27,7026429.971489981,10.619989048411385
fog_MC,tot_exp_gn,STL-LSTM (full),28,1129599.9690173753,5.275064147183066
fog_MC,tot_exp_gn,STL-LSTM (full),29,1438699.9870015532,5.9659175441488745
fog_MC,tot_exp_gn,STL-LSTM (full),30,9159834.010163948,20.292027530389543
fog_MC,tot_exp_gn,STL-LSTM (full),32,219763.03056527674,0.7649229682910155
fog_MC,tot_exp_gn,STL-LSTM (full),33,7953480.019495398,41.20313143279731
fog_MC,tot_exp_gn,STL-LSTM (full),36,3734.0135448072106,0.11101832189089084
fog_MC,tot_exp_gn,STL-LSTM (full),37,1443706.9870703146,6.751249400097585
fog_MC,tot_exp_gn,STL-LSTM (full),39,1678650.8190559298,6.943595389072349
fog_MC,tot_exp_gn,STL-LSTM (full),40,213618.96998000704,1.5291427382065068
fog_MC,tot_exp_gn,STL-LSTM (full),41,806880.0120351613,6.870625551071681
fog_MC,tot_exp_gn,STL-LSTM (full),43,2797834.822102934,28.399018367651507
fog_MC,tot_exp_gn,STL-LSTM (full),45,261478000.03114223,5.542062495392817
fog_MC,tot_exp_gn,STL-LSTM (full),46,9511.011714681983,0.15738642098078118
fog_MC,tot_exp_gn,STL-LSTM (full),47,30477.990388503298,3.158972751720398
fog_MC,tot_exp_gn,STL-LSTM (full),49,392604.0189394802,12.464430863590469
fog_MC,tot_exp_gn,STL-LSTM (full),50,783819.8282713592,11.176768120215854
fog_MC,tot_exp_gn,STL-LSTM (full),53,260547.98851590138,12.056205711952236
fog_MC,tot_exp_gn,STL-LSTM (full),55,3057829.018262524,59.890032065506674
fog_MC,tot_exp_gn,STL-LSTM (full),56,2632225.0185492877,38.466886779893464
fog_MC,tot_exp_gn,STL-LSTM (full),57,2676397.9861400183,18.696401993653527
fog_MC,tot_exp_gn,STL-LSTM (full),65,388468.995650989,30.774976955092708
fog_MC,tot_exp_gn,STL-LSTM (full),67,158775.01103682537,56.5944953951661
fog_MC,tot_exp_gn,STL-LSTM (full),69,162402.01775166765,18.846722512672223
fog_MC,tot_exp_gn,STL-LSTM (full),70,1168600.9783183746,25.298223737032078
fog_MC,tot_exp_gn,STL-LSTM (full),71,453934.81914401054,19.084578134980106
fog_MC,tot_exp_gn,STL-LSTM (full),72,972070.9516952559,41.26769001916481
fog_MC,tot_exp_gn,STL-LSTM (full),74,251043.9958351045,13.514376052290643
fog_MC,tot_exp_gn,STL-LSTM (full),75,16474.817813903093,12.985324625253734
fog_MC,tot_exp_gn,STL-LSTM (full),76,287154.0161015745,19.459638683189358
fog_MC,tot_exp_gn,STL-LSTM (full),78,678210.9750070386,5.790110653871076
fog_MC,tot_exp_gn,STL-LSTM (full),79,519385.00837382954,26.50125657459151
fog_MC,tot_exp_gn,STL-LSTM (full),80,263366.81008799374,34.647665123456854
fog_MC,tot_exp_gn,STL-LSTM (full),81,487076.98241509125,50.36435780204436
fog_MC,tot_exp_gn,STL-LSTM (full),82,115956.01733767986,7.741300862721304
fog_MC,tot_exp_gn,STL-LSTM (full),83,81834.01111381687,11.127701968901707
fog_MC,tot_exp_gn,STL-LSTM (full),84,176054.98738006316,16.724176549802145
fog_MC,tot_exp_gn,STL-LSTM (full),85,9118.999024397111,25.897786662672388
fog_MC,tot_exp_gn,STL-LSTM (full),86,801160.9887052178,5.044766698059381
fog_MC,tot_exp_gn,STL-LSTM (full),87,626672.8264295459,52.09512042947109
fog_MC,tot_exp_gn,STL-LSTM (full),88,267240.982860744,19.141629883374332
fog_MC,tot_exp_gn,STL-LSTM (full),89,80542.01131842099,17.56105274556034
fog_MC,tot_exp_gn,STL-LSTM (full),90,707238.9989173622,50.447399908087185
fog_MC,tot_exp_gn,STL-LSTM (full),92,6844.990498125553,2.595665431644076
fog_MC,tot_exp_gn,STL-LSTM (full),93,60192.97454537451,9.641790630596294
fog_MC,tot_exp_gn,STL-LSTM (full),95,501781.82341089845,23.90153061593922
fog_MC,tot_exp_gn,STL-LSTM (full),96,73985.01724097691,3.742592911034801
fog_MC,tot_exp_gn,STL-LSTM (full),97,342871.9773696251,7.935379955515702
fog_MC,tot_exp_gn,STL-LSTM (full),99,160697.01536016446,24.432305860530395
fog_MC,tot_exp_gn,STL-LSTM (full),101,96446.1783785522,28.562758512496046
fog_MC,tot_exp_gn,STL-LSTM (full),103,648114.0154684633,124.6814268559092
fog_MC,tot_exp_gn,STL-LSTM (full),104,115379.96602262184,1.9225937718682244
fog_MC,tot_exp_gn,STL-LSTM (full),105,119011.98219872452,6.029730248011787
fog_MC,tot_exp_gn,STL-LSTM (full),107,63906.81856364012,86.12362009050715
fog_MC,tot_exp_gn,STL-LSTM (full),108,165462.00717275124,11.446839710441079
fog_MC,tot_exp_gn,STL-LSTM (full),110,1161352.9948889315,23.12570685054504
fog_MC,tot_exp_gn,STL-LSTM (full),111,371350.98210370913,35.118671571185395
fog_MC,tot_exp_gn,STL-LSTM (full),113,2107070.977134984,7.179693920958815
fog_MC,tot_exp_gn,STL-LSTM (full),115,1051163.980115421,5.457932316582644
fog_MC,tot_exp_gn,STL-LSTM (full),116,10419086.989580385,21.065925491850614
fog_MC,tot_exp_gn,STL-LSTM (full),117,35391785.01557645,77.2307691408472
fog_MC,tot_exp_gn,STL-LSTM (full),118,209039.82381395996,11.428992386997017
fog_MC,tot_exp_gn,STL-LSTM (full),119,796927.9740387686,9.009628770528586
fog_MC,tot_exp_gn,STL-LSTM (full),120,1479328.012054477,8.696859216833392
fog_MC,tot_exp_gn,STL-LSTM (full),121,22015.979866782203,2.0158920183490814
fog_MC,tot_exp_gn,STL-LSTM (full),123,120112.01638117805,10.732902326087276
fog_MC,tot_exp_gn,STL-LSTM (full),124,312591.98456136324,69.33330506312568
fog_MC,tot_exp_gn,STL-LSTM (full),128,4055981.97846625,14.573603697749043
fog_MC,tot_exp_gn,STL-LSTM (full),129,178678.97224570252,3.844732665755038
fog_MC,tot_exp_gn,STL-LSTM (full),130,11292718.978540868,12.092372516773882
fog_MC,tot_exp_gn,STL-LSTM (full),131,75667.97304505482,10.380847754823089
fog_MC,tot_exp_gn,STL-LSTM (full),132,2616153.0310900155,23.746713945957364
fog_MC,tot_exp_gn,STL-LSTM (full),134,742633.0216052588,10.268199823259513
fog_MC,tot_exp_gn,STL-LSTM (full),137,1087650.8152537644,5.111852434406164
fog_MC,tot_exp_gn,STL-LSTM (full),139,107417.82600532472,17.802266929705375
fog_MC,tot_exp_gn,STL-LSTM (full),140,177980.82319003344,5.659672291490579
fog_MC,tot_exp_gn,STL-LSTM (full),141,12732.019074603915,5.440870809715793
fog_MC,tot_exp_gn,STL-LSTM (full),142,1462919.8164874464,122.07080365713678
fog_MC,tot_exp_gn,STL-LSTM (full),144,699398.9813677315,23.590419899968794
fog_MC,tot_exp_gn,STL-LSTM (full),145,23016.177805766463,1.7515675975087666
fog_MC,tot_exp_gn,STL-LSTM (full),146,641173.9880620688,6.4460262906128465
fog_MC,tot_exp_gn,STL-LSTM (full),147,575347.9846689161,36.21700073540168
fog_MC,tot_exp_gn,STL-LSTM (full),148,439976.8235784471,70.41616735987029
fog_MC,tot_exp_gn,STL-LSTM (full),149,83547.02557571232,7.241110226079721
fog_MC,tot_exp_gn,STL-LSTM (full),150,74337.81398233771,10.849509888223013
fog_MC,tot_exp_gn,STL-LSTM (full),151,9844.985580557957,4.672347171990154
fog_MC,tot_exp_gn,STL-LSTM (full),152,547096.1837722361,16.722306245822317
fog_MC,tot_exp_gn,STL-LSTM (full),153,64253.0169021897,24.848360492083195
fog_MC,tot_exp_gn,STL-LSTM (full),154,44343.17964351177,16.7167106651972
fog_MC,tot_exp_gn,STL-LSTM (full),155,159718.9914254006,11.73690206306122
fog_MC,tot_exp_gn,STL-LSTM (full),156,23684.992901084013,1.2562307256928242
fog_MC,tot_exp_gn,STL-LSTM (full),157,444628.9896744611,25.096808514904318
fog_MC,tot_exp_gn,STL-LSTM (full),160,2799766.192560479,8.673108053492236
fog_MC,tot_exp_gn,STL-LSTM (full),162,1453321.8234004676,23.25112506799054
fog_MC,tot_exp_gn,STL-LSTM (full),163,2012743.9901854545,22.156240285852817
fog_MC,tot_exp_gn,STL-LSTM (full),166,20035.978750303388,7.478176047027361
fog_MC,tot_exp_gn,STL-LSTM (full),168,30560.18400104344,4.505361120567486
fog_MC,tot_exp_gn,STL-LSTM (full),169,82833.98212224618,9.195458918297831
fog_MC,tot_exp_gn,STL-LSTM (full),170,20273.005710190628,2.7276618351890587
fog_MC,tot_exp_gn,STL-LSTM (full),171,39018.82033582032,7.02711862688104
fog_MC,tot_exp_gn,STL-LSTM (full),172,265852.0090031773,10.058923185003934
fog_MC,tot_exp_gn,STL-LSTM (full),173,168483.01195933204,13.59651190277619
fog_MC,tot_exp_gn,STL-LSTM (full),174,143801.17985153198,21.889892319781442
fog_MC,tot_exp_gn,STL-LSTM (full),175,490646.97905484773,5.867818907461193
fog_MC,tot_exp_gn,STL-LSTM (full),176,190787.81961120665,13.553504770080416
fog_MC,tot_exp_gn,STL-LSTM (full),177,128627.8193577081,23.6218019250043
fog_MC,tot_exp_gn,STL-LSTM (full),178,2159502.021328844,12.843397117046148
fog_MC,tot_exp_gn,STL-LSTM (full),180,3780404.990536412,46.10158631268398
fog_MC,tot_exp_gn,STL-LSTM (full),181,586024.98496834,12.12789382661324
fog_MC,tot_exp_gn,STL-LSTM (full),182,1184770.014494665,4.28894328125533
fog_MC,tot_exp_gn,STL-LSTM (full),186,127474.98053888045,7.195981643465438
fog_MC,tot_exp_gn,STL-LSTM (full),187,44984.974273514,3.499238958714121
fog_MC,tot_exp_gn,STL-LSTM (full),188,108931.99355448503,9.16815580269069
fog_MC,tot_exp_gn,STL-LSTM (full),189,322694.8193408698,16.566934257990397
fog_MC,tot_exp_gn,STL-LSTM (full),190,7146.015453511849,1.3687901881124538
fog_MC,tot_exp_gn,STL-LSTM (full),192,46334.97285157442,0.6404446053051555
fog_MC,tot_exp_gn,STL-LSTM (full),193,1023412.0112441089,9.883857937191252
fog_MC,tot_exp_gn,STL-LSTM (full),196,621619.019055685,8.409213405560283
fog_MC,tot_exp_gn,STL-LSTM (full),198,140250.96451663598,22.35529426024271
fog_MC,tot_exp_gn,STL-LSTM (full),199,856466.0275480207,5.448028096900205
fog_MC,tot_exp_gn,STL-LSTM (full),200,33412.00255228882,4.616792246212119
fog_MC,tot_exp_gn,STL-LSTM (full),202,839590.996418953,28.548908497753246
fog_MC,tot_exp_gn,STL-LSTM (full),204,42966.012542855926,1.4773796702425688
fog_MC,tot_exp_gn,STL-LSTM (full),206,96882.01013549883,4.192180773570599
fog_MC,tot_exp_gn,STL-LSTM (full),207,250962.8204164207,27.986954059064995
fog_MC,tot_exp_gn,STL-LSTM (full),209,169120.8074221313,10.440860500694562
fog_MC,tot_exp_gn,STL-LSTM (full),212,393142.981856402,5.49756173026975
fog_MC,tot_exp_gn,STL-LSTM (full),213,56139.821863129735,9.852754548610262
fog_MC,tot_exp_gn,STL-LSTM (full),214,213242.82037441432,34.53780367045177
fog_MC,tot_exp_gn,STL-LSTM (full),216,239175.81653431058,55.99994501614797
fog_MC,tot_exp_gn,STL-LSTM (full),217,136762.99612880056,27.50190718634012
fog_MC,tot_exp_gn,STL-LSTM (full),218,35318.9979119841,0.8190859373178042
fog_MC,tot_exp_gn,STL-LSTM (full),221,109549.97709431686,35.834722886870466
fog_MC,tot_exp_gn,STL-LSTM (full),223,5575978.025783859,25.924608232230177
fog_MC,tot_exp_gn,STL-LSTM (full),226,537836.0297298674,8.883190094475394
fog_MC,tot_exp_gn,STL-LSTM (full),228,449437.9751061443,28.943339955924557
fog_MC,tot_exp_gn,STL-LSTM (full),229,22077460.987184435,13.928525875047848
fog_MC,tot_exp_gn,STL-LSTM (full),230,324478.0209571775,22.148731005275916
fog_MC,tot_exp_gn,STL-LSTM (full),231,392348.9846316846,24.947121094068454
fog_MC,tot_exp_gn,STL-LSTM (full),234,11361.01987157762,2.0413424708269834
fog_MC,tot_exp_gn,STL-LSTM (full),235,751011.9868368283,2.1155785696651987
fog_MC,tot_exp_gn,STL-LSTM (full),236,2020075.9866365753,11.257772995793951
fog_MC,tot_exp_gn,STL-LSTM (full),237,588908.0333337523,21.7637381291899
fog_MC,tot_exp_gn,STL-LSTM (full),239,1838804.0008921176,8.787245241557033
fog_MC,tot_exp_gn,STL-LSTM (full),241,148814.0161086768,16.308492416951303
fog_MC,tot_exp_gn,STL-LSTM (full),242,969202.9918168448,7.537961936508447
fog_MC,tot_exp_gn,STL-LSTM (full),244,734811.0211474001,2.4694384136196192
fog_MC,tot_exp_gn,STL-LSTM (full),245,71445.03354955465,7.29303711775326
fog_MC,tot_exp_gn,STL-LSTM (full),246,538211.8184884042,14.144098598966432
fog_MC,tot_exp_gn,STL-LSTM (full),247,838008.8196809888,10.359126116043514
fog_MC,tot_exp_gn,STL-LSTM (full),248,350891.0207325518,11.744443276887713
fog_MC,tot_exp_gn,STL-LSTM (full),249,93935.01241669338,16.101263609420897
fog_MC,tot_exp_gn,STL-LSTM (full),250,697341.9801084362,11.080292551155113
fog_MC,tot_exp_gn,STL-LSTM (full),251,1165855.0146148745,20.990037639692535
fog_MC,tot_exp_gn,STL-LSTM (full),253,83838.19282837212,27.81310867804885
fog_MC,tot_exp_gn,STL-LSTM (full),254,361158.9879298508,18.578084620061492
fog_MC,tot_exp_gn,STL-LSTM (full),255,109772.98625657242,5.161846350344977
fog_MC,tot_exp_gn,STL-LSTM (full),256,6100809.9930796325,91.25389230295119
fog_MC,tot_exp_gn,STL-LSTM (full),257,4660607.026768886,19.947809158480467
fog_MC,tot_exp_gn,STL-LSTM (full),259,1960467.037332721,17.279296164739435
fog_MC,tot_exp_gn,STL-LSTM (full),261,1593526.9815720543,8.640440751944338
fog_MC,tot_exp_gn,STL-LSTM (full),262,442296.96974396147,7.773384150395231
fog_MC,tot_exp_gn,STL-LSTM (full),263,2211.0181564874947,0.06590941957422379
fog_MC,tot_exp_gn,STL-LSTM (full),264,323152.99067413807,53.140417209054114
fog_MC,tot_exp_gn,STL-LSTM (full),265,544341.8191979527,5.492192657664464
fog_MC,tot_exp_gn,STL-LSTM (full),266,86031.01205457468,26.66863316635679
fog_MC,tot_exp_gn,STL-LSTM (full),267,608556.8217659593,24.64607429144542
fog_MC,tot_exp_gn,STL-LSTM (full),269,3542394.9764207117,13.280930774924467
fog_MC,tot_exp_gn,STL-LSTM (full),270,22281605.00867015,11.294620982908109
fog_MC,tot_exp_gn,STL-LSTM (full),272,367860.0022297085,17.926795868131673
fog_MC,tot_exp_gn,STL-LSTM (full),273,714288.8181438446,26.699944392600315
fog_MC,tot_exp_gn,STL-LSTM (full),274,3715.0135526955128,0.42315431909377016
fog_MC,tot_exp_gn,MTL-LSTM (full),1,1971735.9530255795,5.068540111068644
fog_MC,tot_exp_gn,MTL-LSTM (full),4,2694960.9853629395,13.695120029609622
fog_MC,tot_exp_gn,MTL-LSTM (full),5,146157.74748456478,8.452402353267669
fog_MC,tot_exp_gn,MTL-LSTM (full),7,328701.04343030974,8.936218125969916
fog_MC,tot_exp_gn,MTL-LSTM (full),8,129535.01552859135,18.209040082767256
fog_MC,tot_exp_gn,MTL-LSTM (full),9,57803.90478879213,6.402098576410174
fog_MC,tot_exp_gn,MTL-LSTM (full),11,22732.12867233157,3.1440093350298923
fog_MC,tot_exp_gn,MTL-LSTM (full),13,2471221.20681265,6.427210517592361
fog_MC,tot_exp_gn,MTL-LSTM (full),14,153319.06827439368,23.7212101065078
fog_MC,tot_exp_gn,MTL-LSTM (full),15,924619.0865339786,23.66551425995245
fog_MC,tot_exp_gn,MTL-LSTM (full),16,2663581.958627384,25.79465091438517
fog_MC,tot_exp_gn,MTL-LSTM (full),17,591611.1507453173,29.24060011218249
fog_MC,tot_exp_gn,MTL-LSTM (full),18,561378.0040113544,14.818176028788594
fog_MC,tot_exp_gn,MTL-LSTM (full),19,248966.14695954323,30.26440206284871
fog_MC,tot_exp_gn,MTL-LSTM (full),21,331866.1904824227,9.85068707642663
fog_MC,tot_exp_gn,MTL-LSTM (full),22,270646.09274478257,21.901416948695267
fog_MC,tot_exp_gn,MTL-LSTM (full),26,51165.16462653875,8.939432932304815
fog_MC,tot_exp_gn,MTL-LSTM (full),27,7026430.173541158,10.619989370014556
fog_MC,tot_exp_gn,MTL-LSTM (full),28,1129599.860729307,5.275063628156151
fog_MC,tot_exp_gn,MTL-LSTM (full),29,1438699.6964481473,5.9659163752390585
fog_MC,tot_exp_gn,MTL-LSTM (full),30,9159833.95113267,20.29202738634765
fog_MC,tot_exp_gn,MTL-LSTM (full),32,219763.10667856038,0.7649232322031325
fog_MC,tot_exp_gn,MTL-LSTM (full),33,7953480.016829342,41.20313142183116
fog_MC,tot_exp_gn,MTL-LSTM (full),36,3733.7796824276447,0.11101136492097995
fog_MC,tot_exp_gn,MTL-LSTM (full),37,1443707.094955489,6.7512499216344475
fog_MC,tot_exp_gn,MTL-LSTM (full),39,1678651.1141620278,6.943596652133044
fog_MC,tot_exp_gn,MTL-LSTM (full),40,213619.16733138263,1.5291441617024466
fog_MC,tot_exp_gn,MTL-LSTM (full),41,806880.0765586868,6.870626119367216
fog_MC,tot_exp_gn,MTL-LSTM (full),43,2797835.1089892834,28.39902169313951
fog_MC,tot_exp_gn,MTL-LSTM (full),45,261478000.0311823,5.542062495393689
fog_MC,tot_exp_gn,MTL-LSTM (full),46,9510.927776001394,0.15738503088634812
fog_MC,tot_exp_gn,MTL-LSTM (full),47,30477.97650917247,3.1589712904382146
fog_MC,tot_exp_gn,MTL-LSTM (full),49,392604.22256195545,12.464437731106425
fog_MC,tot_exp_gn,MTL-LSTM (full),50,783820.1226803884,11.176772552904964
fog_MC,tot_exp_gn,MTL-LSTM (full),53,260548.1574640572,12.056214000861551
fog_MC,tot_exp_gn,MTL-LSTM (full),55,3057829.182676226,59.89003624996252
fog_MC,tot_exp_gn,MTL-LSTM (full),56,2632225.077796921,38.466887479198405
fog_MC,tot_exp_gn,MTL-LSTM (full),57,2676397.975284675,18.696401910732906
fog_MC,tot_exp_gn,MTL-LSTM (full),65,388469.30087792873,30.775004856300864
fog_MC,tot_exp_gn,MTL-LSTM (full),67,158774.87015403807,56.59445938825128
fog_MC,tot_exp_gn,MTL-LSTM (full),69,162401.91633651406,18.846709634409105
fog_MC,tot_exp_gn,MTL-LSTM (full),70,1168601.0187181048,25.29822472224483
fog_MC,tot_exp_gn,MTL-LSTM (full),71,453934.98699281365,19.084585865151865
fog_MC,tot_exp_gn,MTL-LSTM (full),72,972070.8971778005,41.267688182274945
fog_MC,tot_exp_gn,MTL-LSTM (full),74,251044.02332509682,13.514377632148117
fog_MC,tot_exp_gn,MTL-LSTM (full),75,16475.11432826519,12.985573509906127
fog_MC,tot_exp_gn,MTL-LSTM (full),76,287154.07417196035,19.459643001354646
fog_MC,tot_exp_gn,MTL-LSTM (full),78,678210.8132308424,5.790109312719025
fog_MC,tot_exp_gn,MTL-LSTM (full),79,519385.1826310605,26.501266644105385
fog_MC,tot_exp_gn,MTL-LSTM (full),80,263367.1954398453,34.647724601508166
fog_MC,tot_exp_gn,MTL-LSTM (full),81,487077.24582128227,50.364391897322506
fog_MC,tot_exp_gn,MTL-LSTM (full),82,115955.89898910373,7.741293267512564
fog_MC,tot_exp_gn,MTL-LSTM (full),83,81833.92852725834,11.12769136369082
fog_MC,tot_exp_gn,MTL-LSTM (full),84,176054.84704759717,16.724164333780863
fog_MC,tot_exp_gn,MTL-LSTM (full),85,9118.927663624287,25.897610241882933
fog_MC,tot_exp_gn,MTL-LSTM (full),86,801161.3003681302,5.044768710046126
fog_MC,tot_exp_gn,MTL-LSTM (full),87,626673.1291308701,52.095152147413216
fog_MC,tot_exp_gn,MTL-LSTM (full),88,267240.93794000894,19.141626973787435
fog_MC,tot_exp_gn,MTL-LSTM (full),89,80542.06435123086,17.561065323916733
fog_MC,tot_exp_gn,MTL-LSTM (full),90,707239.0566909537,50.44740298961376
fog_MC,tot_exp_gn,MTL-LSTM (full),92,6845.139251425862,2.5957225719748163
fog_MC,tot_exp_gn,MTL-LSTM (full),93,60192.796557977796,9.641763494784433
fog_MC,tot_exp_gn,MTL-LSTM (full),95,501782.14601543546,23.90154781910439
fog_MC,tot_exp_gn,MTL-LSTM (full),96,73985.18848502636,3.7426017356576318
fog_MC,tot_exp_gn,MTL-LSTM (full),97,342872.06365294755,7.9353820316765304
fog_MC,tot_exp_gn,MTL-LSTM (full),99,160697.1262473017,24.432324779314875
fog_MC,tot_exp_gn,MTL-LSTM (full),101,96445.8476100266,28.562674544325915
fog_MC,tot_exp_gn,MTL-LSTM (full),103,648113.95563972,124.6814225214757
fog_MC,tot_exp_gn,MTL-LSTM (full),104,115379.86510841548,1.922592106484248
fog_MC,tot_exp_gn,MTL-LSTM (full),105,119012.08378911018,6.029735550255836
fog_MC,tot_exp_gn,MTL-LSTM (full),107,63907.008667841554,86.12398660492686
fog_MC,tot_exp_gn,MTL-LSTM (full),108,165462.05751270056,11.446843392335216
fog_MC,tot_exp_gn,MTL-LSTM (full),110,1161353.1217174083,23.125709668066076
fog_MC,tot_exp_gn,MTL-LSTM (full),111,371351.15408828855,35.11869069172614
fog_MC,tot_exp_gn,MTL-LSTM (full),113,2107071.0885335654,7.179694314167967
fog_MC,tot_exp_gn,MTL-LSTM (full),115,1051163.9870225526,5.457932353425078
fog_MC,tot_exp_gn,MTL-LSTM (full),116,10419087.004748195,21.065925525747947
fog_MC,tot_exp_gn,MTL-LSTM (full),117,35391785.0702084,77.23076921402749
fog_MC,tot_exp_gn,MTL-LSTM (full),118,209040.1880376339,11.429013438430356
fog_MC,tot_exp_gn,MTL-LSTM (full),119,796927.8914121613,9.00962779431681
fog_MC,tot_exp_gn,MTL-LSTM (full),120,1479328.2341831625,8.696860579496589
fog_MC,tot_exp_gn,MTL-LSTM (full),121,22015.887819431722,2.01588367499083
fog_MC,tot_exp_gn,MTL-LSTM (full),123,120112.33233374357,10.732932073898697
fog_MC,tot_exp_gn,MTL-LSTM (full),124,312592.0668962747,69.33332965593785
fog_MC,tot_exp_gn,MTL-LSTM (full),128,4055981.9644150846,14.573603643582695
fog_MC,tot_exp_gn,MTL-LSTM (full),129,178679.13739012182,3.8447362875687605
fog_MC,tot_exp_gn,MTL-LSTM (full),130,11292719.084828615,12.092372637469431
fog_MC,tot_exp_gn,MTL-LSTM (full),131,75668.10798467696,10.380867227984169
fog_MC,tot_exp_gn,MTL-LSTM (full),132,2616153.0900726914,23.746714544908677
fog_MC,tot_exp_gn,MTL-LSTM (full),134,742632.9923488703,10.268199397970298
fog_MC,tot_exp_gn,MTL-LSTM (full),137,1087651.0269014277,5.111853454553876
fog_MC,tot_exp_gn,MTL-LSTM (full),139,107418.16417762637,17.802327963378175
fog_MC,tot_exp_gn,MTL-LSTM (full),140,177981.03838653862,5.659679328245846
fog_MC,tot_exp_gn,MTL-LSTM (full),141,12731.796664983034,5.440778351283007
fog_MC,tot_exp_gn,MTL-LSTM (full),142,1462920.0924999118,122.07084074581775
fog_MC,tot_exp_gn,MTL-LSTM (full),144,699399.1183275133,23.590425064452806
fog_MC,tot_exp_gn,MTL-LSTM (full),145,23016.05918622017,1.7515586494311397
fog_MC,tot_exp_gn,MTL-LSTM (full),146,641174.217977047,6.4460286765553825
fog_MC,tot_exp_gn,MTL-LSTM (full),147,575348.1045216769,36.21700964608686
fog_MC,tot_exp_gn,MTL-LSTM (full),148,439977.3610187173,70.41628365877712
fog_MC,tot_exp_gn,MTL-LSTM (full),149,83546.83681279421,7.241094458127175
fog_MC,tot_exp_gn,MTL-LSTM (full),150,74338.07646081597,10.849550274769443
fog_MC,tot_exp_gn,MTL-LSTM (full),151,9845.021835809574,4.672363976453293
fog_MC,tot_exp_gn,MTL-LSTM (full),152,547096.079091683,16.722303313726766
fog_MC,tot_exp_gn,MTL-LSTM (full),153,64253.12980429828,24.848398729661938
fog_MC,tot_exp_gn,MTL-LSTM (full),154,44342.797403141856,16.71657861053612
fog_MC,tot_exp_gn,MTL-LSTM (full),155,159718.88676657528,11.73689392090708
fog_MC,tot_exp_gn,MTL-LSTM (full),156,23684.82860942185,1.2562220665436503
fog_MC,tot_exp_gn,MTL-LSTM (full),157,444629.2929818928,25.096827783193365
fog_MC,tot_exp_gn,MTL-LSTM (full),160,2799765.8782696947,8.673107122104186
fog_MC,tot_exp_gn,MTL-LSTM (full),162,1453321.9674365819,23.251127640264606
fog_MC,tot_exp_gn,MTL-LSTM (full),163,2012744.0790377706,22.15624137229046
fog_MC,tot_exp_gn,MTL-LSTM (full),166,20035.988396796398,7.478179782082435
fog_MC,tot_exp_gn,MTL-LSTM (full),168,30559.814119666815,4.5053078188648215
fog_MC,tot_exp_gn,MTL-LSTM (full),169,82834.013646218,9.195462578693762
fog_MC,tot_exp_gn,MTL-LSTM (full),170,20272.906818561256,2.7276487111310197
fog_MC,tot_exp_gn,MTL-LSTM (full),171,39018.965909056365,7.027145765140184
fog_MC,tot_exp_gn,MTL-LSTM (full),172,265851.969056705,10.058921749584306
fog_MC,tot_exp_gn,MTL-LSTM (full),173,168483.17784911394,13.596526200115209
fog_MC,tot_exp_gn,MTL-LSTM (full),174,143800.96762774885,21.889863550178468
fog_MC,tot_exp_gn,MTL-LSTM (full),175,490647.20186026394,5.8678216502463485
fog_MC,tot_exp_gn,MTL-LSTM (full),176,190788.07957885414,13.553524489631325
fog_MC,tot_exp_gn,MTL-LSTM (full),177,128628.0988060683,23.621859305453054
fog_MC,tot_exp_gn,MTL-LSTM (full),178,2159501.8755797893,12.843396305884886
fog_MC,tot_exp_gn,MTL-LSTM (full),180,3780405.0085147712,46.10158648139045
fog_MC,tot_exp_gn,MTL-LSTM (full),181,586025.1151131615,12.127896683308645
fog_MC,tot_exp_gn,MTL-LSTM (full),182,1184770.0927248746,4.288943570526805
fog_MC,tot_exp_gn,MTL-LSTM (full),186,127475.16808632016,7.195992611469132
fog_MC,tot_exp_gn,MTL-LSTM (full),187,44985.086771681905,3.49924786269845
fog_MC,tot_exp_gn,MTL-LSTM (full),188,108932.01886979304,9.168158030999235
fog_MC,tot_exp_gn,MTL-LSTM (full),189,322695.0238335151,16.566945626146392
fog_MC,tot_exp_gn,MTL-LSTM (full),190,7145.945876248181,1.3687767696605635
fog_MC,tot_exp_gn,MTL-LSTM (full),192,46334.96496453136,0.6404444959409112
fog_MC,tot_exp_gn,MTL-LSTM (full),193,1023412.0832972527,9.88385866745201
fog_MC,tot_exp_gn,MTL-LSTM (full),196,621619.270793438,8.409216954236351
fog_MC,tot_exp_gn,MTL-LSTM (full),198,140251.15678425133,22.355321481167827
fog_MC,tot_exp_gn,MTL-LSTM (full),199,856465.8843209147,5.448027161006784
fog_MC,tot_exp_gn,MTL-LSTM (full),200,33411.79729387164,4.616764538791162
fog_MC,tot_exp_gn,MTL-LSTM (full),202,839591.0775148794,28.548911648909492
fog_MC,tot_exp_gn,MTL-LSTM (full),204,42966.047747559845,1.477380871808938
fog_MC,tot_exp_gn,MTL-LSTM (full),206,96882.18546655774,4.192188519345017
fog_MC,tot_exp_gn,MTL-LSTM (full),207,250963.1309108287,27.986993530244753
fog_MC,tot_exp_gn,MTL-LSTM (full),209,169121.20545844734,10.440886356738348
fog_MC,tot_exp_gn,MTL-LSTM (full),212,393143.15190052986,5.497564173463502
fog_MC,tot_exp_gn,MTL-LSTM (full),213,56140.179462358356,9.85282040046654
fog_MC,tot_exp_gn,MTL-LSTM (full),214,213243.23980598152,34.537883334875225
fog_MC,tot_exp_gn,MTL-LSTM (full),216,239176.05723188072,56.00001715214522
fog_MC,tot_exp_gn,MTL-LSTM (full),217,136763.07753496617,27.501921305399712
fog_MC,tot_exp_gn,MTL-LSTM (full),218,35319.203265696764,0.8190907191976161
fog_MC,tot_exp_gn,MTL-LSTM (full),221,109550.14052294195,35.8347859241925
fog_MC,tot_exp_gn,MTL-LSTM (full),223,5575978.098917447,25.92460861632776
fog_MC,tot_exp_gn,MTL-LSTM (full),226,537836.1056090444,8.883191403401634
fog_MC,tot_exp_gn,MTL-LSTM (full),228,449437.9583804682,28.943338722931642
fog_MC,tot_exp_gn,MTL-LSTM (full),229,22077461.08745119,13.92852594271092
fog_MC,tot_exp_gn,MTL-LSTM (full),230,324478.2042462528,22.148744902050485
fog_MC,tot_exp_gn,MTL-LSTM (full),231,392349.0272322297,24.947123464908827
fog_MC,tot_exp_gn,MTL-LSTM (full),234,11360.908194757998,2.041322199984656
fog_MC,tot_exp_gn,MTL-LSTM (full),235,751011.998606965,2.1155786031720485
fog_MC,tot_exp_gn,MTL-LSTM (full),236,2020076.1112906486,11.257773729587615
fog_MC,tot_exp_gn,MTL-LSTM (full),237,588907.9634191021,21.763735264255153
fog_MC,tot_exp_gn,MTL-LSTM (full),239,1838804.1670615673,8.787246070533989
fog_MC,tot_exp_gn,MTL-LSTM (full),241,148813.9055661559,16.30848129045438
fog_MC,tot_exp_gn,MTL-LSTM (full),242,969202.8640174866,7.53796090508876
fog_MC,tot_exp_gn,MTL-LSTM (full),244,734810.9771715216,2.469438267657095
fog_MC,tot_exp_gn,MTL-LSTM (full),245,71445.05410794169,7.29303929285783
fog_MC,tot_exp_gn,MTL-LSTM (full),246,538211.9941985011,14.144103543153433
fog_MC,tot_exp_gn,MTL-LSTM (full),247,838009.0897488594,10.359129627431516
fog_MC,tot_exp_gn,MTL-LSTM (full),248,350891.0626439005,11.744444762049772
fog_MC,tot_exp_gn,MTL-LSTM (full),249,93935.13071089983,16.101285518458116
fog_MC,tot_exp_gn,MTL-LSTM (full),250,697342.0440410897,11.080293623281143
fog_MC,tot_exp_gn,MTL-LSTM (full),251,1165854.8856945634,20.990035562210736
fog_MC,tot_exp_gn,MTL-LSTM (full),253,83837.92070227116,27.81303095530766
fog_MC,tot_exp_gn,MTL-LSTM (full),254,361159.0988748446,18.578090857221024
fog_MC,tot_exp_gn,MTL-LSTM (full),255,109773.13114324212,5.161853339177641
fog_MC,tot_exp_gn,MTL-LSTM (full),256,6100809.820200473,91.25389089693516
fog_MC,tot_exp_gn,MTL-LSTM (full),257,4660607.036334999,19.947809203507973
fog_MC,tot_exp_gn,MTL-LSTM (full),259,1960467.2241318524,17.279297953407323
fog_MC,tot_exp_gn,MTL-LSTM (full),261,1593527.2345317304,8.640442182801463
fog_MC,tot_exp_gn,MTL-LSTM (full),262,442297.02505088784,7.773385160195797
fog_MC,tot_exp_gn,MTL-LSTM (full),263,2210.733210146427,0.06590092825560488
fog_MC,tot_exp_gn,MTL-LSTM (full),264,323153.0008054137,53.14041931774253
fog_MC,tot_exp_gn,MTL-LSTM (full),265,544342.1949675381,5.492196553144897
fog_MC,tot_exp_gn,MTL-LSTM (full),266,86030.94346407056,26.668614739259333
fog_MC,tot_exp_gn,MTL-LSTM (full),267,608557.0100750029,24.646082857614658
fog_MC,tot_exp_gn,MTL-LSTM (full),269,3542395.075369552,13.280931170531742
fog_MC,tot_exp_gn,MTL-LSTM (full),270,22281605.031276524,11.294620995014494
fog_MC,tot_exp_gn,MTL-LSTM (full),272,367859.9581988454,17.926793530059378
fog_MC,tot_exp_gn,MTL-LSTM (full),273,714289.3655893207,26.699967587838636
fog_MC,tot_exp_gn,MTL-LSTM (full),274,3714.859467983246,0.42313680538498516
fog_MC,cash_ga,ARIMA,1,10477509.148265295,17.672636585247968
fog_MC,cash_ga,ARIMA,4,4815018.0394479185,15.727528891590993
fog_MC,cash_ga,ARIMA,5,481144.5489577544,20.0177153005938
fog_MC,cash_ga,ARIMA,7,23661.82145296596,0.49610998569570486
fog_MC,cash_ga,ARIMA,8,479517.99535893626,30.587805692699234
fog_MC,cash_ga,ARIMA,9,6092226.885941364,96.41582064107405
fog_MC,cash_ga,ARIMA,11,341740.93034882075,17.56373024128854
fog_MC,cash_ga,ARIMA,13,3634798.583498463,4.519511615880586
fog_MC,cash_ga,ARIMA,14,86097.8983101761,5.551855734188739
fog_MC,cash_ga,ARIMA,15,83205.69591109175,1.689747438243332
fog_MC,cash_ga,ARIMA,16,2946371.2982051317,19.914404724391222
fog_MC,cash_ga,ARIMA,17,651221.2679913174,22.685825586919847
fog_MC,cash_ga,ARIMA,18,1607707.6235068608,36.8618973548412
fog_MC,cash_ga,ARIMA,19,171871.25365205994,15.715112369169159
fog_MC,cash_ga,ARIMA,21,1046200.8357269731,29.553883081246813
fog_MC,cash_ga,ARIMA,22,906492.1870901259,15.443013029079827
fog_MC,cash_ga,ARIMA,26,934486.4535368826,200.0
fog_MC,cash_ga,ARIMA,27,10934635.80358629,14.388086685505852
fog_MC,cash_ga,ARIMA,28,10549671.948466238,69.8611670850782
fog_MC,cash_ga,ARIMA,29,8147068.45382791,15.79371868842801
fog_MC,cash_ga,ARIMA,30,7559581.159372322,14.442014782744641
fog_MC,cash_ga,ARIMA,32,2269766.8727748357,10.241112812820354
fog_MC,cash_ga,ARIMA,33,89239.6144657135,0.5175879662247099
fog_MC,cash_ga,ARIMA,36,1168069.0,58.604889656973434
fog_MC,cash_ga,ARIMA,37,34711590.0910949,123.58108602961822
fog_MC,cash_ga,ARIMA,39,2597702.0,13.334636492709434
fog_MC,cash_ga,ARIMA,40,2040714.7899108045,10.991305655079426
fog_MC,cash_ga,ARIMA,41,84106.11712042335,1.1244722512453864
fog_MC,cash_ga,ARIMA,43,2548606.0,7.739011250873126
fog_MC,cash_ga,ARIMA,45,1087426000.0,48.00908769020619
fog_MC,cash_ga,ARIMA,46,1066750.0,17.764688445583516
fog_MC,cash_ga,ARIMA,47,406431.23080247967,14.13735010395415
fog_MC,cash_ga,ARIMA,49,417692.6244879067,6.638509775584413
fog_MC,cash_ga,ARIMA,50,6886.080169195309,0.11325504826265292
fog_MC,cash_ga,ARIMA,53,122723.53845467884,5.7187569357262555
fog_MC,cash_ga,ARIMA,55,3672419.4882605877,43.53289279469595
fog_MC,cash_ga,ARIMA,56,3848168.6251461795,73.8780292981019
fog_MC,cash_ga,ARIMA,57,110996.36850909516,0.49063559326338274
fog_MC,cash_ga,ARIMA,65,701831.4826216339,26.248684465357307
fog_MC,cash_ga,ARIMA,67,98102.90381792327,70.26499898587285
fog_MC,cash_ga,ARIMA,69,84177.0,5.70699070258895
fog_MC,cash_ga,ARIMA,70,2081646.0374672376,15.647610278303267
fog_MC,cash_ga,ARIMA,71,27302.545250749215,0.6894932578770486
fog_MC,cash_ga,ARIMA,72,617283.4289723597,18.300177825149515
fog_MC,cash_ga,ARIMA,74,35717.29728602967,1.8387892186277455
fog_MC,cash_ga,ARIMA,75,57690.38176012988,55.64336844706036
fog_MC,cash_ga,ARIMA,76,163891.29282764206,7.818183054951371
fog_MC,cash_ga,ARIMA,78,1367665.8284986615,10.485875490184595
fog_MC,cash_ga,ARIMA,79,1763805.1366223223,200.0
fog_MC,cash_ga,ARIMA,80,1268517.9838457354,58.74675015321122
fog_MC,cash_ga,ARIMA,81,60674.978724474786,4.762005908346221
fog_MC,cash_ga,ARIMA,82,210033.67705210857,12.538873640651351
fog_MC,cash_ga,ARIMA,83,135368.227096815,29.62636478679973
fog_MC,cash_ga,ARIMA,84,102750.52506500995,8.71989970445318
fog_MC,cash_ga,ARIMA,85,4262.483349626491,4.252607023851073
fog_MC,cash_ga,ARIMA,86,1488797.0,8.151953865148464
fog_MC,cash_ga,ARIMA,87,567766.3359807562,18.555649001228225
fog_MC,cash_ga,ARIMA,88,48017.0,3.959265338061331
fog_MC,cash_ga,ARIMA,89,41948290.339989394,200.0
fog_MC,cash_ga,ARIMA,90,615412.0,29.598627543116528
fog_MC,cash_ga,ARIMA,92,118632.49192338018,6.470147082429636
fog_MC,cash_ga,ARIMA,93,75204.99107955897,10.091697047726521
fog_MC,cash_ga,ARIMA,95,1260748.7945625414,30.534215809926053
fog_MC,cash_ga,ARIMA,96,523120.2510859645,48.33028054785344
fog_MC,cash_ga,ARIMA,97,888511.0,6.205113655707752
fog_MC,cash_ga,ARIMA,99,1481937.7613436617,36.73246329699933
fog_MC,cash_ga,ARIMA,101,45139.17440816853,5.703966937369113
fog_MC,cash_ga,ARIMA,103,48803.00786553495,42.16843542029614
fog_MC,cash_ga,ARIMA,104,111050.11047845636,11.876597287787243
fog_MC,cash_ga,ARIMA,105,352786.91038776,7.27834861853476
fog_MC,cash_ga,ARIMA,107,2945.0,1.4454306966288826
fog_MC,cash_ga,ARIMA,108,384638.0,42.00090632626654
fog_MC,cash_ga,ARIMA,110,729670.1756604295,8.416128566286536
fog_MC,cash_ga,ARIMA,111,1902502.4525396577,71.82652810114278
fog_MC,cash_ga,ARIMA,113,3876838.752891779,8.183609939214412
fog_MC,cash_ga,ARIMA,115,4268541.733800866,11.577291855268424
fog_MC,cash_ga,ARIMA,116,36585975.0,200.0
fog_MC,cash_ga,ARIMA,117,2517424.153355213,19.481822608567384
fog_MC,cash_ga,ARIMA,118,439618.53588418383,12.660678209427426
fog_MC,cash_ga,ARIMA,119,178717.58375345822,2.6482317682304335
fog_MC,cash_ga,ARIMA,120,3667782.0,15.931163207354416
fog_MC,cash_ga,ARIMA,121,929598.7281125903,36.337465880868876
fog_MC,cash_ga,ARIMA,123,600816.0,16.432201333959462
fog_MC,cash_ga,ARIMA,124,779819.0,200.0
fog_MC,cash_ga,ARIMA,128,7040555.760888822,19.062448969815655
fog_MC,cash_ga,ARIMA,129,801021.9515543669,29.36972480259181
fog_MC,cash_ga,ARIMA,130,27753797.516318798,24.1986868265356
fog_MC,cash_ga,ARIMA,131,129901.0,13.199382814210717
fog_MC,cash_ga,ARIMA,132,314442.1103425715,1.9515046010566608
fog_MC,cash_ga,ARIMA,134,1017928.6522721406,9.03763873589504
fog_MC,cash_ga,ARIMA,137,66687.14571265317,0.6305517144932731
fog_MC,cash_ga,ARIMA,139,100214.6222388756,6.4540075452715255
fog_MC,cash_ga,ARIMA,140,360396.83277761564,13.039008356419057
fog_MC,cash_ga,ARIMA,141,28282.02606547528,10.976193108148784
fog_MC,cash_ga,ARIMA,142,1062489.8226169795,62.28514368563987
fog_MC,cash_ga,ARIMA,144,729287.0,12.015373955730805
fog_MC,cash_ga,ARIMA,145,75033.08851308515,15.237667808327693
fog_MC,cash_ga,ARIMA,146,672679.3740087468,7.843798778880004
fog_MC,cash_ga,ARIMA,147,2652373.084785709,45.97806286917876
fog_MC,cash_ga,ARIMA,148,28719.541391522856,1.6013588194103874
fog_MC,cash_ga,ARIMA,149,364645.6661657344,27.599772647140615
fog_MC,cash_ga,ARIMA,150,106554.02435548045,9.084609901874629
fog_MC,cash_ga,ARIMA,151,2982686.0,200.0
fog_MC,cash_ga,ARIMA,152,1392514.23354059,20.376305274958952
fog_MC,cash_ga,ARIMA,153,720259.0,48.96611573534766
fog_MC,cash_ga,ARIMA,154,330336.0,26.959931770975732
fog_MC,cash_ga,ARIMA,155,91025.96585103148,8.064022877055288
fog_MC,cash_ga,ARIMA,156,596930.4335304648,15.694949252582779
fog_MC,cash_ga,ARIMA,157,1859370.6219293908,75.44186523515907
fog_MC,cash_ga,ARIMA,160,64887561.59744597,84.95281927023804
fog_MC,cash_ga,ARIMA,162,939961.0,6.096785359246741
fog_MC,cash_ga,ARIMA,163,2500758.6712724436,25.897134277977337
fog_MC,cash_ga,ARIMA,166,259682.93520835962,49.994738176901784
fog_MC,cash_ga,ARIMA,168,314980.37695266213,9.719981010379382
fog_MC,cash_ga,ARIMA,169,896740.0878364504,117.94959970192605
fog_MC,cash_ga,ARIMA,170,72098.0,8.748260309825625
fog_MC,cash_ga,ARIMA,171,78753.980214181,15.063911507849456
fog_MC,cash_ga,ARIMA,172,225398.07151844446,6.378835719506173
fog_MC,cash_ga,ARIMA,173,181813.27323682047,14.267925815663443
fog_MC,cash_ga,ARIMA,174,58585.75131672574,10.129509242665662
fog_MC,cash_ga,ARIMA,175,352948.99398628436,5.9470779124604185
fog_MC,cash_ga,ARIMA,176,37407.2300474192,1.5245871338333155
fog_MC,cash_ga,ARIMA,177,108104.41271996964,8.183713167752513
fog_MC,cash_ga,ARIMA,178,906551.1847305484,5.463097831173431
fog_MC,cash_ga,ARIMA,180,3005921.5943269003,41.45158112742617
fog_MC,cash_ga,ARIMA,181,4345531.814449368,34.98638139192723
fog_MC,cash_ga,ARIMA,182,1289444.843246404,6.667203743911977
fog_MC,cash_ga,ARIMA,186,527451.0,7.489686170035646
fog_MC,cash_ga,ARIMA,187,230610.41395472363,11.682037938760603
fog_MC,cash_ga,ARIMA,188,470036.10071510077,15.143032946799886
fog_MC,cash_ga,ARIMA,189,4441919.08821772,133.20785457750455
fog_MC,cash_ga,ARIMA,190,31894.0,12.958666672084057
fog_MC,cash_ga,ARIMA,192,3491278.402874369,19.717419904050036
fog_MC,cash_ga,ARIMA,193,820585.8397448286,7.5916597788652025
fog_MC,cash_ga,ARIMA,196,18227581.293541055,200.0
fog_MC,cash_ga,ARIMA,198,258175.2909764298,200.0
fog_MC,cash_ga,ARIMA,199,2584676.6420521773,8.857191339298067
fog_MC,cash_ga,ARIMA,200,70221.94858295762,14.56596867172778
fog_MC,cash_ga,ARIMA,202,289194.096660492,6.337239618357497
fog_MC,cash_ga,ARIMA,204,1360494.6509260815,53.95676521897306
fog_MC,cash_ga,ARIMA,206,8055027.208539428,120.73297986535
fog_MC,cash_ga,ARIMA,207,130228.59327159217,8.163874134322008
fog_MC,cash_ga,ARIMA,209,562141.1454890158,43.65546111403489
fog_MC,cash_ga,ARIMA,212,2286575.0926301964,20.262588706798436
fog_MC,cash_ga,ARIMA,213,435390.68655822426,24.65756861266844
fog_MC,cash_ga,ARIMA,214,8151.587888857175,1.9411648736192555
fog_MC,cash_ga,ARIMA,216,127058.7528383705,15.113220531552631
fog_MC,cash_ga,ARIMA,217,194400.8928821287,23.52178874699358
fog_MC,cash_ga,ARIMA,218,836795.0,10.85163049380855
fog_MC,cash_ga,ARIMA,221,77007.0,12.679253111691596
fog_MC,cash_ga,ARIMA,223,591994.7902046442,3.271919691333733
fog_MC,cash_ga,ARIMA,226,4595469.645288792,78.47666494598093
fog_MC,cash_ga,ARIMA,228,991257.2101395605,17.858133658991175
fog_MC,cash_ga,ARIMA,229,56908014.464993894,31.579749483313435
fog_MC,cash_ga,ARIMA,230,471217.0,13.867564533570611
fog_MC,cash_ga,ARIMA,231,199651.10743322375,22.816710182502646
fog_MC,cash_ga,ARIMA,234,37926.87447933224,5.498334334380064
fog_MC,cash_ga,ARIMA,235,9260093.87793076,18.25763027446054
fog_MC,cash_ga,ARIMA,236,4801627.789616711,13.919462261765023
fog_MC,cash_ga,ARIMA,237,1609949.553105414,46.776481259221434
fog_MC,cash_ga,ARIMA,239,9860081.732388414,16.146535094102347
fog_MC,cash_ga,ARIMA,241,633164.8636011891,110.364297102251
fog_MC,cash_ga,ARIMA,242,13965539.647831414,50.02628225139658
fog_MC,cash_ga,ARIMA,244,6645544.7133274,13.61911022989034
fog_MC,cash_ga,ARIMA,245,199954.84709013766,5.871734489530671
fog_MC,cash_ga,ARIMA,246,446116.70672142226,5.917553538609846
fog_MC,cash_ga,ARIMA,247,160492.69210903533,1.0282391588913122
fog_MC,cash_ga,ARIMA,248,204184.74760738015,3.3318798387796438
fog_MC,cash_ga,ARIMA,249,87094.0,4.968611727872466
fog_MC,cash_ga,ARIMA,250,4425718.0,200.0
fog_MC,cash_ga,ARIMA,251,97439.0,3.7685934559079906
fog_MC,cash_ga,ARIMA,253,318177.9248015651,34.48529795061204
fog_MC,cash_ga,ARIMA,254,749658.8688681321,15.187185884289086
fog_MC,cash_ga,ARIMA,255,1380361.8560773628,26.432295533220636
fog_MC,cash_ga,ARIMA,256,4993410.37592136,66.22662232471176
fog_MC,cash_ga,ARIMA,257,145282.0,4.059997032174083
fog_MC,cash_ga,ARIMA,259,2581789.251239972,17.208006492808803
fog_MC,cash_ga,ARIMA,261,7957479.676682051,29.462797246610023
fog_MC,cash_ga,ARIMA,262,7465669.0,200.0
fog_MC,cash_ga,ARIMA,263,1124292.9741342813,19.259403006597328
fog_MC,cash_ga,ARIMA,264,66831.20379810967,9.262613812120978
fog_MC,cash_ga,ARIMA,265,6021563.366772894,42.236837999283004
fog_MC,cash_ga,ARIMA,266,278033.7934381207,133.97727243010885
fog_MC,cash_ga,ARIMA,267,9395045.986407755,200.0
fog_MC,cash_ga,ARIMA,269,717713.1621460803,4.745391524145908
fog_MC,cash_ga,ARIMA,270,1435298.747912228,1.0078416239241388
fog_MC,cash_ga,ARIMA,272,97009.96063659736,19.40346755464013
fog_MC,cash_ga,ARIMA,273,495395.5923143681,8.366065679112147
fog_MC,cash_ga,ARIMA,274,419316.0,13.106299504242585
fog_MC,cash_ga,STL-LSTM (full),1,8994764.5652771,14.984283178992222
fog_MC,cash_ga,STL-LSTM (full),4,5756746.3984375,19.097259412558156
fog_MC,cash_ga,STL-LSTM (full),5,480946.8427886963,20.0086669597194
fog_MC,cash_ga,STL-LSTM (full),7,382691.79403686523,8.380796011080104
fog_MC,cash_ga,STL-LSTM (full),8,479447.28760528564,30.58260564892356
fog_MC,cash_ga,STL-LSTM (full),9,6092361.77142334,96.41692623651691
fog_MC,cash_ga,STL-LSTM (full),11,341672.12226867676,17.559883366746014
fog_MC,cash_ga,STL-LSTM (full),13,3634661.9353485107,4.519337868088116
fog_MC,cash_ga,STL-LSTM (full),14,86140.93561935425,5.554553837116323
fog_MC,cash_ga,STL-LSTM (full),15,223359.50566101074,4.681738017202797
fog_MC,cash_ga,STL-LSTM (full),16,1257915.4901885986,8.043244292978878
fog_MC,cash_ga,STL-LSTM (full),17,308772.46502685547,12.916043885766149
fog_MC,cash_ga,STL-LSTM (full),18,273282.82783699036,7.3975737575344525
fog_MC,cash_ga,STL-LSTM (full),19,30772.863220214844,3.0077488775466668
fog_MC,cash_ga,STL-LSTM (full),21,1046058.8438110352,29.549279359722853
fog_MC,cash_ga,STL-LSTM (full),22,1143985.1660003662,19.891341833750158
fog_MC,cash_ga,STL-LSTM (full),26,161311.94506835938,24.25087220437481
fog_MC,cash_ga,STL-LSTM (full),27,10935052.948791504,14.388596087497946
fog_MC,cash_ga,STL-LSTM (full),28,7393291.854187012,54.673112317989734
fog_MC,cash_ga,STL-LSTM (full),29,8146805.128601074,15.793167902044903
fog_MC,cash_ga,STL-LSTM (full),30,7559656.754501343,14.442148772996324
fog_MC,cash_ga,STL-LSTM (full),32,2269578.7471313477,10.240220535810456
fog_MC,cash_ga,STL-LSTM (full),33,658428.8005267978,3.882967710496241
fog_MC,cash_ga,STL-LSTM (full),36,1168255.1674804688,58.611492839298215
fog_MC,cash_ga,STL-LSTM (full),37,34711275.16534424,123.5792720334302
fog_MC,cash_ga,STL-LSTM (full),39,2597472.787689209,13.333381449687185
fog_MC,cash_ga,STL-LSTM (full),40,2040497.175491333,10.99006917631778
fog_MC,cash_ga,STL-LSTM (full),41,84129.3676776886,1.1247813556545698
fog_MC,cash_ga,STL-LSTM (full),43,2548334.0344848633,7.738153457103193
fog_MC,cash_ga,STL-LSTM (full),45,1087426224.789215,48.00909523221119
fog_MC,cash_ga,STL-LSTM (full),46,1067059.4461364746,17.76938383218681
fog_MC,cash_ga,STL-LSTM (full),47,155575.2034276724,5.658416742719388
fog_MC,cash_ga,STL-LSTM (full),49,417519.93783569336,6.635674156645019
fog_MC,cash_ga,STL-LSTM (full),50,554484.5242156982,8.717161187996528
fog_MC,cash_ga,STL-LSTM (full),53,122980.35089111328,5.730381179604136
fog_MC,cash_ga,STL-LSTM (full),55,3672681.874572754,43.53532607826339
fog_MC,cash_ga,STL-LSTM (full),56,3848397.912841797,73.88080512993054
fog_MC,cash_ga,STL-LSTM (full),57,111166.45275878906,0.4913855669674809
fog_MC,cash_ga,STL-LSTM (full),65,233155.35781860352,9.55774228952649
fog_MC,cash_ga,STL-LSTM (full),67,98444.45315551758,70.42349082656747
fog_MC,cash_ga,STL-LSTM (full),69,84583.12692260742,5.733735720600453
fog_MC,cash_ga,STL-LSTM (full),70,1459331.0971069336,11.23242674440709
fog_MC,cash_ga,STL-LSTM (full),71,27141.01983642578,0.6854001467571229
fog_MC,cash_ga,STL-LSTM (full),72,179556.18466186523,5.692539254529405
fog_MC,cash_ga,STL-LSTM (full),74,35946.296142578125,1.8504694037509575
fog_MC,cash_ga,STL-LSTM (full),75,2129.7700805664062,1.6201007295835173
fog_MC,cash_ga,STL-LSTM (full),76,164120.7879333496,7.828702235494965
fog_MC,cash_ga,STL-LSTM (full),78,1367256.2997436523,10.482571070154762
fog_MC,cash_ga,STL-LSTM (full),79,739779.6525268555,53.26876483181707
fog_MC,cash_ga,STL-LSTM (full),80,941130.175994873,47.160141134901835
fog_MC,cash_ga,STL-LSTM (full),81,58939.20048522949,4.853597928307832
fog_MC,cash_ga,STL-LSTM (full),82,209817.8603515625,12.525182644722893
fog_MC,cash_ga,STL-LSTM (full),83,200625.4142150879,40.98187390544828
fog_MC,cash_ga,STL-LSTM (full),84,192519.67428588867,18.67835219090474
fog_MC,cash_ga,STL-LSTM (full),85,12931.187222599983,14.111562039402479
fog_MC,cash_ga,STL-LSTM (full),86,1488940.6601257324,8.152708415363323
fog_MC,cash_ga,STL-LSTM (full),87,541385.7948760986,17.7700880650561
fog_MC,cash_ga,STL-LSTM (full),88,48210.65592956543,3.974915975737002
fog_MC,cash_ga,STL-LSTM (full),89,47414.72425842285,5.457663220959913
fog_MC,cash_ga,STL-LSTM (full),90,615169.5796661377,29.585243459747236
fog_MC,cash_ga,STL-LSTM (full),92,119007.96002197266,6.489960393126322
fog_MC,cash_ga,STL-LSTM (full),93,75524.42904663086,10.132390539847103
fog_MC,cash_ga,STL-LSTM (full),95,1260481.4160461426,30.526751733912988
fog_MC,cash_ga,STL-LSTM (full),96,523248.8905029297,48.339292833065755
fog_MC,cash_ga,STL-LSTM (full),97,888292.1356964111,6.20353775814886
fog_MC,cash_ga,STL-LSTM (full),99,301176.6763458252,9.582910959619936
fog_MC,cash_ga,STL-LSTM (full),101,45416.44366455078,5.737998584442252
fog_MC,cash_ga,STL-LSTM (full),103,49016.999114990234,42.31421592813628
fog_MC,cash_ga,STL-LSTM (full),104,111048.84863102436,11.876470349391075
fog_MC,cash_ga,STL-LSTM (full),105,352512.93548583984,7.272490706560952
fog_MC,cash_ga,STL-LSTM (full),107,3045.9837188720703,1.4946239575570126
fog_MC,cash_ga,STL-LSTM (full),108,384628.06303596497,42.000049116425
fog_MC,cash_ga,STL-LSTM (full),110,1358080.6953125,16.253348934084062
fog_MC,cash_ga,STL-LSTM (full),111,764170.149336338,36.74636810791111
fog_MC,cash_ga,STL-LSTM (full),113,2973658.5059814453,6.337501752812784
fog_MC,cash_ga,STL-LSTM (full),115,4268297.780715942,11.57659189822882
fog_MC,cash_ga,STL-LSTM (full),116,1259620.9954986572,3.384641701502806
fog_MC,cash_ga,STL-LSTM (full),117,4115924.510986328,25.346567692297246
fog_MC,cash_ga,STL-LSTM (full),118,433042.8903198242,14.263677075241391
fog_MC,cash_ga,STL-LSTM (full),119,52914.12435913086,0.7914568786393209
fog_MC,cash_ga,STL-LSTM (full),120,3667443.394805908,15.92957531988095
fog_MC,cash_ga,STL-LSTM (full),121,375046.6629180908,13.226762652534674
fog_MC,cash_ga,STL-LSTM (full),123,600536.7821655273,16.423937668805888
fog_MC,cash_ga,STL-LSTM (full),124,219511.0750732422,24.675962025745996
fog_MC,cash_ga,STL-LSTM (full),128,2145920.8219451904,6.635310881082122
fog_MC,cash_ga,STL-LSTM (full),129,800807.898727417,29.360724326493138
fog_MC,cash_ga,STL-LSTM (full),130,17007623.983444214,14.165415046068613
fog_MC,cash_ga,STL-LSTM (full),131,130063.6362915039,13.21481654855787
fog_MC,cash_ga,STL-LSTM (full),132,2243340.768951416,14.80913819281998
fog_MC,cash_ga,STL-LSTM (full),134,1017702.479095459,9.035539946451793
fog_MC,cash_ga,STL-LSTM (full),137,66621.78385925293,0.6299317473555616
fog_MC,cash_ga,STL-LSTM (full),139,88613.54461669922,6.076345285405308
fog_MC,cash_ga,STL-LSTM (full),140,411400.5785446167,15.02291125620192
fog_MC,cash_ga,STL-LSTM (full),141,27890.09814453125,10.815860923094531
fog_MC,cash_ga,STL-LSTM (full),142,1062721.4222869873,62.29449169083754
fog_MC,cash_ga,STL-LSTM (full),144,729037.5333709717,12.011017034461537
fog_MC,cash_ga,STL-LSTM (full),145,74604.56170654297,15.144053329580476
fog_MC,cash_ga,STL-LSTM (full),146,672760.9104614258,7.84471224509629
fog_MC,cash_ga,STL-LSTM (full),147,2652547.9468536377,45.98039717455944
fog_MC,cash_ga,STL-LSTM (full),148,28486.948974609375,1.5882868204290728
fog_MC,cash_ga,STL-LSTM (full),149,364687.6020050049,27.602508676374903
fog_MC,cash_ga,STL-LSTM (full),150,349065.98345947266,33.19218835092547
fog_MC,cash_ga,STL-LSTM (full),151,649909.4434814453,24.45354234259205
fog_MC,cash_ga,STL-LSTM (full),152,1392127.3640136719,20.37006774093705
fog_MC,cash_ga,STL-LSTM (full),153,720589.9445800781,48.98310434262257
fog_MC,cash_ga,STL-LSTM (full),154,330078.7812194824,26.936111912754342
fog_MC,cash_ga,STL-LSTM (full),155,119703.35913085938,9.699210651690981
fog_MC,cash_ga,STL-LSTM (full),156,597173.8377990723,15.700846613798833
fog_MC,cash_ga,STL-LSTM (full),157,1186293.2225646973,55.74420019586669
fog_MC,cash_ga,STL-LSTM (full),160,64887412.943359375,84.9525419792632
fog_MC,cash_ga,STL-LSTM (full),162,940178.6270751953,6.098153894359761
fog_MC,cash_ga,STL-LSTM (full),163,281939.123336792,3.411176270127302
fog_MC,cash_ga,STL-LSTM (full),166,86938.77798461914,14.351244370578081
fog_MC,cash_ga,STL-LSTM (full),168,31851.942321777344,1.0384937191192476
fog_MC,cash_ga,STL-LSTM (full),169,896441.1049499512,117.88709407470638
fog_MC,cash_ga,STL-LSTM (full),170,71752.89151000977,8.704562862093132
fog_MC,cash_ga,STL-LSTM (full),171,78754.9854618311,15.064118272490761
fog_MC,cash_ga,STL-LSTM (full),172,225403.95890283585,6.379007648506442
fog_MC,cash_ga,STL-LSTM (full),173,182015.17929077148,14.282639014567836
fog_MC,cash_ga,STL-LSTM (full),174,33450.8867225647,5.357409766391578
fog_MC,cash_ga,STL-LSTM (full),175,352760.75511169434,5.943811885624564
fog_MC,cash_ga,STL-LSTM (full),176,230870.68241882324,9.795665763032634
fog_MC,cash_ga,STL-LSTM (full),177,58507.86560058594,4.727281590469349
fog_MC,cash_ga,STL-LSTM (full),178,906985.3368225098,5.465642638256872
fog_MC,cash_ga,STL-LSTM (full),180,871557.3807487488,10.476925993406295
fog_MC,cash_ga,STL-LSTM (full),181,6118394.819412231,53.045649664025476
fog_MC,cash_ga,STL-LSTM (full),182,1289243.730255127,6.666129209341035
fog_MC,cash_ga,STL-LSTM (full),186,527293.4910125732,7.487365846733837
fog_MC,cash_ga,STL-LSTM (full),187,385799.7752380371,20.343098996093406
fog_MC,cash_ga,STL-LSTM (full),188,469810.18046569824,15.13520373038994
fog_MC,cash_ga,STL-LSTM (full),189,394163.9845275879,6.851904933347148
fog_MC,cash_ga,STL-LSTM (full),190,32093.198333740234,13.034327120611804
fog_MC,cash_ga,STL-LSTM (full),192,231977.17779541016,1.464045757047262
fog_MC,cash_ga,STL-LSTM (full),193,820981.993347168,7.595185616158982
fog_MC,cash_ga,STL-LSTM (full),196,1204144.585067749,6.923966584503487
fog_MC,cash_ga,STL-LSTM (full),198,4813.40559387207,1.9460786118150928
fog_MC,cash_ga,STL-LSTM (full),199,29413.167053222656,0.10551949469518315
fog_MC,cash_ga,STL-LSTM (full),200,70544.38864135742,14.627959825613024
fog_MC,cash_ga,STL-LSTM (full),202,289104.75227355957,6.335219757991398
fog_MC,cash_ga,STL-LSTM (full),204,756265.4874572754,34.07616298297477
fog_MC,cash_ga,STL-LSTM (full),206,337675.2641143799,3.206656701109498
fog_MC,cash_ga,STL-LSTM (full),207,130493.00924682617,8.179772118059649
fog_MC,cash_ga,STL-LSTM (full),209,562140.1664686203,43.655401679642075
fog_MC,cash_ga,STL-LSTM (full),212,2286759.280166626,20.264055519433327
fog_MC,cash_ga,STL-LSTM (full),213,435265.2717285156,24.649590583054813
fog_MC,cash_ga,STL-LSTM (full),214,34619.09905457497,8.686318031520125
fog_MC,cash_ga,STL-LSTM (full),216,114227.58150482178,13.484096062186099
fog_MC,cash_ga,STL-LSTM (full),217,220166.72658538818,27.061185057405694
fog_MC,cash_ga,STL-LSTM (full),218,836351.9046936035,10.845572796604912
fog_MC,cash_ga,STL-LSTM (full),221,77274.69342041016,12.720525666202926
fog_MC,cash_ga,STL-LSTM (full),223,1219124.5253753662,6.623243711600292
fog_MC,cash_ga,STL-LSTM (full),226,928599.971698761,12.076557652817726
fog_MC,cash_ga,STL-LSTM (full),228,1513120.622039795,28.604492135062493
fog_MC,cash_ga,STL-LSTM (full),229,14835031.265182495,9.320381282659678
fog_MC,cash_ga,STL-LSTM (full),230,471481.74530029297,13.874815278891628
fog_MC,cash_ga,STL-LSTM (full),231,156045.18576681614,14.820941436770713
fog_MC,cash_ga,STL-LSTM (full),234,38281.32180786133,5.548293774172558
fog_MC,cash_ga,STL-LSTM (full),235,6924825.184768677,13.975034210905774
fog_MC,cash_ga,STL-LSTM (full),236,4801623.414822578,13.919448697012893
fog_MC,cash_ga,STL-LSTM (full),237,174099.43855285645,6.828049429787816
fog_MC,cash_ga,STL-LSTM (full),239,9859973.53138733,16.146343603263134
fog_MC,cash_ga,STL-LSTM (full),241,407158.7781677246,88.37802268783886
fog_MC,cash_ga,STL-LSTM (full),242,8218960.633544922,26.693868575520952
fog_MC,cash_ga,STL-LSTM (full),244,6645736.27583313,13.619476076632731
fog_MC,cash_ga,STL-LSTM (full),245,199693.91259765625,5.863847413018497
fog_MC,cash_ga,STL-LSTM (full),246,445935.29876708984,5.915076069870368
fog_MC,cash_ga,STL-LSTM (full),247,160669.25399780273,1.0293645275984542
fog_MC,cash_ga,STL-LSTM (full),248,203990.52159118652,3.3286577163855102
fog_MC,cash_ga,STL-LSTM (full),249,87303.79272460938,4.980282128756027
fog_MC,cash_ga,STL-LSTM (full),250,1776208.8082677126,50.20923738938844
fog_MC,cash_ga,STL-LSTM (full),251,97018.82635498047,3.7520377674666343
fog_MC,cash_ga,STL-LSTM (full),253,180274.73120117188,18.180193391293408
fog_MC,cash_ga,STL-LSTM (full),254,1437805.6772842407,31.310729942677302
fog_MC,cash_ga,STL-LSTM (full),255,426968.4425201416,8.99722272097149
fog_MC,cash_ga,STL-LSTM (full),256,1673730.900604248,18.19327386918289
fog_MC,cash_ga,STL-LSTM (full),257,145107.7540435791,4.05502889107665
fog_MC,cash_ga,STL-LSTM (full),259,2581925.253845215,17.208834973146494
fog_MC,cash_ga,STL-LSTM (full),261,600483.5207157135,1.9567967691222217
fog_MC,cash_ga,STL-LSTM (full),262,680916.1854553223,8.72284267687208
fog_MC,cash_ga,STL-LSTM (full),263,143478.79541015625,2.6832387186094993
fog_MC,cash_ga,STL-LSTM (full),264,67100.83197021484,9.29824614299115
fog_MC,cash_ga,STL-LSTM (full),265,6021379.468765259,42.23527569165484
fog_MC,cash_ga,STL-LSTM (full),266,280942.20919799805,136.33411711714032
fog_MC,cash_ga,STL-LSTM (full),267,187439.76930588484,4.167065303208574
fog_MC,cash_ga,STL-LSTM (full),269,717783.1617431641,4.74584336653568
fog_MC,cash_ga,STL-LSTM (full),270,1434930.9651489258,1.0075820722705484
fog_MC,cash_ga,STL-LSTM (full),272,97314.44494628906,19.45844380610766
fog_MC,cash_ga,STL-LSTM (full),273,495230.795211792,8.363166268955217
fog_MC,cash_ga,STL-LSTM (full),274,419440.2099761963,13.109927371346796
fog_MC,cash_ga,MTL-LSTM (full),1,8994934.002215773,14.984586590183884
fog_MC,cash_ga,MTL-LSTM (full),4,5756981.994212575,19.098115602446022
fog_MC,cash_ga,MTL-LSTM (full),5,481144.6962144375,20.017722040310172
fog_MC,cash_ga,MTL-LSTM (full),7,382942.96943451837,8.38652730736562
fog_MC,cash_ga,MTL-LSTM (full),8,479517.9351300001,30.587801263196866
fog_MC,cash_ga,MTL-LSTM (full),9,6092223.055657901,96.4157892456239
fog_MC,cash_ga,MTL-LSTM (full),11,341741.07085837424,17.563738096938632
fog_MC,cash_ga,MTL-LSTM (full),13,3634914.879978746,4.519659486806783
fog_MC,cash_ga,MTL-LSTM (full),14,86097.89671705663,5.551855634311214
fog_MC,cash_ga,MTL-LSTM (full),15,223578.92382529378,4.6864449102757995
fog_MC,cash_ga,MTL-LSTM (full),16,1258159.09250997,8.044864566076615
fog_MC,cash_ga,MTL-LSTM (full),17,309210.77805547416,12.935564502506827
fog_MC,cash_ga,MTL-LSTM (full),18,273284.8760780543,7.397627151191477
fog_MC,cash_ga,MTL-LSTM (full),19,30505.963907264173,2.9820510198004735
fog_MC,cash_ga,MTL-LSTM (full),21,1046200.7345329225,29.553879800225058
fog_MC,cash_ga,MTL-LSTM (full),22,1144156.9593324736,19.89462607167199
fog_MC,cash_ga,MTL-LSTM (full),26,160902.96569018438,24.19682677649443
fog_MC,cash_ga,MTL-LSTM (full),27,10934631.111271635,14.388080955412267
fog_MC,cash_ga,MTL-LSTM (full),28,7392863.8634929955,54.67081250182281
fog_MC,cash_ga,MTL-LSTM (full),29,8147080.93319688,15.79374479107285
fog_MC,cash_ga,MTL-LSTM (full),30,7559562.966477811,14.441982536319117
fog_MC,cash_ga,MTL-LSTM (full),32,2269773.7186896205,10.241145283030843
fog_MC,cash_ga,MTL-LSTM (full),33,658427.9232996479,3.882962436765359
fog_MC,cash_ga,MTL-LSTM (full),36,1168069.0572920665,58.60489168916306
fog_MC,cash_ga,MTL-LSTM (full),37,34711589.052789286,123.58108004886577
fog_MC,cash_ga,MTL-LSTM (full),39,2597701.9628548473,13.334636289321411
fog_MC,cash_ga,MTL-LSTM (full),40,2040716.9021333605,10.991317656737177
fog_MC,cash_ga,MTL-LSTM (full),41,84105.14354786277,1.1244593080692284
fog_MC,cash_ga,MTL-LSTM (full),43,2548606.082906209,7.739011512364821
fog_MC,cash_ga,MTL-LSTM (full),45,1087426000.3363285,48.0090877014905
fog_MC,cash_ga,MTL-LSTM (full),46,1066750.152622193,17.76469076145879
fog_MC,cash_ga,MTL-LSTM (full),47,155575.89112727344,5.658441047349248
fog_MC,cash_ga,MTL-LSTM (full),49,417692.94804201275,6.638515088610945
fog_MC,cash_ga,MTL-LSTM (full),50,554380.9322814941,8.715603569346847
fog_MC,cash_ga,MTL-LSTM (full),53,122723.96987917647,5.718776464699289
fog_MC,cash_ga,MTL-LSTM (full),55,3672417.0543839447,43.53287022337755
fog_MC,cash_ga,MTL-LSTM (full),56,3848166.1198200807,73.87799896712997
fog_MC,cash_ga,MTL-LSTM (full),57,110990.91025096923,0.4906115253914082
fog_MC,cash_ga,MTL-LSTM (full),65,232991.0217015501,9.551327374735235
fog_MC,cash_ga,MTL-LSTM (full),67,98102.92550978065,70.26500906402828
fog_MC,cash_ga,MTL-LSTM (full),69,84177.11761964858,5.706998449360707
fog_MC,cash_ga,MTL-LSTM (full),70,1459055.1172402874,11.230421814620586
fog_MC,cash_ga,MTL-LSTM (full),71,27301.95054488629,0.6894781875139415
fog_MC,cash_ga,MTL-LSTM (full),72,179195.09143880755,5.681416577074563
fog_MC,cash_ga,MTL-LSTM (full),74,35717.076562687755,1.838777959874541
fog_MC,cash_ga,MTL-LSTM (full),75,2451.2511474490166,1.8669318322942399
fog_MC,cash_ga,MTL-LSTM (full),76,163891.05860815197,7.818172318634804
fog_MC,cash_ga,MTL-LSTM (full),78,1367666.9452545568,10.485884501245712
fog_MC,cash_ga,MTL-LSTM (full),79,740136.8605168313,53.301340917789716
fog_MC,cash_ga,MTL-LSTM (full),80,940981.1894737631,47.15443561504679
fog_MC,cash_ga,MTL-LSTM (full),81,59189.93767800927,4.874749213194442
fog_MC,cash_ga,MTL-LSTM (full),82,210033.94444571808,12.53889060468119
fog_MC,cash_ga,MTL-LSTM (full),83,200241.1307863742,40.91943652870271
fog_MC,cash_ga,MTL-LSTM (full),84,192710.8238850981,18.698631488258687
fog_MC,cash_ga,MTL-LSTM (full),85,12929.969543790445,14.11013945947403
fog_MC,cash_ga,MTL-LSTM (full),86,1488797.0769534856,8.15195426933506
fog_MC,cash_ga,MTL-LSTM (full),87,541152.9089648053,17.76312288722971
fog_MC,cash_ga,MTL-LSTM (full),88,48017.08104608953,3.959271888463447
fog_MC,cash_ga,MTL-LSTM (full),89,47339.12241258472,5.449198182569096
fog_MC,cash_ga,MTL-LSTM (full),90,615411.7543376386,29.598613979250178
fog_MC,cash_ga,MTL-LSTM (full),92,118633.00867646094,6.470174354084027
fog_MC,cash_ga,MTL-LSTM (full),93,75205.02660334669,10.091701574103835
fog_MC,cash_ga,MTL-LSTM (full),95,1260749.210624814,30.53422742499962
fog_MC,cash_ga,MTL-LSTM (full),96,523120.00342683634,48.33026319619219
fog_MC,cash_ga,MTL-LSTM (full),97,888511.018012464,6.205113785404622
fog_MC,cash_ga,MTL-LSTM (full),99,301335.18400481343,9.588196181116663
fog_MC,cash_ga,MTL-LSTM (full),101,45139.13771811128,5.703962433292952
fog_MC,cash_ga,MTL-LSTM (full),103,48803.09237898886,42.168493047885974
fog_MC,cash_ga,MTL-LSTM (full),104,111050.07834989578,11.876594055744155
fog_MC,cash_ga,MTL-LSTM (full),105,352788.01587609947,7.278372255871951
fog_MC,cash_ga,MTL-LSTM (full),107,2945.1440584659576,1.4455008907105942
fog_MC,cash_ga,MTL-LSTM (full),108,384638.21487918496,42.000924862665634
fog_MC,cash_ga,MTL-LSTM (full),110,1358287.9210800081,16.256030566652463
fog_MC,cash_ga,MTL-LSTM (full),111,764169.8776678666,36.74635744449207
fog_MC,cash_ga,MTL-LSTM (full),113,2973419.9841998965,6.337009518729002
fog_MC,cash_ga,MTL-LSTM (full),115,4268553.0792212635,11.577324407979825
fog_MC,cash_ga,MTL-LSTM (full),116,1259437.9653528556,3.384158215453708
fog_MC,cash_ga,MTL-LSTM (full),117,4115769.966786582,25.345736591569512
fog_MC,cash_ga,MTL-LSTM (full),118,433309.2217756212,14.273075620908285
fog_MC,cash_ga,MTL-LSTM (full),119,52698.91166061163,0.7882505466268348
fog_MC,cash_ga,MTL-LSTM (full),120,3667781.9580335803,15.931163010551638
fog_MC,cash_ga,MTL-LSTM (full),121,375225.0173392985,13.233468868121644
fog_MC,cash_ga,MTL-LSTM (full),123,600816.0795640796,16.43220368880913
fog_MC,cash_ga,MTL-LSTM (full),124,219269.01069661416,24.652104846194195
fog_MC,cash_ga,MTL-LSTM (full),128,2146128.0477705486,6.635972895416903
fog_MC,cash_ga,MTL-LSTM (full),129,801022.2012942731,29.369735304047918
fog_MC,cash_ga,MTL-LSTM (full),130,17007756.01714401,14.165532803963588
fog_MC,cash_ga,MTL-LSTM (full),131,129900.98619629163,13.199381504168716
fog_MC,cash_ga,MTL-LSTM (full),132,2243540.11841999,14.810551625842825
fog_MC,cash_ga,MTL-LSTM (full),134,1017931.1795406193,9.037662188093625
fog_MC,cash_ga,MTL-LSTM (full),137,66688.02726590075,0.6305600761863223
fog_MC,cash_ga,MTL-LSTM (full),139,88871.90598262101,6.094601323243463
fog_MC,cash_ga,MTL-LSTM (full),140,411467.16339609027,15.025525371031389
fog_MC,cash_ga,MTL-LSTM (full),141,28282.02273598686,10.976191745066156
fog_MC,cash_ga,MTL-LSTM (full),142,1062488.9840255883,62.285109835458805
fog_MC,cash_ga,MTL-LSTM (full),144,729287.1143029705,12.015375952067084
fog_MC,cash_ga,MTL-LSTM (full),145,75033.01160530467,15.237651000011693
fog_MC,cash_ga,MTL-LSTM (full),146,672678.9937326126,7.843794518563922
fog_MC,cash_ga,MTL-LSTM (full),147,2652372.0937980562,45.978049639876964
fog_MC,cash_ga,MTL-LSTM (full),148,28719.8815305084,1.6013779369090293
fog_MC,cash_ga,MTL-LSTM (full),149,364644.8986332789,27.599722570041624
fog_MC,cash_ga,MTL-LSTM (full),150,349452.887378037,33.23509211385438
fog_MC,cash_ga,MTL-LSTM (full),151,650115.0640384108,24.462225321222324
fog_MC,cash_ga,MTL-LSTM (full),152,1392514.9446723163,20.376316740928253
fog_MC,cash_ga,MTL-LSTM (full),153,720259.0099128457,48.96611624426787
fog_MC,cash_ga,MTL-LSTM (full),154,330335.88916859776,26.95992150630818
fog_MC,cash_ga,MTL-LSTM (full),155,119472.05432370305,9.681375943572501
fog_MC,cash_ga,MTL-LSTM (full),156,596928.9529922046,15.69491337995797
fog_MC,cash_ga,MTL-LSTM (full),157,1186109.9887873828,55.73798957299198
fog_MC,cash_ga,MTL-LSTM (full),160,64887578.083978966,84.95285002332294
fog_MC,cash_ga,MTL-LSTM (full),162,939960.8243748397,6.096784254830408
fog_MC,cash_ga,MTL-LSTM (full),163,282139.0290402882,3.413636207607642
fog_MC,cash_ga,MTL-LSTM (full),166,87139.83368882537,14.386820649006452
fog_MC,cash_ga,MTL-LSTM (full),168,32127.15359789133,1.0475136433332393
fog_MC,cash_ga,MTL-LSTM (full),169,896739.9190226421,117.94956440262612
fog_MC,cash_ga,MTL-LSTM (full),170,72098.09798312187,8.748272718993137
fog_MC,cash_ga,MTL-LSTM (full),171,78754.2051961869,15.063957783301113
fog_MC,cash_ga,MTL-LSTM (full),172,225399.21538057923,6.378869123634084
fog_MC,cash_ga,MTL-LSTM (full),173,181812.93576530367,14.267901221653112
fog_MC,cash_ga,MTL-LSTM (full),174,33408.073700778186,5.350736385988143
fog_MC,cash_ga,MTL-LSTM (full),175,352950.10128337145,5.947097124855837
fog_MC,cash_ga,MTL-LSTM (full),176,231095.99563874304,9.805694335592966
fog_MC,cash_ga,MTL-LSTM (full),177,58720.79723712802,4.744894069704743
fog_MC,cash_ga,MTL-LSTM (full),178,906550.8884522915,5.463096094498909
fog_MC,cash_ga,MTL-LSTM (full),180,871620.298802495,10.477721949863206
fog_MC,cash_ga,MTL-LSTM (full),181,6118645.051037349,53.04839457372134
fog_MC,cash_ga,MTL-LSTM (full),182,1289445.9072019234,6.667209428591798
fog_MC,cash_ga,MTL-LSTM (full),186,527451.1955106705,7.489689050208083
fog_MC,cash_ga,MTL-LSTM (full),187,386152.77374370396,20.363607684523306
fog_MC,cash_ga,MTL-LSTM (full),188,470036.8255983889,15.143058068387468
fog_MC,cash_ga,MTL-LSTM (full),189,393958.03952853754,6.848447499754751
fog_MC,cash_ga,MTL-LSTM (full),190,31893.84116886556,12.95860631966239
fog_MC,cash_ga,MTL-LSTM (full),192,232238.05411459133,1.465704255912007
fog_MC,cash_ga,MTL-LSTM (full),193,820586.1347419322,7.5916624044397985
fog_MC,cash_ga,MTL-LSTM (full),196,1204305.7371525466,6.924925311741208
fog_MC,cash_ga,MTL-LSTM (full),198,4605.400135457516,1.8627644639671894
fog_MC,cash_ga,MTL-LSTM (full),199,29792.932805284858,0.10688262929269453
fog_MC,cash_ga,MTL-LSTM (full),200,70221.95674363896,14.565970241195384
fog_MC,cash_ga,MTL-LSTM (full),202,289195.1118389815,6.337262569313533
fog_MC,cash_ga,MTL-LSTM (full),204,756042.0862097144,34.06781151837252
fog_MC,cash_ga,MTL-LSTM (full),206,337866.05785740167,3.2084975969516907
fog_MC,cash_ga,MTL-LSTM (full),207,130227.95305820927,8.163835638359194
fog_MC,cash_ga,MTL-LSTM (full),209,562140.8920095116,43.655445725799616
fog_MC,cash_ga,MTL-LSTM (full),212,2286573.079018645,20.262572670885852
fog_MC,cash_ga,MTL-LSTM (full),213,435391.05640726164,24.657592140760585
fog_MC,cash_ga,MTL-LSTM (full),214,34617.82943439484,8.68598563453909
fog_MC,cash_ga,MTL-LSTM (full),216,114345.91183243692,13.499007268777873
fog_MC,cash_ga,MTL-LSTM (full),217,220217.90266282856,27.06832654497032
fog_MC,cash_ga,MTL-LSTM (full),218,836795.0705605,10.85163145849136
fog_MC,cash_ga,MTL-LSTM (full),221,77007.08399030566,12.67926606403898
fog_MC,cash_ga,MTL-LSTM (full),223,1218945.052096665,6.622300956572648
fog_MC,cash_ga,MTL-LSTM (full),226,928643.8226685226,12.077162377372286
fog_MC,cash_ga,MTL-LSTM (full),228,1513373.0600200966,28.609946956206013
fog_MC,cash_ga,MTL-LSTM (full),229,14834857.062203974,9.320276936779626
fog_MC,cash_ga,MTL-LSTM (full),230,471216.9603723362,13.867563448220682
fog_MC,cash_ga,MTL-LSTM (full),231,156046.11704663187,14.8210233336383
fog_MC,cash_ga,MTL-LSTM (full),234,37927.08267664909,5.498363687379199
fog_MC,cash_ga,MTL-LSTM (full),235,6924598.248369023,13.974608229680744
fog_MC,cash_ga,MTL-LSTM (full),236,4801628.012615692,13.91946295320924
fog_MC,cash_ga,MTL-LSTM (full),237,174311.96479545534,6.836669471955348
fog_MC,cash_ga,MTL-LSTM (full),239,9860079.086010925,16.14653041061995
fog_MC,cash_ga,MTL-LSTM (full),241,406789.94216675684,88.33332270247776
fog_MC,cash_ga,MTL-LSTM (full),242,8219112.012139108,26.694425850996534
fog_MC,cash_ga,MTL-LSTM (full),244,6645526.04960566,13.619074585772605
fog_MC,cash_ga,MTL-LSTM (full),245,199956.0952757597,5.871772218979077
fog_MC,cash_ga,MTL-LSTM (full),246,446118.0639900118,5.917572074904321
fog_MC,cash_ga,MTL-LSTM (full),247,160489.92964607477,1.0282215514265844
fog_MC,cash_ga,MTL-LSTM (full),248,204185.9203069806,3.331899293649586
fog_MC,cash_ga,MTL-LSTM (full),249,87094.10489525646,4.968617563360405
fog_MC,cash_ga,MTL-LSTM (full),250,1776207.839252621,50.20920312101976
fog_MC,cash_ga,MTL-LSTM (full),251,97438.82829418778,3.768586689803425
fog_MC,cash_ga,MTL-LSTM (full),253,180387.03229627758,18.192548812435927
fog_MC,cash_ga,MTL-LSTM (full),254,1437894.0113797486,31.312954744467376
fog_MC,cash_ga,MTL-LSTM (full),255,426764.83830472827,8.99312522568603
fog_MC,cash_ga,MTL-LSTM (full),256,1673921.1123898253,18.1955295544248
fog_MC,cash_ga,MTL-LSTM (full),257,145282.17597182095,4.060002049645711
fog_MC,cash_ga,MTL-LSTM (full),259,2581787.736370176,17.207997264709167
fog_MC,cash_ga,MTL-LSTM (full),261,600474.9993362874,1.9567687288032063
fog_MC,cash_ga,MTL-LSTM (full),262,680755.2285171747,8.720870655239258
fog_MC,cash_ga,MTL-LSTM (full),263,143306.12570245564,2.680052843558732
fog_MC,cash_ga,MTL-LSTM (full),264,66831.34011080861,9.262631829697714
fog_MC,cash_ga,MTL-LSTM (full),265,6021566.077972911,42.23686103246452
fog_MC,cash_ga,MTL-LSTM (full),266,281274.972496897,136.60589536866573
fog_MC,cash_ga,MTL-LSTM (full),267,187439.05352348834,4.1670490587502265
fog_MC,cash_ga,MTL-LSTM (full),269,717711.0660610422,4.745377994034743
fog_MC,cash_ga,MTL-LSTM (full),270,1435292.23401469,1.0078370269305041
fog_MC,cash_ga,MTL-LSTM (full),272,97010.01669847593,19.40347767999036
fog_MC,cash_ga,MTL-LSTM (full),273,495395.86416971684,8.36607046215222
fog_MC,cash_ga,MTL-LSTM (full),274,419316.02524470724,13.106300241592539
fog_MC,una_ga,ARIMA,1,8597854.34761554,19.04897967036849
fog_MC,una_ga,ARIMA,4,5961715.180564569,92.88697616559422
fog_MC,una_ga,ARIMA,5,444364.87357364525,32.95953146433248
fog_MC,una_ga,ARIMA,7,217933.88195042685,6.567694013749757
fog_MC,una_ga,ARIMA,8,264232.8150957476,40.46304341531932
fog_MC,una_ga,ARIMA,9,356849.40267979424,123.13019354434967
fog_MC,una_ga,ARIMA,11,499133.55943532847,17.788783528136022
fog_MC,una_ga,ARIMA,13,9443655.401077963,49.27073495603646
fog_MC,una_ga,ARIMA,14,93030.0,7.520675187349939
fog_MC,una_ga,ARIMA,15,122379.3541051615,4.579830274971599
fog_MC,una_ga,ARIMA,16,2572270.7946591424,33.244693516082435
fog_MC,una_ga,ARIMA,17,151587.0,8.152865351357587
fog_MC,una_ga,ARIMA,18,2984811.4862750694,200.0
fog_MC,una_ga,ARIMA,19,113613.68157664755,83.09943627314375
fog_MC,una_ga,ARIMA,21,1655513.397155867,86.18285286570578
fog_MC,una_ga,ARIMA,22,1510755.089173451,31.458371510289478
fog_MC,una_ga,ARIMA,26,84759.0,21.760053810300718
fog_MC,una_ga,ARIMA,27,3695453.0464331806,1.4112420322353592
fog_MC,una_ga,ARIMA,28,1680350.5355772376,2.270275378102061
fog_MC,una_ga,ARIMA,29,6509661.0,33.14802824267423
fog_MC,una_ga,ARIMA,30,34003139.29964769,17.25059524493914
fog_MC,una_ga,ARIMA,32,864341.9099659026,2.355954549005053
fog_MC,una_ga,ARIMA,33,2688248.0,29.85145164832993
fog_MC,una_ga,ARIMA,36,245588.35315312585,11.749536043806367
fog_MC,una_ga,ARIMA,37,4153609.4698004797,20.43210499274942
fog_MC,una_ga,ARIMA,39,4468263.276602004,18.496305074444912
fog_MC,una_ga,ARIMA,40,8864069.0,200.0
fog_MC,una_ga,ARIMA,41,2121274.0,9.46358824958857
fog_MC,una_ga,ARIMA,43,2883004.2034243867,5.0186176141852785
fog_MC,una_ga,ARIMA,45,26821328411.112625,54.36823108880004
fog_MC,una_ga,ARIMA,46,154689.10114577878,5.48114226174553
fog_MC,una_ga,ARIMA,47,53388.026278216974,5.447196461786084
fog_MC,una_ga,ARIMA,49,114278.0,8.807525834217081
fog_MC,una_ga,ARIMA,50,654990.0,13.677193672645677
fog_MC,una_ga,ARIMA,53,198332.96996183018,24.721828896150388
fog_MC,una_ga,ARIMA,55,3100103.4750945717,39.00572418144698
fog_MC,una_ga,ARIMA,56,1875708.690150736,33.607832310608714
fog_MC,una_ga,ARIMA,57,3464659.1780872876,200.0
fog_MC,una_ga,ARIMA,65,464519.06752855843,14.365413051398706
fog_MC,una_ga,ARIMA,67,44268.12330455809,38.54968656610274
fog_MC,una_ga,ARIMA,69,270861.1732940492,44.8729142952203
fog_MC,una_ga,ARIMA,70,234589.69261982478,4.589595631702201
fog_MC,una_ga,ARIMA,71,913299.0234847246,44.83185233350178
fog_MC,una_ga,ARIMA,72,248371.0180180017,5.781990015100372
fog_MC,una_ga,ARIMA,74,566297.2533946801,47.313294224781856
fog_MC,una_ga,ARIMA,75,5186.008585588657,4.669933980889858
fog_MC,una_ga,ARIMA,76,483886.4148351785,30.903379397174486
fog_MC,una_ga,ARIMA,78,832550.177678423,8.641151898921681
fog_MC,una_ga,ARIMA,79,1409122.5058023876,59.27235762319133
fog_MC,una_ga,ARIMA,80,292182.6956105705,14.48508701433269
fog_MC,una_ga,ARIMA,81,14623.078750709246,3.711916702300391
fog_MC,una_ga,ARIMA,82,301682.8800968933,15.774627530300823
fog_MC,una_ga,ARIMA,83,24895.0,6.981182075790484
fog_MC,una_ga,ARIMA,84,172881.73367505684,30.170482761266054
fog_MC,una_ga,ARIMA,85,9419.346924795347,36.62596828040282
fog_MC,una_ga,ARIMA,86,13994253.579515288,155.08252618664275
fog_MC,una_ga,ARIMA,87,380763.9180356916,26.31416958903748
fog_MC,una_ga,ARIMA,88,183813.96788021456,7.453079845826954
fog_MC,una_ga,ARIMA,89,101701.02889103268,13.945468814165507
fog_MC,una_ga,ARIMA,90,1624195.0,106.36840373227065
fog_MC,una_ga,ARIMA,92,585269.9604063485,53.98337615140044
fog_MC,una_ga,ARIMA,93,60765.0,12.268433692613803
fog_MC,una_ga,ARIMA,95,6255647.159942623,110.27662240374048
fog_MC,una_ga,ARIMA,96,537997.0,61.33232100239003
fog_MC,una_ga,ARIMA,97,2206226.4497927125,49.15672478591159
fog_MC,una_ga,ARIMA,99,473058.9132653647,12.196897308981043
fog_MC,una_ga,ARIMA,101,138365.84954681725,14.719754391074877
fog_MC,una_ga,ARIMA,103,57142.03130548075,131.0957391607898
fog_MC,una_ga,ARIMA,104,756177.4365782756,9.680273981033578
fog_MC,una_ga,ARIMA,105,117617.0,7.761963888986963
fog_MC,una_ga,ARIMA,107,59978.248621233244,23.247124072152854
fog_MC,una_ga,ARIMA,108,272664.97865865263,29.034913111087818
fog_MC,una_ga,ARIMA,110,17739.1937107658,0.33864147209928996
fog_MC,una_ga,ARIMA,111,1760295.0,200.0
fog_MC,una_ga,ARIMA,113,7589448.75354071,200.0
fog_MC,una_ga,ARIMA,115,2778831.236704721,35.75988717035051
fog_MC,una_ga,ARIMA,116,3511790.173627816,25.80365442746966
fog_MC,una_ga,ARIMA,117,5175828.0,3.9777446704750177
fog_MC,una_ga,ARIMA,118,934658.9682798088,28.19850278451299
fog_MC,una_ga,ARIMA,119,534328.6311608497,53.649321196437015
fog_MC,una_ga,ARIMA,120,1437693.7892751452,29.920985066907193
fog_MC,una_ga,ARIMA,121,315559.0,20.635513847568358
fog_MC,una_ga,ARIMA,123,2925671.107181987,200.0
fog_MC,una_ga,ARIMA,124,318095.69517876185,32.12468545363408
fog_MC,una_ga,ARIMA,128,7233113.151381776,8.475784580009945
fog_MC,una_ga,ARIMA,129,243116.51614237484,9.315739700450305
fog_MC,una_ga,ARIMA,130,3652717.35025388,1.3676524444744018
fog_MC,una_ga,ARIMA,131,159049.3280918264,21.664251313585133
fog_MC,una_ga,ARIMA,132,800386.2764731217,5.026437729505482
fog_MC,una_ga,ARIMA,134,1874787.9567960342,127.2186375194095
fog_MC,una_ga,ARIMA,137,1081631.2213014318,20.29304554250261
fog_MC,una_ga,ARIMA,139,145184.1683548391,11.895896154265087
fog_MC,una_ga,ARIMA,140,190744.9540904074,48.75600910534516
fog_MC,una_ga,ARIMA,141,159326.59995364575,200.0
fog_MC,una_ga,ARIMA,142,988322.4060207738,73.10027208543943
fog_MC,una_ga,ARIMA,144,2285553.194182446,59.331816825842076
fog_MC,una_ga,ARIMA,145,22016.933723816415,4.253308473386777
fog_MC,una_ga,ARIMA,146,2797558.478738621,5.828491476854707
fog_MC,una_ga,ARIMA,147,15631.793914051726,0.29391480451569574
fog_MC,una_ga,ARIMA,148,407599.1011551295,53.76924077949178
fog_MC,una_ga,ARIMA,149,22006.0295598004,7.425940020701534
fog_MC,una_ga,ARIMA,150,254126.53264669026,20.68898996402401
fog_MC,una_ga,ARIMA,151,267783.0,36.81612423137337
fog_MC,una_ga,ARIMA,152,827312.7960713096,25.43820170197526
fog_MC,una_ga,ARIMA,153,52870.17079676852,76.74791727918827
fog_MC,una_ga,ARIMA,154,36801.054551978596,6.47761657286055
fog_MC,una_ga,ARIMA,155,114538.04392627603,10.512089165910234
fog_MC,una_ga,ARIMA,156,603019.4996174439,19.711400742446607
fog_MC,una_ga,ARIMA,157,127800.92477177503,3.6376625750863623
fog_MC,una_ga,ARIMA,160,97236150.71428928,102.61927532851689
fog_MC,una_ga,ARIMA,162,1218987.7984713227,29.581969539808817
fog_MC,una_ga,ARIMA,163,3441872.9750574687,82.71240830131481
fog_MC,una_ga,ARIMA,166,105014.8868013033,21.153737653944795
fog_MC,una_ga,ARIMA,168,338178.3042555535,14.13846321377093
fog_MC,una_ga,ARIMA,169,34616.32074966305,2.1579980530303904
fog_MC,una_ga,ARIMA,170,448199.37711762765,199.68579260324103
fog_MC,una_ga,ARIMA,171,83259.43575495656,17.411360888681518
fog_MC,una_ga,ARIMA,172,33903762.538401596,156.9125939993824
fog_MC,una_ga,ARIMA,173,149061.95192809994,131.4525940279902
fog_MC,una_ga,ARIMA,174,22974.930231962935,7.744910180746727
fog_MC,una_ga,ARIMA,175,25833989.29360795,200.0
fog_MC,una_ga,ARIMA,176,478802.0019983442,29.58639787074996
fog_MC,una_ga,ARIMA,177,116273.76940166997,12.559303852724076
fog_MC,una_ga,ARIMA,178,1246892.6592506617,23.865364375591383
fog_MC,una_ga,ARIMA,180,1310016.6431413018,77.14478334460966
fog_MC,una_ga,ARIMA,181,566714.0317157321,5.827519471285362
fog_MC,una_ga,ARIMA,182,3118136.8546049786,200.0
fog_MC,una_ga,ARIMA,186,1185324.2118674978,29.594522222105045
fog_MC,una_ga,ARIMA,187,19238.8625403489,0.7980276265742288
fog_MC,una_ga,ARIMA,188,344054.0,20.24307886560058
fog_MC,una_ga,ARIMA,189,263706.63906623237,6.121338689874782
fog_MC,una_ga,ARIMA,190,73782.62880942412,42.434461387831405
fog_MC,una_ga,ARIMA,192,1275647.0,11.047200229838422
fog_MC,una_ga,ARIMA,193,60672.646587954834,1.0037820659040637
fog_MC,una_ga,ARIMA,196,12190275.0,200.0
fog_MC,una_ga,ARIMA,198,49648.97927826925,90.49053366602867
fog_MC,una_ga,ARIMA,199,788082.0,16.873166598974056
fog_MC,una_ga,ARIMA,200,115034.91413299428,73.44351557638402
fog_MC,una_ga,ARIMA,202,166117.0,4.329232450387995
fog_MC,una_ga,ARIMA,204,1842759.8747111838,96.30763584608276
fog_MC,una_ga,ARIMA,206,713152.4259166494,7.214298075936071
fog_MC,una_ga,ARIMA,207,105955.37922859425,8.55596874829196
fog_MC,una_ga,ARIMA,209,1068819.1978274183,14.41727219791501
fog_MC,una_ga,ARIMA,212,3564572.824806219,23.8707029478509
fog_MC,una_ga,ARIMA,213,108820.78954391542,13.463094024723215
fog_MC,una_ga,ARIMA,214,17900.0,4.672043431733354
fog_MC,una_ga,ARIMA,216,44484.105637217755,7.951414666402902
fog_MC,una_ga,ARIMA,217,180318.0352235979,103.61317989740446
fog_MC,una_ga,ARIMA,218,1385014.49503033,30.165237764778702
fog_MC,una_ga,ARIMA,221,452688.52713471977,200.0
fog_MC,una_ga,ARIMA,223,8335098.491147473,9.411369348849249
fog_MC,una_ga,ARIMA,226,1411098.1471879315,17.583413977084874
fog_MC,una_ga,ARIMA,228,1556987.8112685685,42.97929664424422
fog_MC,una_ga,ARIMA,229,22217642.64100498,4.928546736879814
fog_MC,una_ga,ARIMA,230,1381500.5761399907,42.06796021023376
fog_MC,una_ga,ARIMA,231,114337.58337938931,82.0955486256425
fog_MC,una_ga,ARIMA,234,223559.0,200.0
fog_MC,una_ga,ARIMA,235,634506.4574597031,0.6957098840886836
fog_MC,una_ga,ARIMA,236,5440427.409323612,200.0
fog_MC,una_ga,ARIMA,237,382152.56311014586,55.656604878658875
fog_MC,una_ga,ARIMA,239,13645904.926981628,28.517791098347544
fog_MC,una_ga,ARIMA,241,94542.24815860868,200.0
fog_MC,una_ga,ARIMA,242,22239277.26302515,200.0
fog_MC,una_ga,ARIMA,244,5307170.092890099,6.66272251155397
fog_MC,una_ga,ARIMA,245,159289.3291563457,5.543251067419632
fog_MC,una_ga,ARIMA,246,1200396.2885118998,30.11228253130227
fog_MC,una_ga,ARIMA,247,6099817.109698329,36.96866795938454
fog_MC,una_ga,ARIMA,248,1016807.2420568569,18.65015111648075
fog_MC,una_ga,ARIMA,249,598933.1675935428,57.950445987997945
fog_MC,una_ga,ARIMA,250,1545531.5607482297,75.76971612840336
fog_MC,una_ga,ARIMA,251,1290257.0,200.0
fog_MC,una_ga,ARIMA,253,384898.81512879115,43.84670304720753
fog_MC,una_ga,ARIMA,254,746890.0,139.7077116172754
fog_MC,una_ga,ARIMA,255,678970.8331350544,32.46468764886266
fog_MC,una_ga,ARIMA,256,1738453.2298770715,18.03632239755383
fog_MC,una_ga,ARIMA,257,12902277.963825151,64.20924684523979
fog_MC,una_ga,ARIMA,259,814746.5389185305,200.0
fog_MC,una_ga,ARIMA,261,8722151.240479447,56.07470660251109
fog_MC,una_ga,ARIMA,262,1548367.592499815,2.4003958990362553
fog_MC,una_ga,ARIMA,263,144597.42227062676,3.0222429537916637
fog_MC,una_ga,ARIMA,264,24677.76657785062,5.7210524865535595
fog_MC,una_ga,ARIMA,265,2059892.7108970694,12.802275551466982
fog_MC,una_ga,ARIMA,266,41525.17101679792,20.424919263190976
fog_MC,una_ga,ARIMA,267,706272.8986269711,18.44682408169525
fog_MC,una_ga,ARIMA,269,7308015.774589159,30.126685741231746
fog_MC,una_ga,ARIMA,270,364100598.14618814,193.9457048841728
fog_MC,una_ga,ARIMA,272,41341.4672842467,5.184186839319272
fog_MC,una_ga,ARIMA,273,1179334.532507739,28.415729418433568
fog_MC,una_ga,ARIMA,274,98583.36358491657,8.54364594540596
fog_MC,una_ga,STL-LSTM (full),1,8597866.89875181,19.04900482950084
fog_MC,una_ga,STL-LSTM (full),4,5961719.886905409,92.88701543724004
fog_MC,una_ga,STL-LSTM (full),5,444364.9016572982,32.95953389063751
fog_MC,una_ga,STL-LSTM (full),7,253699.88933120668,7.604561825957227
fog_MC,una_ga,STL-LSTM (full),8,264232.9173076153,40.46306223410062
fog_MC,una_ga,STL-LSTM (full),9,566718.3030584753,143.564159888131
fog_MC,una_ga,STL-LSTM (full),11,499133.82237167656,17.78879373249293
fog_MC,una_ga,STL-LSTM (full),13,9443684.896477342,49.27092675436715
fog_MC,una_ga,STL-LSTM (full),14,93030.11212483793,7.520683910828755
fog_MC,una_ga,STL-LSTM (full),15,122379.89096101373,4.579850825915822
fog_MC,una_ga,STL-LSTM (full),16,3080580.9014006704,41.166446199630315
fog_MC,una_ga,STL-LSTM (full),17,151587.09144116938,8.152870068895442
fog_MC,una_ga,STL-LSTM (full),18,302642.06922797114,94.07880313108721
fog_MC,una_ga,STL-LSTM (full),19,113613.81677795947,83.09957625043141
fog_MC,una_ga,STL-LSTM (full),21,768185.9186629206,32.486996946662465
fog_MC,una_ga,STL-LSTM (full),22,1510754.8940486163,31.458366808127252
fog_MC,una_ga,STL-LSTM (full),26,84758.71340197325,21.759988237679714
fog_MC,una_ga,STL-LSTM (full),27,4940826.062640309,1.8913301303969996
fog_MC,una_ga,STL-LSTM (full),28,1680355.699450165,2.270282434064857
fog_MC,una_ga,STL-LSTM (full),29,6509660.882826641,33.14802774490327
fog_MC,una_ga,STL-LSTM (full),30,5901272.933077604,2.71866561015726
fog_MC,una_ga,STL-LSTM (full),32,864341.692458719,2.3559539491574433
fog_MC,una_ga,STL-LSTM (full),33,2688247.887524523,29.851450212935614
fog_MC,una_ga,STL-LSTM (full),36,274701.1031754464,13.05146787769542
fog_MC,una_ga,STL-LSTM (full),37,3671035.909505762,18.275179078697818
fog_MC,una_ga,STL-LSTM (full),39,1048805.8983536735,3.896569620042884
fog_MC,una_ga,STL-LSTM (full),40,1281459.8752525076,13.482240746615329
fog_MC,una_ga,STL-LSTM (full),41,2121274.0631751344,9.463588544766434
fog_MC,una_ga,STL-LSTM (full),43,2883004.891744897,5.018618842452463
fog_MC,una_ga,STL-LSTM (full),45,2033164999.6741486,5.824773822848105
fog_MC,una_ga,STL-LSTM (full),46,234572.7150580287,8.195689660805689
fog_MC,una_ga,STL-LSTM (full),47,20704.894087173045,2.077881361624138
fog_MC,una_ga,STL-LSTM (full),49,114278.05127822235,8.807529960323416
fog_MC,una_ga,STL-LSTM (full),50,654990.0665417016,13.677194967116444
fog_MC,una_ga,STL-LSTM (full),53,145469.80862396955,23.077365134629567
fog_MC,una_ga,STL-LSTM (full),55,3100103.100811243,39.00572039062763
fog_MC,una_ga,STL-LSTM (full),56,1875706.0939090177,33.60779360951664
fog_MC,una_ga,STL-LSTM (full),57,1063632.097096175,69.03013069048055
fog_MC,una_ga,STL-LSTM (full),65,457504.89601276815,16.501043790174567
fog_MC,una_ga,STL-LSTM (full),67,21345.299855053425,16.90109718434182
fog_MC,una_ga,STL-LSTM (full),69,140458.7118330598,17.35604453105464
fog_MC,una_ga,STL-LSTM (full),70,234589.70826777816,4.589595930818947
fog_MC,una_ga,STL-LSTM (full),71,38552.92110219598,1.5579842660596426
fog_MC,una_ga,STL-LSTM (full),72,658034.8046362102,16.08585945401265
fog_MC,una_ga,STL-LSTM (full),74,566297.2825188041,47.313297233691
fog_MC,una_ga,STL-LSTM (full),75,5186.099056556821,4.670013546550242
fog_MC,una_ga,STL-LSTM (full),76,483886.1089172736,30.903362878605716
fog_MC,una_ga,STL-LSTM (full),78,832551.8116205931,8.641169590554457
fog_MC,una_ga,STL-LSTM (full),79,1409122.899922207,59.27237911425858
fog_MC,una_ga,STL-LSTM (full),80,292182.81487844884,14.485093355325041
fog_MC,una_ga,STL-LSTM (full),81,14623.095639400184,3.7119209097538484
fog_MC,una_ga,STL-LSTM (full),82,207916.8232871741,12.542816452310317
fog_MC,una_ga,STL-LSTM (full),83,24894.87820287794,6.981146728620052
fog_MC,una_ga,STL-LSTM (full),84,172881.91093429923,30.170518362228528
fog_MC,una_ga,STL-LSTM (full),85,8043.951424524188,47.35629296333375
fog_MC,una_ga,STL-LSTM (full),86,9501994.09131106,84.31320921192658
fog_MC,una_ga,STL-LSTM (full),87,380764.10821864754,26.314181003089317
fog_MC,una_ga,STL-LSTM (full),88,453006.9049058035,19.42830178719256
fog_MC,una_ga,STL-LSTM (full),89,33048.10281535238,4.755464475239744
fog_MC,una_ga,STL-LSTM (full),90,1624194.9170753136,106.36839541324858
fog_MC,una_ga,STL-LSTM (full),92,585269.9154408425,53.983370884457905
fog_MC,una_ga,STL-LSTM (full),93,60764.919106036425,12.268416358281529
fog_MC,una_ga,STL-LSTM (full),95,2827966.938505601,200.0
fog_MC,una_ga,STL-LSTM (full),96,537997.1033293828,61.33232916969189
fog_MC,una_ga,STL-LSTM (full),97,2206229.895147659,49.15682041931391
fog_MC,una_ga,STL-LSTM (full),99,597014.889321506,17.856084426968817
fog_MC,una_ga,STL-LSTM (full),101,138365.82232263684,14.71975128173309
fog_MC,una_ga,STL-LSTM (full),103,57142.06714217365,131.0957674862341
fog_MC,una_ga,STL-LSTM (full),104,1216680.8110393584,16.048493092050656
fog_MC,una_ga,STL-LSTM (full),105,117616.90140656382,7.761957129938582
fog_MC,una_ga,STL-LSTM (full),107,3546.928649581969,1.239237927485906
fog_MC,una_ga,STL-LSTM (full),108,272665.10593269765,29.034924696418212
fog_MC,una_ga,STL-LSTM (full),110,17738.092218078673,0.33862048018922064
fog_MC,una_ga,STL-LSTM (full),111,443026.11523304135,22.354642949926223
fog_MC,una_ga,STL-LSTM (full),113,3915892.906882897,151.13766339844037
fog_MC,una_ga,STL-LSTM (full),115,1890057.9033389688,18.703722445051575
fog_MC,una_ga,STL-LSTM (full),116,3511791.89701128,25.803665456659086
fog_MC,una_ga,STL-LSTM (full),117,5175827.920176789,3.97774461034911
fog_MC,una_ga,STL-LSTM (full),118,226694.82034799457,8.292016342983777
fog_MC,una_ga,STL-LSTM (full),119,256548.1176785007,42.720500962475164
fog_MC,una_ga,STL-LSTM (full),120,2750981.909492627,66.31550186249717
fog_MC,una_ga,STL-LSTM (full),121,315558.9136782661,20.635507620261276
fog_MC,una_ga,STL-LSTM (full),123,285333.80501049757,10.650105578725439
fog_MC,una_ga,STL-LSTM (full),124,105161.17511443794,11.899781401685061
fog_MC,una_ga,STL-LSTM (full),128,17283485.929459244,19.126569195216543
fog_MC,una_ga,STL-LSTM (full),129,785359.8166238517,37.47837783234886
fog_MC,una_ga,STL-LSTM (full),130,3652714.291938305,1.3676513072086594
fog_MC,una_ga,STL-LSTM (full),131,159049.1116541028,21.66422502584327
fog_MC,una_ga,STL-LSTM (full),132,800387.8984442204,5.026447659511079
fog_MC,una_ga,STL-LSTM (full),134,1671287.296554029,121.820722213877
fog_MC,una_ga,STL-LSTM (full),137,1081631.2953206003,20.293046790308708
fog_MC,una_ga,STL-LSTM (full),139,247473.80869153142,21.164069135345784
fog_MC,una_ga,STL-LSTM (full),140,190744.93752680346,48.756005903664054
fog_MC,una_ga,STL-LSTM (full),141,19328.29842838645,14.823468476957855
fog_MC,una_ga,STL-LSTM (full),142,990120.1180448085,73.18458275429728
fog_MC,una_ga,STL-LSTM (full),144,637881.8190721273,13.641641807004746
fog_MC,una_ga,STL-LSTM (full),145,22016.903302438557,4.253302471496964
fog_MC,una_ga,STL-LSTM (full),146,2768627.70767954,6.1232650931241
fog_MC,una_ga,STL-LSTM (full),147,15631.19241629541,0.29390351155074523
fog_MC,una_ga,STL-LSTM (full),148,171025.18219935894,26.732475859695327
fog_MC,una_ga,STL-LSTM (full),149,48736.31996163726,14.692396832369301
fog_MC,una_ga,STL-LSTM (full),150,231997.80716826022,18.718828345121928
fog_MC,una_ga,STL-LSTM (full),151,267782.8319096267,36.816096867401896
fog_MC,una_ga,STL-LSTM (full),152,827312.884033367,25.438204750639283
fog_MC,una_ga,STL-LSTM (full),153,43088.07090689242,67.32822950562493
fog_MC,una_ga,STL-LSTM (full),154,36801.287483394146,6.477658900700985
fog_MC,una_ga,STL-LSTM (full),155,114538.18233256042,10.51210120092336
fog_MC,una_ga,STL-LSTM (full),156,603019.8902464509,19.7114147697195
fog_MC,una_ga,STL-LSTM (full),157,127800.18942010403,3.6376420250903396
fog_MC,una_ga,STL-LSTM (full),160,99563074.90565723,103.8004831532034
fog_MC,una_ga,STL-LSTM (full),162,1397146.0600853488,34.65459456494467
fog_MC,una_ga,STL-LSTM (full),163,652782.8973222524,30.880127112745598
fog_MC,una_ga,STL-LSTM (full),166,105014.8106648624,21.153720695224727
fog_MC,una_ga,STL-LSTM (full),168,321141.9078745693,13.37856574792666
fog_MC,una_ga,STL-LSTM (full),169,34616.096002712846,2.1579841933734034
fog_MC,una_ga,STL-LSTM (full),170,2060.7122284173965,0.4583614548907938
fog_MC,una_ga,STL-LSTM (full),171,83267.90731589496,17.41328672236755
fog_MC,una_ga,STL-LSTM (full),172,628090.9021145552,14.469288255112192
fog_MC,una_ga,STL-LSTM (full),173,149061.70353502035,131.4525189516051
fog_MC,una_ga,STL-LSTM (full),174,22974.951266132295,7.744917546004696
fog_MC,una_ga,STL-LSTM (full),175,2225476.8933596164,8.624386060119845
fog_MC,una_ga,STL-LSTM (full),176,259914.89907968044,15.043447344366273
fog_MC,una_ga,STL-LSTM (full),177,5438.815068870783,0.6288072068967264
fog_MC,una_ga,STL-LSTM (full),178,1246892.6949945986,23.865365141361295
fog_MC,una_ga,STL-LSTM (full),180,1310019.8954621926,77.14490099309221
fog_MC,una_ga,STL-LSTM (full),181,566714.286177218,5.827522011670152
fog_MC,una_ga,STL-LSTM (full),182,3118138.88871976,200.0
fog_MC,una_ga,STL-LSTM (full),186,1185323.9010271654,29.59451331281594
fog_MC,una_ga,STL-LSTM (full),187,444734.89353933185,20.23312366005525
fog_MC,una_ga,STL-LSTM (full),188,344053.81191822886,20.243066679383464
fog_MC,una_ga,STL-LSTM (full),189,263706.79835505784,6.1213425005648014
fog_MC,una_ga,STL-LSTM (full),190,28210.081548184156,18.671286889188053
fog_MC,una_ga,STL-LSTM (full),192,1275647.1825463325,11.047201723382893
fog_MC,una_ga,STL-LSTM (full),193,60672.715131640434,1.0037831942149271
fog_MC,una_ga,STL-LSTM (full),196,12190275.08653795,200.0
fog_MC,una_ga,STL-LSTM (full),198,49648.70346707106,90.49025841593304
fog_MC,una_ga,STL-LSTM (full),199,788082.0957507938,16.873168821994206
fog_MC,una_ga,STL-LSTM (full),200,115034.71144628525,73.443433691499
fog_MC,una_ga,STL-LSTM (full),202,166116.9117539078,4.329230100794066
fog_MC,una_ga,STL-LSTM (full),204,836496.0881424621,59.31426725808204
fog_MC,una_ga,STL-LSTM (full),206,806387.8163348138,8.836648275916795
fog_MC,una_ga,STL-LSTM (full),207,55547.180209726095,4.578659566083486
fog_MC,una_ga,STL-LSTM (full),209,1068819.9314391986,14.417282806927023
fog_MC,una_ga,STL-LSTM (full),212,3564576.8203228563,23.870732897930797
fog_MC,una_ga,STL-LSTM (full),213,108820.81653133035,13.463097588308065
fog_MC,una_ga,STL-LSTM (full),214,17899.914653003216,4.672020635107813
fog_MC,una_ga,STL-LSTM (full),216,80172.89185844362,14.802846699838945
fog_MC,una_ga,STL-LSTM (full),217,180318.10866019875,103.61320023389307
fog_MC,una_ga,STL-LSTM (full),218,1385014.900931649,30.165247938565965
fog_MC,una_ga,STL-LSTM (full),221,99374.196997419,21.76122901058984
fog_MC,una_ga,STL-LSTM (full),223,125276.0586989522,0.13518651014878583
fog_MC,una_ga,STL-LSTM (full),226,247084.9026701823,2.790577346866343
fog_MC,una_ga,STL-LSTM (full),228,1368481.8271800727,36.81783646436973
fog_MC,una_ga,STL-LSTM (full),229,14400696.091729224,3.167052088871468
fog_MC,una_ga,STL-LSTM (full),230,751249.1853904277,25.304403878422736
fog_MC,una_ga,STL-LSTM (full),231,126703.06355615705,87.10716666162958
fog_MC,una_ga,STL-LSTM (full),234,223559.28965628147,200.0
fog_MC,una_ga,STL-LSTM (full),235,248459.8961957246,0.2730037107219339
fog_MC,una_ga,STL-LSTM (full),236,5440429.920139983,200.0
fog_MC,una_ga,STL-LSTM (full),237,150565.10017798096,15.799322262246651
fog_MC,una_ga,STL-LSTM (full),239,13645918.815793693,28.51782426248667
fog_MC,una_ga,STL-LSTM (full),241,147015.6759608388,148.31216457396226
fog_MC,una_ga,STL-LSTM (full),242,8729300.94253562,49.03885516082555
fog_MC,una_ga,STL-LSTM (full),244,3463704.9028443396,4.121489987792044
fog_MC,una_ga,STL-LSTM (full),245,398406.81480814517,14.466406987941108
fog_MC,una_ga,STL-LSTM (full),246,447880.9017266631,10.266237815363635
fog_MC,una_ga,STL-LSTM (full),247,6099804.298587173,36.96860466793562
fog_MC,una_ga,STL-LSTM (full),248,1246712.9269431978,23.359577564776018
fog_MC,una_ga,STL-LSTM (full),249,499770.89662373066,46.142314846276
fog_MC,una_ga,STL-LSTM (full),250,1196850.9124055803,179.0129182073618
fog_MC,una_ga,STL-LSTM (full),251,158366.34148555994,13.076522476147447
fog_MC,una_ga,STL-LSTM (full),253,78626.10369236767,10.849588248148207
fog_MC,una_ga,STL-LSTM (full),254,746889.8858876005,139.70767536193932
fog_MC,una_ga,STL-LSTM (full),255,678970.1956658065,32.46466211621928
fog_MC,una_ga,STL-LSTM (full),256,1738453.299605608,18.036323055742248
fog_MC,una_ga,STL-LSTM (full),257,12902282.943163104,64.20926366976948
fog_MC,una_ga,STL-LSTM (full),259,814746.9318896309,200.0
fog_MC,una_ga,STL-LSTM (full),261,1683598.0957324058,13.988899842208841
fog_MC,una_ga,STL-LSTM (full),262,1548371.9222823977,2.4004025308291057
fog_MC,una_ga,STL-LSTM (full),263,648271.8903143853,14.77372369618593
fog_MC,una_ga,STL-LSTM (full),264,100348.87991068512,25.500677763815695
fog_MC,una_ga,STL-LSTM (full),265,2059895.9286041409,12.802294269473785
fog_MC,una_ga,STL-LSTM (full),266,60812.89274291694,31.40147209850407
fog_MC,una_ga,STL-LSTM (full),267,118200.11241830885,3.344030558488159
fog_MC,una_ga,STL-LSTM (full),269,1154347.2936521769,4.051934054790767
fog_MC,una_ga,STL-LSTM (full),270,71779750.70992875,21.49778621038022
fog_MC,una_ga,STL-LSTM (full),272,41342.72063535452,5.184348082642753
fog_MC,una_ga,STL-LSTM (full),273,217084.89598619938,4.687228648895279
fog_MC,una_ga,STL-LSTM (full),274,192022.90948363394,17.343743302945136
fog_MC,una_ga,MTL-LSTM (full),1,8597866.937153593,19.049004906478366
fog_MC,una_ga,MTL-LSTM (full),4,5961720.032548606,92.88701665254638
fog_MC,una_ga,MTL-LSTM (full),5,444364.71473151445,32.95951774106667
fog_MC,una_ga,MTL-LSTM (full),7,253700.0557957515,7.604566625948292
fog_MC,una_ga,MTL-LSTM (full),8,264232.6879068911,40.46301999789327
fog_MC,una_ga,MTL-LSTM (full),9,566717.8255323172,143.5641257530276
fog_MC,una_ga,MTL-LSTM (full),11,499133.6678453684,17.788787735445958
fog_MC,una_ga,MTL-LSTM (full),13,9443685.025100162,49.2709275907573
fog_MC,una_ga,MTL-LSTM (full),14,93030.00613763696,7.520675664867224
fog_MC,una_ga,MTL-LSTM (full),15,122380.01332922094,4.579855510194667
fog_MC,una_ga,MTL-LSTM (full),16,3080580.848888889,41.1664453534666
fog_MC,una_ga,MTL-LSTM (full),17,151586.85125514865,8.152857677467182
fog_MC,una_ga,MTL-LSTM (full),18,302641.7822640836,94.07867196448579
fog_MC,una_ga,MTL-LSTM (full),19,113614.00054824201,83.09976651260673
fog_MC,una_ga,MTL-LSTM (full),21,768186.0240910072,32.487002129507594
fog_MC,una_ga,MTL-LSTM (full),22,1510755.1266562939,31.458372413559488
fog_MC,una_ga,MTL-LSTM (full),26,84759.06411845982,21.76006848037232
fog_MC,una_ga,MTL-LSTM (full),27,4940825.987766355,1.8913301014644823
fog_MC,una_ga,MTL-LSTM (full),28,1680356.0261873007,2.2702828805214583
fog_MC,una_ga,MTL-LSTM (full),29,6509661.013849951,33.14802830151101
fog_MC,una_ga,MTL-LSTM (full),30,5901272.9074424505,2.7186655985079016
fog_MC,una_ga,MTL-LSTM (full),32,864342.0304696411,2.3559548813337545
fog_MC,una_ga,MTL-LSTM (full),33,2688247.944585979,29.851450941144925
fog_MC,una_ga,MTL-LSTM (full),36,274701.123865962,13.051468796582894
fog_MC,una_ga,MTL-LSTM (full),37,3671036.047683142,18.27517970371825
fog_MC,una_ga,MTL-LSTM (full),39,1048806.1824311316,3.896570654897366
fog_MC,una_ga,MTL-LSTM (full),40,1281459.8880307227,13.482240871992207
fog_MC,una_ga,MTL-LSTM (full),41,2121273.936423838,9.463587952536956
fog_MC,una_ga,MTL-LSTM (full),43,2883005.069949828,5.018619160448613
fog_MC,una_ga,MTL-LSTM (full),45,2033165000.170845,5.824773824312522
fog_MC,una_ga,MTL-LSTM (full),46,234573.12321605533,8.195703336981905
fog_MC,una_ga,MTL-LSTM (full),47,20705.002762764692,2.077892381293284
fog_MC,una_ga,MTL-LSTM (full),49,114278.08668024838,8.80753280895042
fog_MC,una_ga,MTL-LSTM (full),50,654989.7311729789,13.67718844301186
fog_MC,una_ga,MTL-LSTM (full),53,145469.9827822782,23.077395951116163
fog_MC,una_ga,MTL-LSTM (full),55,3100102.867435202,39.00571802694649
fog_MC,una_ga,MTL-LSTM (full),56,1875705.9992628712,33.607792198665685
fog_MC,una_ga,MTL-LSTM (full),57,1063632.0133177731,69.03012337655984
fog_MC,una_ga,MTL-LSTM (full),65,457504.7380359173,16.501037622249207
fog_MC,una_ga,MTL-LSTM (full),67,21344.87065975368,16.90072863247832
fog_MC,una_ga,MTL-LSTM (full),69,140458.8545166999,17.356060632005523
fog_MC,una_ga,MTL-LSTM (full),70,234590.16546417773,4.589604670306456
fog_MC,una_ga,MTL-LSTM (full),71,38553.15669627488,1.5579938609536303
fog_MC,una_ga,MTL-LSTM (full),72,658035.0445741713,16.085865791115182
fog_MC,una_ga,MTL-LSTM (full),74,566296.9396561272,47.3132618114235
fog_MC,una_ga,MTL-LSTM (full),75,5186.047899566591,4.669968555996111
fog_MC,una_ga,MTL-LSTM (full),76,483886.08350057155,30.903361506186585
fog_MC,una_ga,MTL-LSTM (full),78,832551.9360789284,8.641170938136645
fog_MC,una_ga,MTL-LSTM (full),79,1409122.7508539408,59.27237098567397
fog_MC,una_ga,MTL-LSTM (full),80,292183.0884343162,14.48510789918928
fog_MC,una_ga,MTL-LSTM (full),81,14622.964924640954,3.7118883449833127
fog_MC,una_ga,MTL-LSTM (full),82,207917.07137094438,12.542832356819
fog_MC,una_ga,MTL-LSTM (full),83,24894.991338958964,6.981179562238955
fog_MC,una_ga,MTL-LSTM (full),84,172882.09551211447,30.170555433073805
fog_MC,una_ga,MTL-LSTM (full),85,8043.8183421343565,47.35532397149982
fog_MC,una_ga,MTL-LSTM (full),86,9501993.913478412,84.31320696877098
fog_MC,una_ga,MTL-LSTM (full),87,380763.75292539597,26.31415967974936
fog_MC,una_ga,MTL-LSTM (full),88,453006.7950824201,19.428296619609398
fog_MC,una_ga,MTL-LSTM (full),89,33047.85347336531,4.7554294492194655
fog_MC,una_ga,MTL-LSTM (full),90,1624195.0306995101,106.36840681205211
fog_MC,una_ga,MTL-LSTM (full),92,585269.9175977334,53.9833711371009
fog_MC,una_ga,MTL-LSTM (full),93,60764.957318499684,12.26842454662436
fog_MC,una_ga,MTL-LSTM (full),95,2827966.984725359,200.0
fog_MC,una_ga,MTL-LSTM (full),96,537996.8970611095,61.3323128659523
fog_MC,una_ga,MTL-LSTM (full),97,2206230.1089599133,49.156826354145586
fog_MC,una_ga,MTL-LSTM (full),99,597015.1897548735,17.856094214855922
fog_MC,una_ga,MTL-LSTM (full),101,138365.90802814066,14.71976107037351
fog_MC,una_ga,MTL-LSTM (full),103,57142.19588509202,131.09586924488383
fog_MC,una_ga,MTL-LSTM (full),104,1216680.8014855236,16.048492955919798
fog_MC,una_ga,MTL-LSTM (full),105,117616.88050018251,7.7619556967068934
fog_MC,una_ga,MTL-LSTM (full),107,3546.8555693924427,1.2392122362780749
fog_MC,una_ga,MTL-LSTM (full),108,272665.2939288914,29.03494180907973
fog_MC,una_ga,MTL-LSTM (full),110,17738.056040715426,0.33861979073204396
fog_MC,una_ga,MTL-LSTM (full),111,443026.0623831935,22.35464058124824
fog_MC,una_ga,MTL-LSTM (full),113,3915893.1955673993,151.13766612057486
fog_MC,una_ga,MTL-LSTM (full),115,1890058.105493188,18.703724258455857
fog_MC,una_ga,MTL-LSTM (full),116,3511792.113706805,25.803666843451907
fog_MC,una_ga,MTL-LSTM (full),117,5175827.851023167,3.977744558259946
fog_MC,una_ga,MTL-LSTM (full),118,226694.99100412428,8.292022844027489
fog_MC,una_ga,MTL-LSTM (full),119,256547.82655470073,42.72044212939658
fog_MC,una_ga,MTL-LSTM (full),120,2750981.821912408,66.31549905124504
fog_MC,una_ga,MTL-LSTM (full),121,315558.6532703042,20.635488834260475
fog_MC,una_ga,MTL-LSTM (full),123,285333.7839023769,10.650104748909186
fog_MC,una_ga,MTL-LSTM (full),124,105161.3214955926,11.899796980269416
fog_MC,una_ga,MTL-LSTM (full),128,17283485.838414833,19.12656910409862
fog_MC,una_ga,MTL-LSTM (full),129,785359.8664982468,37.47838065842484
fog_MC,una_ga,MTL-LSTM (full),130,3652714.032607734,1.3676512107739494
fog_MC,una_ga,MTL-LSTM (full),131,159048.87425763905,21.66419619251983
fog_MC,una_ga,MTL-LSTM (full),132,800388.1782068461,5.026449372269262
fog_MC,una_ga,MTL-LSTM (full),134,1671287.1727970093,121.82071868772056
fog_MC,una_ga,MTL-LSTM (full),137,1081631.0184156355,20.293042122278564
fog_MC,una_ga,MTL-LSTM (full),139,247473.72579687834,21.16406129597857
fog_MC,una_ga,MTL-LSTM (full),140,190745.03438584134,48.756024626142526
fog_MC,una_ga,MTL-LSTM (full),141,19327.758521914482,14.823023717108319
fog_MC,una_ga,MTL-LSTM (full),142,990120.2286421508,73.18458793774172
fog_MC,una_ga,MTL-LSTM (full),144,637881.7495673001,13.641640219199274
fog_MC,una_ga,MTL-LSTM (full),145,22016.768335431814,4.253275843611229
fog_MC,una_ga,MTL-LSTM (full),146,2768628.1587387174,6.123266121256498
fog_MC,una_ga,MTL-LSTM (full),147,15631.108968779445,0.2939019448450945
fog_MC,una_ga,MTL-LSTM (full),148,171025.30890399218,26.732493017382637
fog_MC,una_ga,MTL-LSTM (full),149,48736.092496454716,14.692333296607893
fog_MC,una_ga,MTL-LSTM (full),150,231997.93708786368,18.71883980884446
fog_MC,una_ga,MTL-LSTM (full),151,267782.77905480564,36.816088262997205
fog_MC,una_ga,MTL-LSTM (full),152,827313.0370844379,25.43821005521405
fog_MC,una_ga,MTL-LSTM (full),153,43087.80366487801,67.32795249634646
fog_MC,una_ga,MTL-LSTM (full),154,36800.867576509714,6.477582596057258
fog_MC,una_ga,MTL-LSTM (full),155,114538.07939584553,10.512092250139803
fog_MC,una_ga,MTL-LSTM (full),156,603020.0029217275,19.711418815827074
fog_MC,una_ga,MTL-LSTM (full),157,127800.00243055448,3.6376367995157532
fog_MC,una_ga,MTL-LSTM (full),160,99563075.0098499,103.80048320545279
fog_MC,una_ga,MTL-LSTM (full),162,1397145.9857041482,34.654592400326706
fog_MC,una_ga,MTL-LSTM (full),163,652783.0240212381,30.880134031692858
fog_MC,una_ga,MTL-LSTM (full),166,105014.72651043534,21.153701950572056
fog_MC,una_ga,MTL-LSTM (full),168,321142.03907797486,13.378571579402623
fog_MC,una_ga,MTL-LSTM (full),169,34615.90499659628,2.157972414438923
fog_MC,una_ga,MTL-LSTM (full),170,2060.895193181932,0.4584020582207354
fog_MC,una_ga,MTL-LSTM (full),171,83267.78675453365,17.413259315003078
fog_MC,una_ga,MTL-LSTM (full),172,628091.055525966,14.469292044922321
fog_MC,una_ga,MTL-LSTM (full),173,149061.9175194353,131.45258362803972
fog_MC,una_ga,MTL-LSTM (full),174,22975.019444335252,7.744941419071397
fog_MC,una_ga,MTL-LSTM (full),175,2225477.0937742963,8.624386803295078
fog_MC,una_ga,MTL-LSTM (full),176,259915.0489711538,15.043456672383945
fog_MC,una_ga,MTL-LSTM (full),177,5438.775804668665,0.6288026531037728
fog_MC,una_ga,MTL-LSTM (full),178,1246893.0128405895,23.86537195082119
fog_MC,una_ga,MTL-LSTM (full),180,1310019.9409351833,77.14490263801696
fog_MC,una_ga,MTL-LSTM (full),181,566713.9502258934,5.827518657741618
fog_MC,una_ga,MTL-LSTM (full),182,3118139.087401256,200.0
fog_MC,una_ga,MTL-LSTM (full),186,1185323.8872374892,29.594512917576992
fog_MC,una_ga,MTL-LSTM (full),187,444734.84610678256,20.23312128381233
fog_MC,una_ga,MTL-LSTM (full),188,344053.7443520725,20.243062301629127
fog_MC,una_ga,MTL-LSTM (full),189,263707.029038202,6.121348019231865
fog_MC,una_ga,MTL-LSTM (full),190,28210.01987650618,18.671249881466505
fog_MC,una_ga,MTL-LSTM (full),192,1275646.9292354658,11.047199650862234
fog_MC,una_ga,MTL-LSTM (full),193,60672.94622327015,1.003786998258837
fog_MC,una_ga,MTL-LSTM (full),196,12190275.169781402,200.0
fog_MC,una_ga,MTL-LSTM (full),198,49649.2193826437,90.49077328081495
fog_MC,una_ga,MTL-LSTM (full),199,788081.9278948754,16.87316492492901
fog_MC,una_ga,MTL-LSTM (full),200,115035.22566390038,73.44364143382512
fog_MC,una_ga,MTL-LSTM (full),202,166117.04021336883,4.329233521087971
fog_MC,una_ga,MTL-LSTM (full),204,836496.251953274,59.3142754287555
fog_MC,una_ga,MTL-LSTM (full),206,806387.8914247304,8.836649135132001
fog_MC,una_ga,MTL-LSTM (full),207,55547.0925507471,4.578652505920087
fog_MC,una_ga,MTL-LSTM (full),209,1068819.6191805005,14.417278291246575
fog_MC,una_ga,MTL-LSTM (full),212,3564576.9105490595,23.870733574259447
fog_MC,una_ga,MTL-LSTM (full),213,108820.93653523922,13.463113434366381
fog_MC,una_ga,MTL-LSTM (full),214,17899.778239518404,4.67198419836898
fog_MC,una_ga,MTL-LSTM (full),216,80172.96680373698,14.802861561663272
fog_MC,una_ga,MTL-LSTM (full),217,180318.06476439536,103.61318807801412
fog_MC,una_ga,MTL-LSTM (full),218,1385015.0971539915,30.1652528568168
fog_MC,una_ga,MTL-LSTM (full),221,99374.26636710763,21.76124254850171
fog_MC,una_ga,MTL-LSTM (full),223,125275.96717181802,0.13518641131428027
fog_MC,una_ga,MTL-LSTM (full),226,247084.9593892619,2.7905779785137157
fog_MC,una_ga,MTL-LSTM (full),228,1368481.9900253005,36.81784165211554
fog_MC,una_ga,MTL-LSTM (full),229,14400695.935857177,3.1670520540487037
fog_MC,una_ga,MTL-LSTM (full),230,751249.2110467404,25.30440463326863
fog_MC,una_ga,MTL-LSTM (full),231,126703.03516938165,87.10715564574814
fog_MC,una_ga,MTL-LSTM (full),234,223558.92067952454,200.0
fog_MC,una_ga,MTL-LSTM (full),235,248459.92858286202,0.2730037462598199
fog_MC,una_ga,MTL-LSTM (full),236,5440429.83147344,200.0
fog_MC,una_ga,MTL-LSTM (full),237,150564.89652904123,15.799302580775047
fog_MC,una_ga,MTL-LSTM (full),239,13645919.1039145,28.517824950470626
fog_MC,una_ga,MTL-LSTM (full),241,147015.9862368526,148.31224546846343
fog_MC,una_ga,MTL-LSTM (full),242,8729300.862557188,49.038854601363205
fog_MC,una_ga,MTL-LSTM (full),244,3463705.080426872,4.121490194744414
fog_MC,una_ga,MTL-LSTM (full),245,398407.09144780785,14.466417759477897
fog_MC,una_ga,MTL-LSTM (full),246,447881.0211499743,10.266240693275167
fog_MC,una_ga,MTL-LSTM (full),247,6099803.83482945,36.96860237680649
fog_MC,una_ga,MTL-LSTM (full),248,1246712.978130348,23.359578635885985
fog_MC,una_ga,MTL-LSTM (full),249,499770.97899490595,46.142324205934
fog_MC,una_ga,MTL-LSTM (full),250,1196851.1328264922,179.01298068451038
fog_MC,una_ga,MTL-LSTM (full),251,158365.89072807133,13.076482822982646
fog_MC,una_ga,MTL-LSTM (full),253,78625.9017875418,10.849561898758719
fog_MC,una_ga,MTL-LSTM (full),254,746890.003915417,139.70771286126623
fog_MC,una_ga,MTL-LSTM (full),255,678969.9429498911,32.464651994151836
fog_MC,una_ga,MTL-LSTM (full),256,1738452.9146850556,18.036319422362475
fog_MC,una_ga,MTL-LSTM (full),257,12902282.9339023,64.20926363847845
fog_MC,una_ga,MTL-LSTM (full),259,814747.2382091284,200.0
fog_MC,una_ga,MTL-LSTM (full),261,1683598.0646644086,13.988899602122606
fog_MC,una_ga,MTL-LSTM (full),262,1548371.9139300957,2.400402518036146
fog_MC,una_ga,MTL-LSTM (full),263,648271.999873823,14.773726377413851
fog_MC,una_ga,MTL-LSTM (full),264,100348.81739135087,25.500659850690543
fog_MC,una_ga,MTL-LSTM (full),265,2059895.996887397,12.802294666690278
fog_MC,una_ga,MTL-LSTM (full),266,60812.69104260206,31.40135159579302
fog_MC,una_ga,MTL-LSTM (full),267,118200.10384093225,3.3440303198807273
fog_MC,una_ga,MTL-LSTM (full),269,1154347.0610012412,4.051933254695557
fog_MC,una_ga,MTL-LSTM (full),270,71779751.13605016,21.49778635172005
fog_MC,una_ga,MTL-LSTM (full),272,41342.881665326655,5.18436879912894
fog_MC,una_ga,MTL-LSTM (full),273,217084.85600738227,4.687227765454952
fog_MC,una_ga,MTL-LSTM (full),274,192022.94614184648,17.343746901086572
fog_MC,una_ba,ARIMA,1,3289986.8109822124,28.581281105834737
fog_MC,una_ba,ARIMA,4,425825.62822691724,9.975526750953524
fog_MC,una_ba,ARIMA,5,607008.7794262846,31.369661056453523
fog_MC,una_ba,ARIMA,7,74763.77625391865,3.453922545588079
fog_MC,una_ba,ARIMA,8,153815.0,25.98750930297585
fog_MC,una_ba,ARIMA,9,204197.08801291452,32.84366346609266
fog_MC,una_ba,ARIMA,11,14212.0,0.336919443964384
fog_MC,una_ba,ARIMA,13,319105.0,83.07419156228319
fog_MC,una_ba,ARIMA,14,27518.17998988065,1.5136004032712251
fog_MC,una_ba,ARIMA,15,219424.77797639667,98.21381551652539
fog_MC,una_ba,ARIMA,16,2815.0,0.0879776164941623
fog_MC,una_ba,ARIMA,17,1522571.132793121,16.138073151904596
fog_MC,una_ba,ARIMA,18,870512.0344185177,16.13228620142015
fog_MC,una_ba,ARIMA,19,53218.74243673682,1.1859322843714044
fog_MC,una_ba,ARIMA,21,440839.79310995527,6.8687335825453975
fog_MC,una_ba,ARIMA,22,612204.5820703381,19.58877449116003
fog_MC,una_ba,ARIMA,26,49468.61493201653,18.269721222165828
fog_MC,una_ba,ARIMA,27,2829145.949726598,56.34827323185792
fog_MC,una_ba,ARIMA,28,755957.7263961909,36.70821869119369
fog_MC,una_ba,ARIMA,29,0.0,0.0
fog_MC,una_ba,ARIMA,30,793683.535771162,200.0
fog_MC,una_ba,ARIMA,32,3263516.0,133.51437906197148
fog_MC,una_ba,ARIMA,33,1238767.5165072437,39.71839895286105
fog_MC,una_ba,ARIMA,36,2141369.0,200.0
fog_MC,una_ba,ARIMA,37,84350.54066888615,3.2431953681381605
fog_MC,una_ba,ARIMA,39,1105617.723725371,88.8027007491167
fog_MC,una_ba,ARIMA,40,1109690.4351333305,10.335068022766848
fog_MC,una_ba,ARIMA,41,492582.90096734837,11.726459645826157
fog_MC,una_ba,ARIMA,43,737826.4672568794,12.043063839214737
fog_MC,una_ba,ARIMA,45,3953887000.0,200.0
fog_MC,una_ba,ARIMA,46,191816.0,200.0
fog_MC,una_ba,ARIMA,47,48622.67420088407,2.111864801235364
fog_MC,una_ba,ARIMA,49,583739.0,18.54170071336468
fog_MC,una_ba,ARIMA,50,416083.31393941725,41.850703172070084
fog_MC,una_ba,ARIMA,53,313477.0,51.96550961018035
fog_MC,una_ba,ARIMA,55,294282.2063026079,9.405443405866224
fog_MC,una_ba,ARIMA,56,0.6173600574891529,200.0
fog_MC,una_ba,ARIMA,57,1413231.8061153772,31.505801100870816
fog_MC,una_ba,ARIMA,65,1307172.9397047423,96.671127507934
fog_MC,una_ba,ARIMA,67,7583.0,17.297975477616195
fog_MC,una_ba,ARIMA,69,263772.5231024588,23.602574664548474
fog_MC,una_ba,ARIMA,70,176238.06196218962,10.076844149703906
fog_MC,una_ba,ARIMA,71,1268308.0285107058,81.63561384328291
fog_MC,una_ba,ARIMA,72,6330.0,0.8498104372294837
fog_MC,una_ba,ARIMA,74,405990.8655582116,49.97655996719704
fog_MC,una_ba,ARIMA,75,9676.008539731978,22.993221705128615
fog_MC,una_ba,ARIMA,76,26051.0,5.739919996739058
fog_MC,una_ba,ARIMA,78,1382794.899025385,122.00849222392212
fog_MC,una_ba,ARIMA,79,1026793.0842354535,75.85279024160567
fog_MC,una_ba,ARIMA,80,215947.1325352611,14.476245077681432
fog_MC,una_ba,ARIMA,81,245196.85979706567,48.13826502724217
fog_MC,una_ba,ARIMA,82,318007.0,22.125111971126667
fog_MC,una_ba,ARIMA,83,2758.927703991474,0.557962787153352
fog_MC,una_ba,ARIMA,84,113954.0,5.82441897135018
fog_MC,una_ba,ARIMA,85,3931.0000000000023,200.0
fog_MC,una_ba,ARIMA,86,4062718.0,44.12244540676594
fog_MC,una_ba,ARIMA,87,373422.0,11.201212803305813
fog_MC,una_ba,ARIMA,88,310815.8927432804,17.164514320328962
fog_MC,una_ba,ARIMA,89,122894.84025479795,16.89374661218327
fog_MC,una_ba,ARIMA,90,94810.0,13.235797100437658
fog_MC,una_ba,ARIMA,92,247854.09990384988,15.59187714139634
fog_MC,una_ba,ARIMA,93,44390.97930560823,23.885314720244455
fog_MC,una_ba,ARIMA,95,2189816.5021347185,184.64120252014231
fog_MC,una_ba,ARIMA,96,1048455752.8737514,199.8326861913196
fog_MC,una_ba,ARIMA,97,182180.91187752225,2.3363184305647744
fog_MC,una_ba,ARIMA,99,269095.0,65.21704884341194
fog_MC,una_ba,ARIMA,101,2380.256607606774,1.0365261574779685
fog_MC,una_ba,ARIMA,103,1978.0,45.10832383124288
fog_MC,una_ba,ARIMA,104,1363946.3579179961,67.00736166793465
fog_MC,una_ba,ARIMA,105,478679.23077329993,8.396275071610956
fog_MC,una_ba,ARIMA,107,5778.003876945702,6.734976566761095
fog_MC,una_ba,ARIMA,108,77789.00697078492,76.5832017893859
fog_MC,una_ba,ARIMA,110,649146.184904974,27.443897878096536
fog_MC,una_ba,ARIMA,111,101866.96979623917,7.040917173480678
fog_MC,una_ba,ARIMA,113,3728764.9274309203,6.739999419563141
fog_MC,una_ba,ARIMA,115,16808.413181636482,0.09765617796892449
fog_MC,una_ba,ARIMA,116,8484383.56422709,11.949648982521447
fog_MC,una_ba,ARIMA,117,6113306.0,39.666993023228194
fog_MC,una_ba,ARIMA,118,853893.9273467725,23.589227277173315
fog_MC,una_ba,ARIMA,119,692959.0,12.693875850029379
fog_MC,una_ba,ARIMA,120,3954789.9350070655,39.41365263590794
fog_MC,una_ba,ARIMA,121,1525876.0,200.0
fog_MC,una_ba,ARIMA,123,323090.88823975855,8.967295183150533
fog_MC,una_ba,ARIMA,124,126666.40841393475,37.91088454227488
fog_MC,una_ba,ARIMA,128,615554.7651511505,5.178039271040965
fog_MC,una_ba,ARIMA,129,360913.34470424056,14.297406709158148
fog_MC,una_ba,ARIMA,130,2915842.47775881,6.57546577314785
fog_MC,una_ba,ARIMA,131,60051.0,10.198108329108958
fog_MC,una_ba,ARIMA,132,7098499.103035126,73.7760377562448
fog_MC,una_ba,ARIMA,134,128312.0,200.0
fog_MC,una_ba,ARIMA,137,1807503.0,9.82961832838196
fog_MC,una_ba,ARIMA,139,110995.49703108659,7.279404004000358
fog_MC,una_ba,ARIMA,140,469290.58410339616,18.956362273816435
fog_MC,una_ba,ARIMA,141,158266.8966655943,9.688551170432103
fog_MC,una_ba,ARIMA,142,71061.16335059522,19.252685015553613
fog_MC,una_ba,ARIMA,144,188726.27598225884,3.398279645259345
fog_MC,una_ba,ARIMA,145,46631.81951806985,62.16008692722135
fog_MC,una_ba,ARIMA,146,46420.0,0.6105199612539465
fog_MC,una_ba,ARIMA,147,965050.5883751727,200.0
fog_MC,una_ba,ARIMA,148,649584.1729589507,73.96708395544611
fog_MC,una_ba,ARIMA,149,170705.8342271633,200.0
fog_MC,una_ba,ARIMA,150,247386.257364752,146.97628179695482
fog_MC,una_ba,ARIMA,151,497226.0,41.73687501836175
fog_MC,una_ba,ARIMA,152,1097806.1953585686,200.0
fog_MC,una_ba,ARIMA,153,97501.0,7.16710165014391
fog_MC,una_ba,ARIMA,154,131314.93471537402,18.553477697608418
fog_MC,una_ba,ARIMA,155,222650.0,200.0
fog_MC,una_ba,ARIMA,156,3012.9599765641615,0.05907269468574351
fog_MC,una_ba,ARIMA,157,410963.15720570576,199.82219307252842
fog_MC,una_ba,ARIMA,160,4287225.796316106,37.58662689699372
fog_MC,una_ba,ARIMA,162,18038.995888846694,3.2560159456043216
fog_MC,una_ba,ARIMA,163,527055.8067064844,13.667629959622865
fog_MC,una_ba,ARIMA,166,69171.06289055728,17.479731931170498
fog_MC,una_ba,ARIMA,168,111684.69139140658,8.208852350467936
fog_MC,una_ba,ARIMA,169,43093.930631112744,19.385306433332612
fog_MC,una_ba,ARIMA,170,46472.07175235386,19.33001606290944
fog_MC,una_ba,ARIMA,171,97313.60026869511,94.59016049480815
fog_MC,una_ba,ARIMA,172,140668.0,13.759818450372197
fog_MC,una_ba,ARIMA,173,225764.44546281314,10.595353822959899
fog_MC,una_ba,ARIMA,174,1117210.9033631694,118.39055747600482
fog_MC,una_ba,ARIMA,175,251299.2824860718,3.2644078073583507
fog_MC,una_ba,ARIMA,176,1500550.6458873954,21.30431247874191
fog_MC,una_ba,ARIMA,177,387477.52495741844,30.752849307245718
fog_MC,una_ba,ARIMA,178,312094.84014139883,6.855354236951677
fog_MC,una_ba,ARIMA,180,2702289.0,119.61500658099897
fog_MC,una_ba,ARIMA,181,860806.3817881952,60.538108363793505
fog_MC,una_ba,ARIMA,182,1298510.7858246248,10.520086774877296
fog_MC,una_ba,ARIMA,186,208085.73523347662,10.482855066520127
fog_MC,una_ba,ARIMA,187,1117053.5517544476,20.276340319743532
fog_MC,una_ba,ARIMA,188,129676.73216225486,5.091218676236062
fog_MC,una_ba,ARIMA,189,828598.0574413906,20.15861414753349
fog_MC,una_ba,ARIMA,190,15890.604623790772,10.688026349042426
fog_MC,una_ba,ARIMA,192,539145.0149519127,5.323120712935184
fog_MC,una_ba,ARIMA,193,1792669.5062420815,7.82802695943659
fog_MC,una_ba,ARIMA,196,1159350.160722522,26.52884184848195
fog_MC,una_ba,ARIMA,198,99603.85857665507,199.9959841719582
fog_MC,una_ba,ARIMA,199,2630703.820649218,26.951273607100834
fog_MC,una_ba,ARIMA,200,197336.0,30.339873742731598
fog_MC,una_ba,ARIMA,202,439482.28509754525,21.775393565228796
fog_MC,una_ba,ARIMA,204,428804.8884676681,25.1720152677056
fog_MC,una_ba,ARIMA,206,120914.72455061146,14.595125585441334
fog_MC,una_ba,ARIMA,207,119471.23234544916,12.30757032260177
fog_MC,una_ba,ARIMA,209,0.0,0.0
fog_MC,una_ba,ARIMA,212,396132.416430837,20.593902995159745
fog_MC,una_ba,ARIMA,213,78285.30111397873,6.176995231779918
fog_MC,una_ba,ARIMA,214,80920.0,131.15498071250283
fog_MC,una_ba,ARIMA,216,23165.174372792215,15.832335309075004
fog_MC,una_ba,ARIMA,217,57428.407764516436,89.16041916199411
fog_MC,una_ba,ARIMA,218,1479123.413977392,19.20591224892082
fog_MC,una_ba,ARIMA,221,3318.0280222059228,0.8505953612508443
fog_MC,una_ba,ARIMA,223,2794402.0,15.00451332473821
fog_MC,una_ba,ARIMA,226,1543360.85905445,42.20547756204207
fog_MC,una_ba,ARIMA,228,351554.6667433453,16.27856795957244
fog_MC,una_ba,ARIMA,229,51184457.57060648,200.0
fog_MC,una_ba,ARIMA,230,1045794.8697066351,49.71033473463811
fog_MC,una_ba,ARIMA,231,531425.05030003,54.28967156972093
fog_MC,una_ba,ARIMA,234,84597.89505877369,46.77458606883984
fog_MC,una_ba,ARIMA,235,2571272.666413851,18.715116977264508
fog_MC,una_ba,ARIMA,236,0.0,0.0
fog_MC,una_ba,ARIMA,237,1078943.8753039725,25.179648068767186
fog_MC,una_ba,ARIMA,239,7652586.877175868,22.014712287967114
fog_MC,una_ba,ARIMA,241,5739.612158283824,1.275259109677612
fog_MC,una_ba,ARIMA,242,974768.6862981375,9.336566419584646
fog_MC,una_ba,ARIMA,244,6113216.547625495,38.651912651539526
fog_MC,una_ba,ARIMA,245,788628.7911259495,32.38991435439754
fog_MC,una_ba,ARIMA,246,1078876.8990618563,154.1700796236689
fog_MC,una_ba,ARIMA,247,5667287.660239029,200.0
fog_MC,una_ba,ARIMA,248,528977.1440742221,20.805275999871068
fog_MC,una_ba,ARIMA,249,44003.70156590405,16.872639998254872
fog_MC,una_ba,ARIMA,250,987328.0,32.4982916909692
fog_MC,una_ba,ARIMA,251,143575.48915625282,16.954378998842788
fog_MC,una_ba,ARIMA,253,239217.22709500953,14.247487782121848
fog_MC,una_ba,ARIMA,254,328335.95939704403,50.23507832715586
fog_MC,una_ba,ARIMA,255,3094282.0,200.0
fog_MC,una_ba,ARIMA,256,2442162.827853661,8.77625311534745
fog_MC,una_ba,ARIMA,257,12338703.0,200.0
fog_MC,una_ba,ARIMA,259,4436237.0,31.846095097366785
fog_MC,una_ba,ARIMA,261,4169950.096575454,25.20491834478572
fog_MC,una_ba,ARIMA,262,741146.4732199991,45.122227829106556
fog_MC,una_ba,ARIMA,263,181173.52453267178,21.24864245092256
fog_MC,una_ba,ARIMA,264,128032.00552391293,200.0
fog_MC,una_ba,ARIMA,265,1009562.7146680041,51.667293559560655
fog_MC,una_ba,ARIMA,266,36198.571860463024,25.189200167007435
fog_MC,una_ba,ARIMA,267,634246.8323078228,32.673504907869365
fog_MC,una_ba,ARIMA,269,1346978.0,67.52385430650816
fog_MC,una_ba,ARIMA,270,9862972.152896205,110.31327547431096
fog_MC,una_ba,ARIMA,272,81899.5675954977,3.657751302154528
fog_MC,una_ba,ARIMA,273,195453.03639422916,5.094002692030835
fog_MC,una_ba,ARIMA,274,82014.30429192504,15.415444657113584
fog_MC,una_ba,STL-LSTM (full),1,1025561.7173865736,10.964809962489467
fog_MC,una_ba,STL-LSTM (full),4,981604.874443531,19.74099498738047
fog_MC,una_ba,STL-LSTM (full),5,397388.5355389118,19.481465735820336
fog_MC,una_ba,STL-LSTM (full),7,74765.69624018669,3.454009712905416
fog_MC,una_ba,STL-LSTM (full),8,153812.14638471603,25.9869645309687
fog_MC,una_ba,STL-LSTM (full),9,204196.77713689208,32.84360525260825
fog_MC,una_ba,STL-LSTM (full),11,14211.626066863537,0.3369105643152576
fog_MC,una_ba,STL-LSTM (full),13,319104.9957435131,83.0741909144485
fog_MC,una_ba,STL-LSTM (full),14,27520.616245746613,1.5137333920178626
fog_MC,una_ba,STL-LSTM (full),15,219425.26954644918,98.2139274940065
fog_MC,una_ba,STL-LSTM (full),16,2815.06610403955,0.08797968154479593
fog_MC,una_ba,STL-LSTM (full),17,56601.91967344284,0.6504720696617448
fog_MC,una_ba,STL-LSTM (full),18,575322.122437954,10.377980421154238
fog_MC,una_ba,STL-LSTM (full),19,257306.28992581367,5.8672603809809845
fog_MC,una_ba,STL-LSTM (full),21,440838.03684306145,6.868705278324999
fog_MC,una_ba,STL-LSTM (full),22,612201.9180979729,19.588680903118227
fog_MC,una_ba,STL-LSTM (full),26,12570.117117598653,4.981834186207289
fog_MC,una_ba,STL-LSTM (full),27,2829143.3310189247,56.34820638014067
fog_MC,una_ba,STL-LSTM (full),28,755957.7228468955,36.70821848721195
fog_MC,una_ba,STL-LSTM (full),29,0.6486596465110779,200.0
fog_MC,una_ba,STL-LSTM (full),30,793684.2496985495,200.0
fog_MC,una_ba,STL-LSTM (full),32,3263516.307676941,133.5143832463884
fog_MC,una_ba,STL-LSTM (full),33,907888.5877432823,30.74007689372358
fog_MC,una_ba,STL-LSTM (full),36,267253.73676633835,11.747438335185837
fog_MC,una_ba,STL-LSTM (full),37,84349.94407917187,3.243172057886048
fog_MC,una_ba,STL-LSTM (full),39,1105614.9701771736,88.80238138608743
fog_MC,una_ba,STL-LSTM (full),40,90939.70126026869,0.8971223912212148
fog_MC,una_ba,STL-LSTM (full),41,492579.93060588837,11.726384787197155
fog_MC,una_ba,STL-LSTM (full),43,737824.3076815605,12.043026467320395
fog_MC,una_ba,STL-LSTM (full),45,351372999.7731657,8.508699500876205
fog_MC,una_ba,STL-LSTM (full),46,211348.24736008048,71.04378617536628
fog_MC,una_ba,STL-LSTM (full),47,211571.93154525757,9.739714776850342
fog_MC,una_ba,STL-LSTM (full),49,583735.912471056,18.54159355008306
fog_MC,una_ba,STL-LSTM (full),50,32241.756017893553,4.186990246055437
fog_MC,una_ba,STL-LSTM (full),53,313480.06851768494,51.965886114490345
fog_MC,una_ba,STL-LSTM (full),55,294280.29221200943,9.40537935343784
fog_MC,una_ba,STL-LSTM (full),56,0.3197527527809143,200.0
fog_MC,una_ba,STL-LSTM (full),57,165037.35244989395,3.1288133273996213
fog_MC,una_ba,STL-LSTM (full),65,211028.6692249775,26.24364752347685
fog_MC,una_ba,STL-LSTM (full),67,7585.5208439826965,17.30322840099622
fog_MC,una_ba,STL-LSTM (full),69,13453.489273548126,1.3556535965260832
fog_MC,una_ba,STL-LSTM (full),70,22206.993281126022,1.3282286397179197
fog_MC,una_ba,STL-LSTM (full),71,1043130.34044981,62.604980585825245
fog_MC,una_ba,STL-LSTM (full),72,6329.6529704630375,0.849763650130171
fog_MC,una_ba,STL-LSTM (full),74,405988.07268977165,49.97613026347046
fog_MC,una_ba,STL-LSTM (full),75,9678.623055934906,22.998720168451452
fog_MC,una_ba,STL-LSTM (full),76,26047.944657087326,5.739227482816101
fog_MC,una_ba,STL-LSTM (full),78,1382792.3949878216,122.00813650253201
fog_MC,una_ba,STL-LSTM (full),79,1236298.001893282,84.76979858249256
fog_MC,una_ba,STL-LSTM (full),80,201542.00622344017,13.445662268783249
fog_MC,una_ba,STL-LSTM (full),81,245194.54623556137,48.137701494261115
fog_MC,una_ba,STL-LSTM (full),82,318004.31327557564,22.124904365471735
fog_MC,una_ba,STL-LSTM (full),83,2759.3134975135326,0.5580405919518676
fog_MC,una_ba,STL-LSTM (full),84,113953.72735053301,5.824404629850795
fog_MC,una_ba,STL-LSTM (full),85,3931.495450168848,200.0
fog_MC,una_ba,STL-LSTM (full),86,4062717.8416986465,44.122443308284
fog_MC,una_ba,STL-LSTM (full),87,373421.8520604819,11.20120811716052
fog_MC,una_ba,STL-LSTM (full),88,310813.2898955345,17.16435824451086
fog_MC,una_ba,STL-LSTM (full),89,122892.31320261955,16.89336988859277
fog_MC,una_ba,STL-LSTM (full),90,94809.95371071249,13.235790210638616
fog_MC,una_ba,STL-LSTM (full),92,17537.759945437312,1.2037392411919383
fog_MC,una_ba,STL-LSTM (full),93,44388.09704422951,23.88357867176407
fog_MC,una_ba,STL-LSTM (full),95,1265765.725822121,76.80570024028987
fog_MC,una_ba,STL-LSTM (full),96,90479.30671685934,18.687907199461815
fog_MC,una_ba,STL-LSTM (full),97,182181.10233139992,2.3363208444458055
fog_MC,una_ba,STL-LSTM (full),99,269097.75992274284,65.2174996143957
fog_MC,una_ba,STL-LSTM (full),101,23212.410361289978,10.588550458870964
fog_MC,una_ba,STL-LSTM (full),103,1980.5004405975342,45.17822731963757
fog_MC,una_ba,STL-LSTM (full),104,412865.99099035,26.466158935843552
fog_MC,una_ba,STL-LSTM (full),105,590908.3143668175,10.467862588265401
fog_MC,una_ba,STL-LSTM (full),107,5780.607062578201,6.737908675537509
fog_MC,una_ba,STL-LSTM (full),108,34632.119033671916,43.29228119840484
fog_MC,una_ba,STL-LSTM (full),110,649148.9442653656,27.443998527634257
fog_MC,una_ba,STL-LSTM (full),111,101863.98523974419,7.040703622587931
fog_MC,una_ba,STL-LSTM (full),113,8368276.105211258,15.788255599871126
fog_MC,una_ba,STL-LSTM (full),115,16805.96028995514,0.09764191981321865
fog_MC,una_ba,STL-LSTM (full),116,14682703.301445246,21.623389327825997
fog_MC,una_ba,STL-LSTM (full),117,6113303.335655689,39.66697230647528
fog_MC,una_ba,STL-LSTM (full),118,862128.3963842392,31.215773067316142
fog_MC,una_ba,STL-LSTM (full),119,692961.9111716747,12.693925793232165
fog_MC,una_ba,STL-LSTM (full),120,6503394.5974936485,57.50960086517865
fog_MC,una_ba,STL-LSTM (full),121,31009.350545167923,2.0530944965314624
fog_MC,una_ba,STL-LSTM (full),123,323088.9952054024,8.967240286801342
fog_MC,una_ba,STL-LSTM (full),124,10113.759951591492,3.8060842308878997
fog_MC,una_ba,STL-LSTM (full),128,3243912.107432127,32.5757341054232
fog_MC,una_ba,STL-LSTM (full),129,360911.30895614624,14.297320298937763
fog_MC,una_ba,STL-LSTM (full),130,2915843.680567682,6.575468574758868
fog_MC,una_ba,STL-LSTM (full),131,60048.01763701439,10.197576027737025
fog_MC,una_ba,STL-LSTM (full),132,2469924.320497453,33.80032028267336
fog_MC,una_ba,STL-LSTM (full),134,128314.61338090897,200.0
fog_MC,una_ba,STL-LSTM (full),137,1807502.7294123769,9.829616784541752
fog_MC,una_ba,STL-LSTM (full),139,72729.02828836441,4.7106688361195825
fog_MC,una_ba,STL-LSTM (full),140,334687.3537398875,13.897044997702428
fog_MC,una_ba,STL-LSTM (full),141,158266.6803995967,9.68853729004148
fog_MC,una_ba,STL-LSTM (full),142,11036.736791789532,2.7653396254634535
fog_MC,una_ba,STL-LSTM (full),144,240563.3212263584,4.351988587878762
fog_MC,una_ba,STL-LSTM (full),145,46632.17016227543,62.16040906369346
fog_MC,una_ba,STL-LSTM (full),146,46417.35937452316,0.6104851255032848
fog_MC,una_ba,STL-LSTM (full),147,0.30317288637161255,200.0
fog_MC,una_ba,STL-LSTM (full),148,258730.74371862411,37.89369969937214
fog_MC,una_ba,STL-LSTM (full),149,19130.21737012267,14.329631834932712
fog_MC,una_ba,STL-LSTM (full),150,234234.31004062295,144.82047566137868
fog_MC,una_ba,STL-LSTM (full),151,497225.8163302392,41.7368563839094
fog_MC,una_ba,STL-LSTM (full),152,1423700.242005825,200.0
fog_MC,una_ba,STL-LSTM (full),153,97500.89403899014,7.167093582042278
fog_MC,una_ba,STL-LSTM (full),154,131312.25087594986,18.553063321569102
fog_MC,una_ba,STL-LSTM (full),155,222650.1660630703,200.0
fog_MC,una_ba,STL-LSTM (full),156,3011.309561252594,0.0590403267614786
fog_MC,una_ba,STL-LSTM (full),157,60339.56130313873,15.838143757721998
fog_MC,una_ba,STL-LSTM (full),160,1458355.7887256593,11.375019630065175
fog_MC,una_ba,STL-LSTM (full),162,18036.366559267044,3.255533629710941
fog_MC,una_ba,STL-LSTM (full),163,418684.2915061414,9.67138413421812
fog_MC,una_ba,STL-LSTM (full),166,69173.62161445618,17.480322014631934
fog_MC,una_ba,STL-LSTM (full),168,111682.27931523323,8.208667785775145
fog_MC,una_ba,STL-LSTM (full),169,85401.33937501907,42.45689697863528
fog_MC,una_ba,STL-LSTM (full),170,26955.300161212683,11.686381908179017
fog_MC,una_ba,STL-LSTM (full),171,102362.6190970838,102.00083188597642
fog_MC,una_ba,STL-LSTM (full),172,140665.53201675415,13.75956042931509
fog_MC,una_ba,STL-LSTM (full),173,52935.75338539481,2.658168453618116
fog_MC,una_ba,STL-LSTM (full),174,1117207.8998260498,118.39005078359787
fog_MC,una_ba,STL-LSTM (full),175,1662277.7235216498,23.771719934975046
fog_MC,una_ba,STL-LSTM (full),176,1354798.071308136,19.037985642459887
fog_MC,una_ba,STL-LSTM (full),177,34499.11291766167,3.184091970017132
fog_MC,una_ba,STL-LSTM (full),178,312092.0193724632,6.855290153269021
fog_MC,una_ba,STL-LSTM (full),180,2702286.4029052258,119.61482286854839
fog_MC,una_ba,STL-LSTM (full),181,331529.90614557266,19.65713091779132
fog_MC,una_ba,STL-LSTM (full),182,1557923.3213396072,12.755800187951197
fog_MC,una_ba,STL-LSTM (full),186,80243.2233262062,3.916345065675384
fog_MC,una_ba,STL-LSTM (full),187,498722.32421016693,9.590846827218185
fog_MC,una_ba,STL-LSTM (full),188,129673.9405875206,5.091106286724358
fog_MC,una_ba,STL-LSTM (full),189,828595.2201333046,20.158538162371382
fog_MC,una_ba,STL-LSTM (full),190,12712.165067434311,8.459779357675508
fog_MC,una_ba,STL-LSTM (full),192,1451905.9083154202,15.011460436125901
fog_MC,una_ba,STL-LSTM (full),193,1234570.0822513103,5.4574820196536225
fog_MC,una_ba,STL-LSTM (full),196,772460.3861677647,16.926576938800586
fog_MC,una_ba,STL-LSTM (full),198,82886.66172552109,199.99517424950926
fog_MC,una_ba,STL-LSTM (full),199,127223.2131857872,1.5178146312663194
fog_MC,una_ba,STL-LSTM (full),200,197335.82048735023,30.33984195631472
fog_MC,una_ba,STL-LSTM (full),202,128459.95972013474,5.909565970621091
fog_MC,una_ba,STL-LSTM (full),204,428805.38986334205,25.172040996517573
fog_MC,una_ba,STL-LSTM (full),206,16124.295077294111,1.79762206529995
fog_MC,una_ba,STL-LSTM (full),207,3711.304421186447,0.36081357410706255
fog_MC,una_ba,STL-LSTM (full),209,0.8640705943107605,200.0
fog_MC,una_ba,STL-LSTM (full),212,350608.9696819782,22.61743079739238
fog_MC,una_ba,STL-LSTM (full),213,122056.33815908432,10.457210845125552
fog_MC,una_ba,STL-LSTM (full),214,80917.51332139969,131.148307405349
fog_MC,una_ba,STL-LSTM (full),216,16517.226423069835,11.551185452139102
fog_MC,una_ba,STL-LSTM (full),217,43472.60987663269,75.69365346441049
fog_MC,una_ba,STL-LSTM (full),218,1479121.2144637108,19.205880946393602
fog_MC,una_ba,STL-LSTM (full),221,3320.4692821502686,0.851218528532819
fog_MC,una_ba,STL-LSTM (full),223,2794404.4957227707,15.004527730856672
fog_MC,una_ba,STL-LSTM (full),226,1057822.0155613422,27.12678540364135
fog_MC,una_ba,STL-LSTM (full),228,344973.2729496956,15.949516783162219
fog_MC,una_ba,STL-LSTM (full),229,25112039.89907351,39.583290252445096
fog_MC,una_ba,STL-LSTM (full),230,534652.1137604713,22.66100210906071
fog_MC,una_ba,STL-LSTM (full),231,531424.9515578151,54.289664220548794
fog_MC,una_ba,STL-LSTM (full),234,84598.30627667904,46.774760258642104
fog_MC,una_ba,STL-LSTM (full),235,2571272.3005566597,18.715114065174397
fog_MC,una_ba,STL-LSTM (full),236,0.9764548540115356,200.0
fog_MC,una_ba,STL-LSTM (full),237,363006.9133028984,10.18535474558197
fog_MC,una_ba,STL-LSTM (full),239,3825809.282981634,10.43176019558485
fog_MC,una_ba,STL-LSTM (full),241,8479.839334011078,1.8547982484133418
fog_MC,una_ba,STL-LSTM (full),242,953004.9103657976,9.118603537350308
fog_MC,una_ba,STL-LSTM (full),244,7116411.109002829,46.4685115131971
fog_MC,una_ba,STL-LSTM (full),245,137858.9075627327,6.992399867969143
fog_MC,una_ba,STL-LSTM (full),246,250873.48504066467,22.524140557406497
fog_MC,una_ba,STL-LSTM (full),247,4500383.234468013,200.0
fog_MC,una_ba,STL-LSTM (full),248,624718.8626315296,25.04240968424314
fog_MC,una_ba,STL-LSTM (full),249,67789.90016466379,27.23513558111062
fog_MC,una_ba,STL-LSTM (full),250,987330.9171657562,32.49837210822006
fog_MC,una_ba,STL-LSTM (full),251,143573.3940229416,16.954110618235095
fog_MC,una_ba,STL-LSTM (full),253,27901.674320071936,1.5634070242762113
fog_MC,una_ba,STL-LSTM (full),254,328338.05457258224,50.23531836983278
fog_MC,una_ba,STL-LSTM (full),255,687524.4310526848,24.99616381360624
fog_MC,una_ba,STL-LSTM (full),256,2442166.28469038,8.7762660830942
fog_MC,una_ba,STL-LSTM (full),257,1682917.316461563,14.637571112127834
fog_MC,una_ba,STL-LSTM (full),259,4436239.919020176,31.84611271532033
fog_MC,una_ba,STL-LSTM (full),261,1331721.9320383742,9.65480720397264
fog_MC,una_ba,STL-LSTM (full),262,741144.8100518733,45.122103728152425
fog_MC,una_ba,STL-LSTM (full),263,181173.19156365097,21.24860754816645
fog_MC,una_ba,STL-LSTM (full),264,128034.80453705788,200.0
fog_MC,una_ba,STL-LSTM (full),265,1009559.9537863731,51.66711576164163
fog_MC,una_ba,STL-LSTM (full),266,67265.02317285538,52.479669552110494
fog_MC,una_ba,STL-LSTM (full),267,335039.459158659,13.811454096661599
fog_MC,una_ba,STL-LSTM (full),269,1346978.0667210221,67.52385652198438
fog_MC,una_ba,STL-LSTM (full),270,4850092.56415391,75.37712870721982
fog_MC,una_ba,STL-LSTM (full),272,232322.87746667862,11.158867106077496
fog_MC,una_ba,STL-LSTM (full),273,195451.30288767815,5.09395636173184
fog_MC,una_ba,STL-LSTM (full),274,167901.29915434122,25.55635040520368
fog_MC,una_ba,MTL-LSTM (full),1,1025561.8609990776,10.964811582103716
fog_MC,una_ba,MTL-LSTM (full),4,981602.1313889772,19.740945267065577
fog_MC,una_ba,MTL-LSTM (full),5,397390.903608121,19.481593135634466
fog_MC,una_ba,MTL-LSTM (full),7,74763.14759123325,3.453894004304753
fog_MC,una_ba,MTL-LSTM (full),8,153814.98871536367,25.98750714866697
fog_MC,una_ba,MTL-LSTM (full),9,204196.9142497331,32.84363092784384
fog_MC,una_ba,MTL-LSTM (full),11,14211.991441619582,0.336919240731744
fog_MC,una_ba,MTL-LSTM (full),13,319105.0539752431,83.07419977728146
fog_MC,una_ba,MTL-LSTM (full),14,27518.01858774759,1.5135915927505346
fog_MC,una_ba,MTL-LSTM (full),15,219425.02916659787,98.21387273657164
fog_MC,una_ba,MTL-LSTM (full),16,2814.988198047504,0.08797724780822505
fog_MC,una_ba,MTL-LSTM (full),17,56599.13033886254,0.6504401187401794
fog_MC,una_ba,MTL-LSTM (full),18,575325.047054898,10.37803591453267
fog_MC,una_ba,MTL-LSTM (full),19,257308.83301892877,5.867320071401258
fog_MC,una_ba,MTL-LSTM (full),21,440840.8781891018,6.868751069822657
fog_MC,una_ba,MTL-LSTM (full),22,612204.8554286957,19.588784094519944
fog_MC,una_ba,MTL-LSTM (full),26,12570.00239951536,4.981789853219913
fog_MC,una_ba,MTL-LSTM (full),27,2829145.954071842,56.34827334278557
fog_MC,una_ba,MTL-LSTM (full),28,755957.9791174121,36.708233215348855
fog_MC,una_ba,MTL-LSTM (full),29,0.043939657509326935,200.0
fog_MC,una_ba,MTL-LSTM (full),30,793684.0364154056,200.0
fog_MC,una_ba,MTL-LSTM (full),32,3263516.219683841,133.51438204967928
fog_MC,una_ba,MTL-LSTM (full),33,907885.9718240555,30.74000193519405
fog_MC,una_ba,MTL-LSTM (full),36,267251.1096576601,11.747329640433712
fog_MC,una_ba,MTL-LSTM (full),37,84349.8685747385,3.243169107739393
fog_MC,una_ba,MTL-LSTM (full),39,1105618.0173457265,88.80273480394129
fog_MC,una_ba,MTL-LSTM (full),40,90939.82690636814,0.8971236362830105
fog_MC,una_ba,MTL-LSTM (full),41,492582.85280168056,11.726458431961396
fog_MC,una_ba,MTL-LSTM (full),43,737827.0036582649,12.0430731217529
fog_MC,una_ba,MTL-LSTM (full),45,351372999.67989635,8.508699498713721
fog_MC,una_ba,MTL-LSTM (full),46,211348.0435858369,71.0437420092548
fog_MC,una_ba,MTL-LSTM (full),47,211574.82191595435,9.739854314916528
fog_MC,una_ba,MTL-LSTM (full),49,583738.9216740876,18.541697994793953
fog_MC,una_ba,MTL-LSTM (full),50,32241.874043747783,4.187005894043983
fog_MC,una_ba,MTL-LSTM (full),53,313477.0992708355,51.96552179065094
fog_MC,una_ba,MTL-LSTM (full),55,294282.95206844807,9.405468361912408
fog_MC,una_ba,MTL-LSTM (full),56,0.0040417881682515144,200.0
fog_MC,una_ba,MTL-LSTM (full),57,165036.80685183406,3.1288031456501186
fog_MC,una_ba,MTL-LSTM (full),65,211026.06236834452,26.24336587248643
fog_MC,una_ba,MTL-LSTM (full),67,7582.9886152865365,17.297951753516188
fog_MC,una_ba,MTL-LSTM (full),69,13451.137037232518,1.3554181775466725
fog_MC,una_ba,MTL-LSTM (full),70,22204.02590801753,1.3280523358706207
fog_MC,una_ba,MTL-LSTM (full),71,1043133.0418448672,62.60519346428717
fog_MC,una_ba,MTL-LSTM (full),72,6330.062380991876,0.8498188475408647
fog_MC,una_ba,MTL-LSTM (full),74,405990.9151675105,49.97656759997258
fog_MC,una_ba,MTL-LSTM (full),75,9675.846320569515,22.992880538551987
fog_MC,una_ba,MTL-LSTM (full),76,26051.005312240217,5.739921200797921
fog_MC,una_ba,MTL-LSTM (full),78,1382794.9008527845,122.00849248352117
fog_MC,una_ba,MTL-LSTM (full),79,1236295.1014236808,84.7696839987352
fog_MC,una_ba,MTL-LSTM (full),80,201544.95157855377,13.44587197535924
fog_MC,una_ba,MTL-LSTM (full),81,245196.78569945693,48.13824697864565
fog_MC,una_ba,MTL-LSTM (full),82,318007.06683526933,22.12511713555404
fog_MC,una_ba,MTL-LSTM (full),83,2759.2356061935425,0.5580248832470176
fog_MC,una_ba,MTL-LSTM (full),84,113954.03794517368,5.8244209672856
fog_MC,una_ba,MTL-LSTM (full),85,3930.963275425136,199.996263115566
fog_MC,una_ba,MTL-LSTM (full),86,4062717.837738186,44.12244325578315
fog_MC,una_ba,MTL-LSTM (full),87,373421.93557466567,11.201210762563186
fog_MC,una_ba,MTL-LSTM (full),88,310815.94795588404,17.164517631071448
fog_MC,una_ba,MTL-LSTM (full),89,122894.85169124603,16.893748317089617
fog_MC,una_ba,MTL-LSTM (full),90,94810.02160446718,13.235800316094071
fog_MC,una_ba,MTL-LSTM (full),92,17537.912891231477,1.2037498021157813
fog_MC,una_ba,MTL-LSTM (full),93,44390.86304178834,23.88524469150546
fog_MC,una_ba,MTL-LSTM (full),95,1265766.166832298,76.80573727712128
fog_MC,una_ba,MTL-LSTM (full),96,90479.11375384033,18.687871068264656
fog_MC,una_ba,MTL-LSTM (full),97,182178.1150720343,2.336282982838057
fog_MC,una_ba,MTL-LSTM (full),99,269094.9972080528,65.21704838740897
fog_MC,una_ba,MTL-LSTM (full),101,23214.771886780858,10.589684727726418
fog_MC,una_ba,MTL-LSTM (full),103,1978.3453516364098,45.117976270720476
fog_MC,una_ba,MTL-LSTM (full),104,412866.21934089065,26.46617163684608
fog_MC,una_ba,MTL-LSTM (full),105,590911.0573081858,10.46791372233252
fog_MC,una_ba,MTL-LSTM (full),107,5778.016416948289,6.734990691457518
fog_MC,una_ba,MTL-LSTM (full),108,34631.930077038705,43.29209612055167
fog_MC,una_ba,MTL-LSTM (full),110,649146.0259025134,27.443892078370602
fog_MC,una_ba,MTL-LSTM (full),111,101867.20215788484,7.040933799432346
fog_MC,una_ba,MTL-LSTM (full),113,8368279.04503119,15.788261584217167
fog_MC,una_ba,MTL-LSTM (full),115,16808.989376574755,0.0976595272720887
fog_MC,una_ba,MTL-LSTM (full),116,14682706.086184442,21.623393872344522
fog_MC,una_ba,MTL-LSTM (full),117,6113305.822865531,39.66699164590947
fog_MC,una_ba,MTL-LSTM (full),118,862130.9847305864,31.215881413145695
fog_MC,una_ba,MTL-LSTM (full),119,692958.997000426,12.69387579856956
fog_MC,una_ba,MTL-LSTM (full),120,6503392.138327181,57.50958537188221
fog_MC,una_ba,MTL-LSTM (full),121,31011.586359590292,2.05324404702601
fog_MC,una_ba,MTL-LSTM (full),123,323091.9730029516,8.967326640352274
fog_MC,una_ba,MTL-LSTM (full),124,10113.906711786985,3.806140511822987
fog_MC,una_ba,MTL-LSTM (full),128,3243914.9078856185,32.57576680845098
fog_MC,una_ba,MTL-LSTM (full),129,360913.877738975,14.297429334586335
fog_MC,una_ba,MTL-LSTM (full),130,2915843.925063446,6.575469144244224
fog_MC,una_ba,MTL-LSTM (full),131,60050.96820434928,10.198102654108636
fog_MC,una_ba,MTL-LSTM (full),132,2469923.8432812244,33.80031485576392
fog_MC,una_ba,MTL-LSTM (full),134,128311.9686963372,200.0
fog_MC,una_ba,MTL-LSTM (full),137,1807502.9065904245,9.829617795432753
fog_MC,una_ba,MTL-LSTM (full),139,72731.97325372696,4.710864074805475
fog_MC,una_ba,MTL-LSTM (full),140,334686.9800519347,13.89703055941893
fog_MC,una_ba,MTL-LSTM (full),141,158266.89272005856,9.688550917199594
fog_MC,una_ba,MTL-LSTM (full),142,11037.0020692111,2.7654070118155927
fog_MC,una_ba,MTL-LSTM (full),144,240566.17923735082,4.352041416736018
fog_MC,una_ba,MTL-LSTM (full),145,46632.09717746824,62.160342012750014
fog_MC,una_ba,MTL-LSTM (full),146,46420.07465800643,0.6105209461600546
fog_MC,una_ba,MTL-LSTM (full),147,0.12650644779205322,200.0
fog_MC,una_ba,MTL-LSTM (full),148,258728.04326586425,37.89337912683537
fog_MC,una_ba,MTL-LSTM (full),149,19130.035407327116,14.329505299945101
fog_MC,una_ba,MTL-LSTM (full),150,234233.94071274996,144.82041266145876
fog_MC,una_ba,MTL-LSTM (full),151,497226.0112128258,41.73687615597354
fog_MC,una_ba,MTL-LSTM (full),152,1423700.0327384844,200.0
fog_MC,una_ba,MTL-LSTM (full),153,97501.0004353195,7.167101683290085
fog_MC,una_ba,MTL-LSTM (full),154,131314.93205665797,18.553477287110574
fog_MC,una_ba,MTL-LSTM (full),155,222650.09682729095,200.0
fog_MC,una_ba,MTL-LSTM (full),156,3013.995920687914,0.05909301161417701
fog_MC,una_ba,MTL-LSTM (full),157,60336.833486407995,15.837371052285315
fog_MC,una_ba,MTL-LSTM (full),160,1458356.1667668074,11.375022746452364
fog_MC,una_ba,MTL-LSTM (full),162,18038.94198591262,3.256006057797775
fog_MC,una_ba,MTL-LSTM (full),163,418683.9760785457,9.671377200347063
fog_MC,una_ba,MTL-LSTM (full),166,69171.15702092648,17.47975363923641
fog_MC,una_ba,MTL-LSTM (full),168,111684.78627204895,8.208859610451238
fog_MC,una_ba,MTL-LSTM (full),169,85403.99381251633,42.458496770501206
fog_MC,una_ba,MTL-LSTM (full),170,26955.049750335515,11.686279686959052
fog_MC,una_ba,MTL-LSTM (full),171,102362.92604061216,102.00129373455692
fog_MC,una_ba,MTL-LSTM (full),172,140667.9064548537,13.759808670465626
fog_MC,una_ba,MTL-LSTM (full),173,52935.80690434575,2.65817117679039
fog_MC,una_ba,MTL-LSTM (full),174,1117211.0858081281,118.39058825425978
fog_MC,una_ba,MTL-LSTM (full),175,1662278.098785676,23.771725939368878
fog_MC,una_ba,MTL-LSTM (full),176,1354801.056891609,19.03803159030787
fog_MC,una_ba,MTL-LSTM (full),177,34495.8924491629,3.183799468866524
fog_MC,una_ba,MTL-LSTM (full),178,312095.2015544921,6.855362447723492
fog_MC,una_ba,MTL-LSTM (full),180,2702289.0636969805,119.61501108677804
fog_MC,una_ba,MTL-LSTM (full),181,331533.11000659317,19.657339552620996
fog_MC,una_ba,MTL-LSTM (full),182,1557925.9008317739,12.75582265506584
fog_MC,una_ba,MTL-LSTM (full),186,80246.09914186597,3.916488171060294
fog_MC,una_ba,MTL-LSTM (full),187,498724.9293529242,9.59089452381469
fog_MC,una_ba,MTL-LSTM (full),188,129677.10573353618,5.091233716320595
fog_MC,una_ba,MTL-LSTM (full),189,828597.7541300356,20.158606024633585
fog_MC,una_ba,MTL-LSTM (full),190,12714.715234458447,8.461548261014133
fog_MC,una_ba,MTL-LSTM (full),192,1451909.1058378816,15.01149597713567
fog_MC,una_ba,MTL-LSTM (full),193,1234567.2009137124,5.457469630110941
fog_MC,una_ba,MTL-LSTM (full),196,772462.895058319,16.926636567800582
fog_MC,una_ba,MTL-LSTM (full),198,82884.28105518222,199.9951741109034
fog_MC,una_ba,MTL-LSTM (full),199,127226.00115447026,1.517848145075098
fog_MC,una_ba,MTL-LSTM (full),200,197335.95513433963,30.33986579834031
fog_MC,una_ba,MTL-LSTM (full),202,128463.02934933268,5.909711355940525
fog_MC,una_ba,MTL-LSTM (full),204,428804.9611549713,25.17201899761052
fog_MC,una_ba,MTL-LSTM (full),206,16123.932858213782,1.7975820461435694
fog_MC,una_ba,MTL-LSTM (full),207,3714.202095270157,0.36109579504302175
fog_MC,una_ba,MTL-LSTM (full),209,0.05798184126615524,200.0
fog_MC,una_ba,MTL-LSTM (full),212,350612.0343594961,22.617650854109648
fog_MC,una_ba,MTL-LSTM (full),213,122059.04516782612,10.457454895514907
fog_MC,una_ba,MTL-LSTM (full),214,80920.0015641168,131.15498491008682
fog_MC,una_ba,MTL-LSTM (full),216,16516.944815587252,11.550999886540794
fog_MC,una_ba,MTL-LSTM (full),217,43470.056463859975,75.69089010266384
fog_MC,una_ba,MTL-LSTM (full),218,1479123.8474924117,19.2059184185201
fog_MC,una_ba,MTL-LSTM (full),221,3317.994721834548,0.8505868608173743
fog_MC,una_ba,MTL-LSTM (full),223,2794402.176573664,15.004514343978407
fog_MC,una_ba,MTL-LSTM (full),226,1057824.967847336,27.12687138071902
fog_MC,una_ba,MTL-LSTM (full),228,344976.00446267147,15.949653143435812
fog_MC,una_ba,MTL-LSTM (full),229,25112039.85734482,39.58329019968759
fog_MC,una_ba,MTL-LSTM (full),230,534655.0695938319,22.661141585934683
fog_MC,una_ba,MTL-LSTM (full),231,531424.9073480442,54.28966093010974
fog_MC,una_ba,MTL-LSTM (full),234,84598.0632962957,46.77465733344188
fog_MC,una_ba,MTL-LSTM (full),235,2571274.7460984588,18.715133530798646
fog_MC,una_ba,MTL-LSTM (full),236,0.12122976779937744,200.0
fog_MC,una_ba,MTL-LSTM (full),237,363010.04117470235,10.185446977843087
fog_MC,una_ba,MTL-LSTM (full),239,3825811.834575504,10.431767515855457
fog_MC,una_ba,MTL-LSTM (full),241,8477.126674309373,1.854210408295431
fog_MC,una_ba,MTL-LSTM (full),242,953005.0628910661,9.11860506329106
fog_MC,una_ba,MTL-LSTM (full),244,7116413.894137606,46.46853392492984
fog_MC,una_ba,MTL-LSTM (full),245,137862.13282369077,6.992569177357991
fog_MC,una_ba,MTL-LSTM (full),246,250875.98216598108,22.524390006211103
fog_MC,una_ba,MTL-LSTM (full),247,4500382.974736804,200.0
fog_MC,una_ba,MTL-LSTM (full),248,624719.101277411,25.042420448395475
fog_MC,una_ba,MTL-LSTM (full),249,67789.93014647812,27.235149266840754
fog_MC,una_ba,MTL-LSTM (full),250,987328.1190795153,32.4982949736252
fog_MC,una_ba,MTL-LSTM (full),251,143575.9424128346,16.95443705980685
fog_MC,una_ba,MTL-LSTM (full),253,27902.157135874033,1.5634342892461468
fog_MC,una_ba,MTL-LSTM (full),254,328335.0969834477,50.23497952085877
fog_MC,una_ba,MTL-LSTM (full),255,687526.9971396266,24.996268768311623
fog_MC,una_ba,MTL-LSTM (full),256,2442168.974528052,8.776276173572985
fog_MC,una_ba,MTL-LSTM (full),257,1682919.8815359622,14.63759505531734
fog_MC,una_ba,MTL-LSTM (full),259,4436237.027932385,31.846095265954695
fog_MC,una_ba,MTL-LSTM (full),261,1331721.9714169502,9.654807503243816
fog_MC,una_ba,MTL-LSTM (full),262,741145.0324826464,45.12212032530736
fog_MC,una_ba,MTL-LSTM (full),263,181173.00088799,21.248587560997322
fog_MC,una_ba,MTL-LSTM (full),264,128032.08551162481,200.0
fog_MC,una_ba,MTL-LSTM (full),265,1009562.8698108643,51.66730355060771
fog_MC,una_ba,MTL-LSTM (full),266,67267.8340177238,52.48243802230689
fog_MC,una_ba,MTL-LSTM (full),267,335037.0651772022,13.811362223765592
fog_MC,una_ba,MTL-LSTM (full),269,1346978.0534120575,67.52385608005929
fog_MC,una_ba,MTL-LSTM (full),270,4850090.039017092,75.3771042536471
fog_MC,una_ba,MTL-LSTM (full),272,232325.99816348543,11.159025361775987
fog_MC,una_ba,MTL-LSTM (full),273,195453.9015993923,5.094025815812773
fog_MC,una_ba,MTL-LSTM (full),274,167900.85508291423,25.55629144989427
fog_MC,nic,ARIMA,1,5298118.0138906315,9.718236152951125
fog_MC,nic,ARIMA,4,1224932.0,6.191062238034034
fog_MC,nic,ARIMA,5,0.0,0.0
fog_MC,nic,ARIMA,7,1008833.7619102737,28.060284440384496
fog_MC,nic,ARIMA,8,2059295.0,200.0
fog_MC,nic,ARIMA,9,5596790.051342681,65.04830593819578
fog_MC,nic,ARIMA,11,120548.01315617654,26.22227884851776
fog_MC,nic,ARIMA,13,1861983.0,1.787142554248634
fog_MC,nic,ARIMA,14,18370.965223443578,1.9754586696454874
fog_MC,nic,ARIMA,15,546597.6089776745,20.134524328493754
fog_MC,nic,ARIMA,16,532961.6515965769,8.510370893192828
fog_MC,nic,ARIMA,17,76676.54756261315,2.2394968157372785
fog_MC,nic,ARIMA,18,2846842.71317211,44.055906119517836
fog_MC,nic,ARIMA,19,49176.0,6.781699231032315
fog_MC,nic,ARIMA,21,99671.75095826201,0.8446228966149053
fog_MC,nic,ARIMA,22,332480.0,6.096873316955444
fog_MC,nic,ARIMA,26,29712.628605068312,3.6242103264531136
fog_MC,nic,ARIMA,27,16501734.383569423,65.3267403366219
fog_MC,nic,ARIMA,28,848781.0054094605,2.640177800049275
fog_MC,nic,ARIMA,29,707264.0168024525,1.34174738828233
fog_MC,nic,ARIMA,30,3532527.792652609,42.059119107969885
fog_MC,nic,ARIMA,32,62111235.06235368,200.0
fog_MC,nic,ARIMA,33,2127611.53762641,12.187703303150176
fog_MC,nic,ARIMA,36,45603.31132169487,1.3272805559981877
fog_MC,nic,ARIMA,37,303374.8563384749,2.875877124200274
fog_MC,nic,ARIMA,39,193629335.92199647,149.2258720309945
fog_MC,nic,ARIMA,40,1907083.4092956297,8.090808697604968
fog_MC,nic,ARIMA,41,673831.061451314,5.3887587749291725
fog_MC,nic,ARIMA,43,1349948.064413391,4.754244234437232
fog_MC,nic,ARIMA,45,21309168.012367845,2.0488233506956064
fog_MC,nic,ARIMA,46,417856.2871223977,6.559357033194843
fog_MC,nic,ARIMA,47,13830.869478486478,0.7550794719611562
fog_MC,nic,ARIMA,49,133420.22258270066,2.29093966199027
fog_MC,nic,ARIMA,50,2287269.9950084668,21.466107491985866
fog_MC,nic,ARIMA,53,564439.7480488094,8.63091090795971
fog_MC,nic,ARIMA,55,7094587.801306851,25.761051927218855
fog_MC,nic,ARIMA,56,3577345.6618818687,42.16718623747931
fog_MC,nic,ARIMA,57,1020812.405948095,16.172029111406577
fog_MC,nic,ARIMA,65,749336.3621330073,33.83138510463442
fog_MC,nic,ARIMA,67,16786.019898030616,3.301345153911671
fog_MC,nic,ARIMA,69,39163.0,5.000098947391268
fog_MC,nic,ARIMA,70,531459.0,6.904670327225422
fog_MC,nic,ARIMA,71,313872.0,14.889803725487033
fog_MC,nic,ARIMA,72,333452.50460708095,9.114698147344438
fog_MC,nic,ARIMA,74,170004.894965203,12.231592686832295
fog_MC,nic,ARIMA,75,19980.994921736376,15.248768089496236
fog_MC,nic,ARIMA,76,443615.35684252915,58.075987144451105
fog_MC,nic,ARIMA,78,1674519.4053404257,21.400776013075014
fog_MC,nic,ARIMA,79,329525.0,8.559825720104024
fog_MC,nic,ARIMA,80,109473.09399847867,22.510855587386622
fog_MC,nic,ARIMA,81,11989.08771125169,1.5502444867908554
fog_MC,nic,ARIMA,82,19007.071057511377,2.1465600669099616
fog_MC,nic,ARIMA,83,91971.51240557712,16.16158710311924
fog_MC,nic,ARIMA,84,26554.616856562207,7.8726460486730945
fog_MC,nic,ARIMA,85,2.4403445528587326,0.02258695689227663
fog_MC,nic,ARIMA,86,42029.17252457887,0.15062298378412214
fog_MC,nic,ARIMA,87,326553.006817352,17.207182603590006
fog_MC,nic,ARIMA,88,192512.16163271246,9.30710462464035
fog_MC,nic,ARIMA,89,22488.307609141804,8.358997570027789
fog_MC,nic,ARIMA,90,490100.46195357107,47.52600998497141
fog_MC,nic,ARIMA,92,85320.81793839531,2.4752622125372996
fog_MC,nic,ARIMA,93,143426.2678208449,9.631967370305306
fog_MC,nic,ARIMA,95,217767.00077631138,7.607922338060619
fog_MC,nic,ARIMA,96,543260.0,16.12206784824732
fog_MC,nic,ARIMA,97,968710.7206858527,6.754852377232498
fog_MC,nic,ARIMA,99,1387411.5403765105,15.509048650857338
fog_MC,nic,ARIMA,101,7086.419574428175,2.876329723690457
fog_MC,nic,ARIMA,103,317582.22591417306,24.396764509344706
fog_MC,nic,ARIMA,104,332645.4937894242,14.647316194409948
fog_MC,nic,ARIMA,105,52037.052615021355,1.227737948464613
fog_MC,nic,ARIMA,107,11565.648880706227,22.2742623552164
fog_MC,nic,ARIMA,108,3366193.5193965267,27.018185615029655
fog_MC,nic,ARIMA,110,1320764.583613921,6.2316070675230195
fog_MC,nic,ARIMA,111,36968.44991260371,2.8057717844880075
fog_MC,nic,ARIMA,113,8815772.449913964,9.474336133970167
fog_MC,nic,ARIMA,115,5970479.856349848,11.241177511295373
fog_MC,nic,ARIMA,116,11280642.997492597,9.571604370130677
fog_MC,nic,ARIMA,117,9394599.493335053,15.901004659764492
fog_MC,nic,ARIMA,118,65793.54017478973,0.7561792913116266
fog_MC,nic,ARIMA,119,1851434.2585702538,1.8924627733513266
fog_MC,nic,ARIMA,120,4884033.5088098645,4.855145140542383
fog_MC,nic,ARIMA,121,32113.61533078947,5.858579286006274
fog_MC,nic,ARIMA,123,86628.97872493463,3.2002341516077983
fog_MC,nic,ARIMA,124,288931.9263094901,136.80875209615644
fog_MC,nic,ARIMA,128,667140.7629935346,22.00938737939492
fog_MC,nic,ARIMA,129,136634.71150944568,8.580866446438968
fog_MC,nic,ARIMA,130,3322717.7172640786,5.00621220839843
fog_MC,nic,ARIMA,131,72470.1411468332,15.004047944882954
fog_MC,nic,ARIMA,132,3196130.0,18.230572453196793
fog_MC,nic,ARIMA,134,512224.9694650434,5.812556115781479
fog_MC,nic,ARIMA,137,633506.6146982089,1.6157619480438585
fog_MC,nic,ARIMA,139,37417.0,13.63486461519961
fog_MC,nic,ARIMA,140,215243.5432697963,3.280426094184727
fog_MC,nic,ARIMA,141,6283.044836743487,15.731003142446198
fog_MC,nic,ARIMA,142,1493004.9734378604,179.52139605324763
fog_MC,nic,ARIMA,144,87391.64867606899,2.7015788104999006
fog_MC,nic,ARIMA,145,191601.84475481743,20.805683568217418
fog_MC,nic,ARIMA,146,1002292.513712965,5.940778115899748
fog_MC,nic,ARIMA,147,330193.86557505163,49.692673126140264
fog_MC,nic,ARIMA,148,153056.1574691196,75.60235762799671
fog_MC,nic,ARIMA,149,148.0,0.013556018414202313
fog_MC,nic,ARIMA,150,41470.0,7.854761724373059
fog_MC,nic,ARIMA,151,571796.396975839,32.97030765084913
fog_MC,nic,ARIMA,152,813266.7076161513,11.450426646946156
fog_MC,nic,ARIMA,153,52203.07597094716,7.174097432227292
fog_MC,nic,ARIMA,154,8416.870941925503,3.7402735718739546
fog_MC,nic,ARIMA,155,273814.7163015427,6.091440054559329
fog_MC,nic,ARIMA,156,56676.22065610532,1.7355200489621965
fog_MC,nic,ARIMA,157,329044.9983010703,37.224495570705415
fog_MC,nic,ARIMA,160,1404934.1883209422,2.4382715538364774
fog_MC,nic,ARIMA,162,3952455.9753686143,41.64081680165106
fog_MC,nic,ARIMA,163,3249368.8448497616,23.18740562890557
fog_MC,nic,ARIMA,166,36642.015986848186,32.3964576254471
fog_MC,nic,ARIMA,168,43894.0,9.800064747318011
fog_MC,nic,ARIMA,169,156215.0,5.059187948759428
fog_MC,nic,ARIMA,170,310773.94978213636,31.950638686397987
fog_MC,nic,ARIMA,171,90301.34254750703,3.1559355835980343
fog_MC,nic,ARIMA,172,2797247.1395999957,24.290220720987833
fog_MC,nic,ARIMA,173,41647.03843531129,4.917142256044974
fog_MC,nic,ARIMA,174,946618.599312325,38.420172111538555
fog_MC,nic,ARIMA,175,1765626.9392988402,12.791917099675699
fog_MC,nic,ARIMA,176,30793.908355559455,3.5737927321560248
fog_MC,nic,ARIMA,177,31539.0,11.400345925078485
fog_MC,nic,ARIMA,178,1766990.348573558,4.1728795305925
fog_MC,nic,ARIMA,180,16179374.292990614,200.0
fog_MC,nic,ARIMA,181,47963.896911663935,1.1601483280968468
fog_MC,nic,ARIMA,182,2905656.7692445815,3.117089691970598
fog_MC,nic,ARIMA,186,4639322.0,159.96266532609397
fog_MC,nic,ARIMA,187,84936.0,5.464508296548782
fog_MC,nic,ARIMA,188,300857.1148823546,5.353126139376259
fog_MC,nic,ARIMA,189,2696021.0288947504,23.236870180487866
fog_MC,nic,ARIMA,190,559128.0052368473,11.353350825936092
fog_MC,nic,ARIMA,192,2855039.484849453,15.614421995338942
fog_MC,nic,ARIMA,193,749690.3428979814,4.197058550721386
fog_MC,nic,ARIMA,196,2268528.438730441,12.868484979171704
fog_MC,nic,ARIMA,198,68982.94747532462,17.462113131684358
fog_MC,nic,ARIMA,199,81150.04719563574,0.2830694803922924
fog_MC,nic,ARIMA,200,0.0,0.0
fog_MC,nic,ARIMA,202,403970.5413840385,4.986498501807083
fog_MC,nic,ARIMA,204,1882612.4170646786,63.1806209626542
fog_MC,nic,ARIMA,206,523345.92921625264,16.53716137385245
fog_MC,nic,ARIMA,207,74307.15780695505,6.1426277549954165
fog_MC,nic,ARIMA,209,1076932.786733142,18.24213546386536
fog_MC,nic,ARIMA,212,1645150.5999824777,19.958056009798064
fog_MC,nic,ARIMA,213,6181.971220553969,0.7608795216437527
fog_MC,nic,ARIMA,214,14363.0,2.1299802543430437
fog_MC,nic,ARIMA,216,26699.41434126289,3.2154437381750682
fog_MC,nic,ARIMA,217,345275.28478644195,73.4954526505874
fog_MC,nic,ARIMA,218,172444.9023943739,4.126216038212674
fog_MC,nic,ARIMA,221,94544.44607411834,36.660085631631176
fog_MC,nic,ARIMA,223,9455240.543094829,34.815771620508315
fog_MC,nic,ARIMA,226,3367679.660976408,24.863034459033827
fog_MC,nic,ARIMA,228,562689.8020817661,24.87730352291504
fog_MC,nic,ARIMA,229,8604390.941903591,2.803318610629954
fog_MC,nic,ARIMA,230,36934.0,0.7395551896113861
fog_MC,nic,ARIMA,231,113865.42488042568,5.933441259492852
fog_MC,nic,ARIMA,234,231695.0,34.92419988770354
fog_MC,nic,ARIMA,235,10617424.553962931,16.721248222172907
fog_MC,nic,ARIMA,236,15207011.186533496,20.679900093929845
fog_MC,nic,ARIMA,237,26918.0,0.659193133694643
fog_MC,nic,ARIMA,239,1129805.2733275145,1.428007990381486
fog_MC,nic,ARIMA,241,1969149.0926447753,200.0
fog_MC,nic,ARIMA,242,133565.93346678466,0.37204656545482695
fog_MC,nic,ARIMA,244,5627767.453809172,9.42616159391047
fog_MC,nic,ARIMA,245,41323.919249212835,2.995038250407779
fog_MC,nic,ARIMA,246,795684.2466318775,16.45464155227752
fog_MC,nic,ARIMA,247,1853166.9119909303,26.89363986646267
fog_MC,nic,ARIMA,248,406980.33391800197,17.69722985702036
fog_MC,nic,ARIMA,249,116311.29764812067,19.701579270606242
fog_MC,nic,ARIMA,250,31537.816425342113,0.5007359290164808
fog_MC,nic,ARIMA,251,50761.65326335188,0.7889831307576534
fog_MC,nic,ARIMA,253,0.0,0.0
fog_MC,nic,ARIMA,254,217510.0304047917,7.041985435392883
fog_MC,nic,ARIMA,255,1289559.0524306684,31.568048935611547
fog_MC,nic,ARIMA,256,525368.3701552367,6.636375265492232
fog_MC,nic,ARIMA,257,492101.0366307348,1.5429257900296487
fog_MC,nic,ARIMA,259,11667641.909133464,35.249057865752874
fog_MC,nic,ARIMA,261,5142421.04034175,3.847781291370531
fog_MC,nic,ARIMA,262,399441.21140451357,1.9943574558690094
fog_MC,nic,ARIMA,263,74574.96685755718,2.2781621670345857
fog_MC,nic,ARIMA,264,486271.0,118.25153355584332
fog_MC,nic,ARIMA,265,4991266.317468696,200.0
fog_MC,nic,ARIMA,266,30898.81683515734,4.241327483670184
fog_MC,nic,ARIMA,267,225731.2699293266,5.756773126682748
fog_MC,nic,ARIMA,269,3511402.4994412735,5.845775250961413
fog_MC,nic,ARIMA,270,15241832.016697586,5.7467325437455115
fog_MC,nic,ARIMA,272,532561.8414109331,6.022196841746112
fog_MC,nic,ARIMA,273,47195.59058464877,0.7291610724689639
fog_MC,nic,ARIMA,274,153472.38196529914,2.9732880494116367
fog_MC,nic,STL-LSTM (full),1,5295862.747558594,9.71389843934389
fog_MC,nic,STL-LSTM (full),4,1224477.5604858398,6.188836479384915
fog_MC,nic,STL-LSTM (full),5,60.712806701660156,200.0
fog_MC,nic,STL-LSTM (full),7,804283.5053710938,21.752017345047452
fog_MC,nic,STL-LSTM (full),8,188060.05029296875,9.569195640246228
fog_MC,nic,STL-LSTM (full),9,5592414.529296875,64.98092896860751
fog_MC,nic,STL-LSTM (full),11,30067.918701171875,7.254442151067879
fog_MC,nic,STL-LSTM (full),13,1858229.66015625,1.7835079507036364
fog_MC,nic,STL-LSTM (full),14,20775.708984375,2.23115980150466
fog_MC,nic,STL-LSTM (full),15,218055.99667358398,7.574021267378428
fog_MC,nic,STL-LSTM (full),16,528859.0087890625,8.442094327803453
fog_MC,nic,STL-LSTM (full),17,443330.98193359375,14.012497865884713
fog_MC,nic,STL-LSTM (full),18,160118.623046875,2.051422439406311
fog_MC,nic,STL-LSTM (full),19,49484.991638183594,6.822857565630083
fog_MC,nic,STL-LSTM (full),21,162783.80517578125,1.3949495387376223
fog_MC,nic,STL-LSTM (full),22,332309.94747924805,6.093659957161001
fog_MC,nic,STL-LSTM (full),26,15890.303985595703,1.9936749426422433
fog_MC,nic,STL-LSTM (full),27,16498499.01196289,65.30974973409826
fog_MC,nic,STL-LSTM (full),28,220308.41830444336,0.6786474519451704
fog_MC,nic,STL-LSTM (full),29,2417750.0493164062,4.7268162263976965
fog_MC,nic,STL-LSTM (full),30,6876737.882324219,102.2281566458391
fog_MC,nic,STL-LSTM (full),32,2080810.5671386719,9.617736387286833
fog_MC,nic,STL-LSTM (full),33,847509.4719238281,4.68312692104054
fog_MC,nic,STL-LSTM (full),36,47731.057861328125,1.388778420250673
fog_MC,nic,STL-LSTM (full),37,299792.67333984375,2.8414369615531054
fog_MC,nic,STL-LSTM (full),39,1567646.7998046875,4.874920233871038
fog_MC,nic,STL-LSTM (full),40,1907402.0860290527,8.092215387732814
fog_MC,nic,STL-LSTM (full),41,671410.720703125,5.368883237773269
fog_MC,nic,STL-LSTM (full),43,1485933.6616210938,5.5082221756534935
fog_MC,nic,STL-LSTM (full),45,21309493.63873291,2.048854338129038
fog_MC,nic,STL-LSTM (full),46,417306.67346191406,6.55044682213925
fog_MC,nic,STL-LSTM (full),47,15095.6826171875,0.8238459679525205
fog_MC,nic,STL-LSTM (full),49,105816.99992370605,1.7804000515927725
fog_MC,nic,STL-LSTM (full),50,1060833.6213378906,9.414167691773404
fog_MC,nic,STL-LSTM (full),53,560456.1887207031,8.567388530861917
fog_MC,nic,STL-LSTM (full),55,4169283.9130859375,14.37553784120314
fog_MC,nic,STL-LSTM (full),56,3574328.3107910156,42.1241288536975
fog_MC,nic,STL-LSTM (full),57,1286436.7704467773,20.818158186981837
fog_MC,nic,STL-LSTM (full),65,778497.9474182129,35.38089845070151
fog_MC,nic,STL-LSTM (full),67,19230.91845703125,3.773117577195076
fog_MC,nic,STL-LSTM (full),69,39547.49383544922,5.050428458609384
fog_MC,nic,STL-LSTM (full),70,531912.9495239258,6.910771788390312
fog_MC,nic,STL-LSTM (full),71,314004.20541381836,14.895608326391605
fog_MC,nic,STL-LSTM (full),72,337537.55078125,9.221211821751723
fog_MC,nic,STL-LSTM (full),74,170357.2939453125,12.258501300594368
fog_MC,nic,STL-LSTM (full),75,19533.138610839844,14.881548806399433
fog_MC,nic,STL-LSTM (full),76,441608.4326171875,57.73740156763276
fog_MC,nic,STL-LSTM (full),78,2135436.2114257812,28.119619483663914
fog_MC,nic,STL-LSTM (full),79,325319.50634765625,8.44596942655986
fog_MC,nic,STL-LSTM (full),80,109974.57266235352,22.625639825086978
fog_MC,nic,STL-LSTM (full),81,15696.31640625,2.02475335459526
fog_MC,nic,STL-LSTM (full),82,23201.2939453125,2.6140428378796905
fog_MC,nic,STL-LSTM (full),83,48550.910888671875,8.869942212316204
fog_MC,nic,STL-LSTM (full),84,62724.259033203125,21.432257166616296
fog_MC,nic,STL-LSTM (full),85,1195.7966918945312,10.488618138759277
fog_MC,nic,STL-LSTM (full),86,614189.2880249023,2.227304730726143
fog_MC,nic,STL-LSTM (full),87,323618.84765625,17.039399458099652
fog_MC,nic,STL-LSTM (full),88,195451.09130859375,9.442480636147451
fog_MC,nic,STL-LSTM (full),89,11327.922241210938,4.299821945240548
fog_MC,nic,STL-LSTM (full),90,478776.474609375,46.174377963997884
fog_MC,nic,STL-LSTM (full),92,369343.951751709,11.175548674591901
fog_MC,nic,STL-LSTM (full),93,192449.1967163086,14.567043002600673
fog_MC,nic,STL-LSTM (full),95,217342.58242797852,7.59365780566994
fog_MC,nic,STL-LSTM (full),96,539333.3000488281,15.996216787309839
fog_MC,nic,STL-LSTM (full),97,966470.8891601562,6.7387077169561955
fog_MC,nic,STL-LSTM (full),99,761428.6318359375,9.673357501788907
fog_MC,nic,STL-LSTM (full),101,7535.04296875,3.0556408647657016
fog_MC,nic,STL-LSTM (full),103,33866.688720703125,2.9198407996966136
fog_MC,nic,STL-LSTM (full),104,337117.1650390625,14.829616673330301
fog_MC,nic,STL-LSTM (full),105,51493.6025390625,1.2148381581332892
fog_MC,nic,STL-LSTM (full),107,3503.635498046875,7.31557603565373
fog_MC,nic,STL-LSTM (full),108,101865.68823242188,0.9497999783294121
fog_MC,nic,STL-LSTM (full),110,1124983.9958496094,5.632881493366304
fog_MC,nic,STL-LSTM (full),111,41703.12548828125,3.1708136311784707
fog_MC,nic,STL-LSTM (full),113,10540476.869140625,11.433846695420941
fog_MC,nic,STL-LSTM (full),115,3820956.953125,7.0513824145018
fog_MC,nic,STL-LSTM (full),116,10355793.750732422,8.752529536338793
fog_MC,nic,STL-LSTM (full),117,2722108.0036621094,4.361091487810741
fog_MC,nic,STL-LSTM (full),118,31156.049255371094,0.3600893373348781
fog_MC,nic,STL-LSTM (full),119,941026.8831176758,0.9663768770903883
fog_MC,nic,STL-LSTM (full),120,4763487.387207031,4.73247649537751
fog_MC,nic,STL-LSTM (full),121,53035.550048828125,9.49423771384317
fog_MC,nic,STL-LSTM (full),123,84124.4033203125,3.1062735011106413
fog_MC,nic,STL-LSTM (full),124,289642.35162353516,137.37619375307682
fog_MC,nic,STL-LSTM (full),128,667470.728515625,22.021471749605947
fog_MC,nic,STL-LSTM (full),129,83514.77069091797,5.634348488010342
fog_MC,nic,STL-LSTM (full),130,3115718.5869140625,4.687025610226901
fog_MC,nic,STL-LSTM (full),131,5424.8719482421875,1.039344194564331
fog_MC,nic,STL-LSTM (full),132,3191443.7075195312,18.201409411653497
fog_MC,nic,STL-LSTM (full),134,65208.84875488281,0.7216644792886512
fog_MC,nic,STL-LSTM (full),137,3918398.8227539062,10.430852208283255
fog_MC,nic,STL-LSTM (full),139,38737.584228515625,14.082205852587148
fog_MC,nic,STL-LSTM (full),140,3848.638916015625,0.059615643993329304
fog_MC,nic,STL-LSTM (full),141,3993.5328369140625,10.293733583812239
fog_MC,nic,STL-LSTM (full),142,1266616.8530273438,134.0544428379727
fog_MC,nic,STL-LSTM (full),144,205716.77487182617,6.477894140567152
fog_MC,nic,STL-LSTM (full),145,189335.60424804688,20.534330641004072
fog_MC,nic,STL-LSTM (full),146,249224.34408569336,1.534099615047567
fog_MC,nic,STL-LSTM (full),147,10705.718017578125,2.121087201051785
fog_MC,nic,STL-LSTM (full),148,149117.28582763672,72.94711099002214
fog_MC,nic,STL-LSTM (full),149,4298.18603515625,0.3929442825464574
fog_MC,nic,STL-LSTM (full),150,38267.83984375,7.226331632623838
fog_MC,nic,STL-LSTM (full),151,39558.705169677734,1.9775440533873416
fog_MC,nic,STL-LSTM (full),152,375687.45892333984,5.457629164153274
fog_MC,nic,STL-LSTM (full),153,52899.76788330078,7.266362959320792
fog_MC,nic,STL-LSTM (full),154,13571.427001953125,6.1007163319759465
fog_MC,nic,STL-LSTM (full),155,202308.27606201172,4.465151333858146
fog_MC,nic,STL-LSTM (full),156,385.05694580078125,0.011893590114964084
fog_MC,nic,STL-LSTM (full),157,329430.18130493164,37.276192507733406
fog_MC,nic,STL-LSTM (full),160,1879039.2607421875,3.274555417614349
fog_MC,nic,STL-LSTM (full),162,2637195.3884277344,25.983722496789856
fog_MC,nic,STL-LSTM (full),163,3394985.2836914062,24.35304855567082
fog_MC,nic,STL-LSTM (full),166,16861.306701660156,16.336155918043932
fog_MC,nic,STL-LSTM (full),168,43512.31524658203,9.718988422527525
fog_MC,nic,STL-LSTM (full),169,154718.82385253906,5.009519014849743
fog_MC,nic,STL-LSTM (full),170,36380.73406982422,4.354510754070693
fog_MC,nic,STL-LSTM (full),171,120626.33471679688,4.193539593480788
fog_MC,nic,STL-LSTM (full),172,330587.70654296875,3.215017502952229
fog_MC,nic,STL-LSTM (full),173,159733.36015319824,20.272446425888774
fog_MC,nic,STL-LSTM (full),174,174215.67443847656,8.385199678674992
fog_MC,nic,STL-LSTM (full),175,1760974.2836914062,12.756058812774814
fog_MC,nic,STL-LSTM (full),176,27976.331298828125,3.2414985456941365
fog_MC,nic,STL-LSTM (full),177,31816.221435546875,11.50631771433529
fog_MC,nic,STL-LSTM (full),178,1094492.3677368164,2.564362364925737
fog_MC,nic,STL-LSTM (full),180,1778130.2976074219,11.966751796761518
fog_MC,nic,STL-LSTM (full),181,364249.7453613281,9.160871911872645
fog_MC,nic,STL-LSTM (full),182,2901184.9716796875,3.1122178501979865
fog_MC,nic,STL-LSTM (full),186,4638910.9269104,159.93715712400942
fog_MC,nic,STL-LSTM (full),187,84838.31386566162,5.458395010631847
fog_MC,nic,STL-LSTM (full),188,184904.35807800293,3.2563962091480243
fog_MC,nic,STL-LSTM (full),189,3408523.302734375,30.308517867711682
fog_MC,nic,STL-LSTM (full),190,130469.10986328125,2.7697774883887964
fog_MC,nic,STL-LSTM (full),192,2851282.6333007812,15.592273663338585
fog_MC,nic,STL-LSTM (full),193,232682.55474853516,1.2840645212160784
fog_MC,nic,STL-LSTM (full),196,2264567.62109375,12.844573820229224
fog_MC,nic,STL-LSTM (full),198,77549.45349121094,16.559436856056855
fog_MC,nic,STL-LSTM (full),199,2057382.2055664062,7.432799896437291
fog_MC,nic,STL-LSTM (full),200,61.6605339050293,200.0
fog_MC,nic,STL-LSTM (full),202,399458.50244140625,4.929430433393838
fog_MC,nic,STL-LSTM (full),204,1878911.3508300781,63.017276615509545
fog_MC,nic,STL-LSTM (full),206,523760.76083374023,16.55135439573983
fog_MC,nic,STL-LSTM (full),207,12268.611572265625,1.0408795954617052
fog_MC,nic,STL-LSTM (full),209,776166.2365722656,12.820868096364768
fog_MC,nic,STL-LSTM (full),212,1649472.603515625,20.005243573179595
fog_MC,nic,STL-LSTM (full),213,3367.58056640625,0.41376654396305956
fog_MC,nic,STL-LSTM (full),214,11596.5244140625,1.7162016362167531
fog_MC,nic,STL-LSTM (full),216,6616.959411621094,0.7873672122461284
fog_MC,nic,STL-LSTM (full),217,1535.69921875,0.23933180586281563
fog_MC,nic,STL-LSTM (full),218,176393.51098632812,4.218704358204801
fog_MC,nic,STL-LSTM (full),221,149421.03456115723,64.83698475216076
fog_MC,nic,STL-LSTM (full),223,6975586.65625,26.9139622290872
fog_MC,nic,STL-LSTM (full),226,1322422.3682861328,9.077860938245191
fog_MC,nic,STL-LSTM (full),228,376232.8405151367,15.975315907492707
fog_MC,nic,STL-LSTM (full),229,43120214.52246094,14.885568696040433
fog_MC,nic,STL-LSTM (full),230,38927.661376953125,0.7793201049118706
fog_MC,nic,STL-LSTM (full),231,109663.84130859375,5.708251053243315
fog_MC,nic,STL-LSTM (full),234,231836.04496765137,34.94917522304342
fog_MC,nic,STL-LSTM (full),235,13454106.26953125,21.67281406611988
fog_MC,nic,STL-LSTM (full),236,1739187.1713867188,2.6731176296203643
fog_MC,nic,STL-LSTM (full),237,27467.302368164062,0.6726902078739563
fog_MC,nic,STL-LSTM (full),239,5268374.913528442,6.939515474552503
fog_MC,nic,STL-LSTM (full),241,97020.60864257812,6.0249485694949545
fog_MC,nic,STL-LSTM (full),242,1479313.8852539062,4.215303602121526
fog_MC,nic,STL-LSTM (full),244,7409784.070556641,12.598953679968036
fog_MC,nic,STL-LSTM (full),245,6571.452392578125,0.48469248851761876
fog_MC,nic,STL-LSTM (full),246,21577.63720703125,0.4114530316022622
fog_MC,nic,STL-LSTM (full),247,1848822.4985351562,26.822137298332983
fog_MC,nic,STL-LSTM (full),248,198415.77508544922,8.253684361741417
fog_MC,nic,STL-LSTM (full),249,84984.04550170898,14.023099338824366
fog_MC,nic,STL-LSTM (full),250,32082.595275878906,0.5094075867970137
fog_MC,nic,STL-LSTM (full),251,46370.50390625,0.72048607997133
fog_MC,nic,STL-LSTM (full),253,326.29296875,200.0
fog_MC,nic,STL-LSTM (full),254,217910.0523071289,7.054479516152072
fog_MC,nic,STL-LSTM (full),255,1286949.490234375,31.494108142374294
fog_MC,nic,STL-LSTM (full),256,525538.8813171387,6.638600630648171
fog_MC,nic,STL-LSTM (full),257,5333212.924316406,18.09496565756041
fog_MC,nic,STL-LSTM (full),259,5516824.2890625,15.249962111893343
fog_MC,nic,STL-LSTM (full),261,6411129.307128906,4.819961556887343
fog_MC,nic,STL-LSTM (full),262,402663.46923828125,2.0102840552549774
fog_MC,nic,STL-LSTM (full),263,74922.56134033203,2.2889022219675663
fog_MC,nic,STL-LSTM (full),264,482640.1437988281,116.8527037343838
fog_MC,nic,STL-LSTM (full),265,4990936.4644470215,200.0
fog_MC,nic,STL-LSTM (full),266,33222.945068359375,4.368115357993696
fog_MC,nic,STL-LSTM (full),267,285774.07421875,7.34426086837596
fog_MC,nic,STL-LSTM (full),269,3507224.3696289062,5.838616449996904
fog_MC,nic,STL-LSTM (full),270,3407664.8803710938,1.2567771024821117
fog_MC,nic,STL-LSTM (full),272,532803.425994873,6.025010971182325
fog_MC,nic,STL-LSTM (full),273,315644.55322265625,5.017264951452249
fog_MC,nic,STL-LSTM (full),274,134585.54418945312,2.602623483831871
fog_MC,nic,MTL-LSTM (full),1,5298119.080634087,9.718238204736892
fog_MC,nic,MTL-LSTM (full),4,1224931.9494186454,6.191061990298985
fog_MC,nic,MTL-LSTM (full),5,0.09856206178665161,200.0
fog_MC,nic,MTL-LSTM (full),7,808691.9768637307,21.884291494298346
fog_MC,nic,MTL-LSTM (full),8,190761.94831056148,9.713355360783215
fog_MC,nic,MTL-LSTM (full),9,5596791.923821688,65.04833477910958
fog_MC,nic,MTL-LSTM (full),11,26695.939633704722,6.467196779405575
fog_MC,nic,MTL-LSTM (full),13,1861982.8742334694,1.7871424324585137
fog_MC,nic,MTL-LSTM (full),14,18370.96611726284,1.975458764809929
fog_MC,nic,MTL-LSTM (full),15,217703.00725685665,7.561296889724606
fog_MC,nic,MTL-LSTM (full),16,532963.0483293645,8.510394145367037
fog_MC,nic,MTL-LSTM (full),17,447953.0909933001,14.16894015319851
fog_MC,nic,MTL-LSTM (full),18,162298.07377237082,2.0796356729721817
fog_MC,nic,MTL-LSTM (full),19,49176.08050234616,6.7817099563978145
fog_MC,nic,MTL-LSTM (full),21,167395.10680506378,1.4347488198760858
fog_MC,nic,MTL-LSTM (full),22,332479.9396619983,6.096872176773988
fog_MC,nic,MTL-LSTM (full),26,15491.939292140305,1.9432085523465659
fog_MC,nic,MTL-LSTM (full),27,16501743.927233815,65.32679045853772
fog_MC,nic,MTL-LSTM (full),28,220100.19789490104,0.6780038665153864
fog_MC,nic,MTL-LSTM (full),29,2422487.7194767594,4.736297943399166
fog_MC,nic,MTL-LSTM (full),30,6877826.261308759,102.25260830131757
fog_MC,nic,MTL-LSTM (full),32,2084275.1097096354,9.632978597461598
fog_MC,nic,MTL-LSTM (full),33,851301.1554531753,4.704571671437198
fog_MC,nic,MTL-LSTM (full),36,45602.91799785197,1.3272691843113023
fog_MC,nic,MTL-LSTM (full),37,303375.1127781719,2.8758795901057086
fog_MC,nic,MTL-LSTM (full),39,1572242.794796273,4.88956183860712
fog_MC,nic,MTL-LSTM (full),40,1907082.9069525898,8.090806480197369
fog_MC,nic,MTL-LSTM (full),41,673830.0659542829,5.388750599240544
fog_MC,nic,MTL-LSTM (full),43,1490220.093603231,5.524550502166082
fog_MC,nic,MTL-LSTM (full),45,21309000.191101193,2.048807380393075
fog_MC,nic,MTL-LSTM (full),46,417855.9081035033,6.559350888362264
fog_MC,nic,MTL-LSTM (full),47,12070.939964454621,0.6593150028015319
fog_MC,nic,MTL-LSTM (full),49,106014.03606478497,1.7836856724587908
fog_MC,nic,MTL-LSTM (full),50,1062200.0543878078,9.426865401917878
fog_MC,nic,MTL-LSTM (full),53,564440.9497106373,8.630930075659927
fog_MC,nic,MTL-LSTM (full),55,4171804.1811651886,14.384852639871454
fog_MC,nic,MTL-LSTM (full),56,3577346.968583502,42.167204887335345
fog_MC,nic,MTL-LSTM (full),57,1286153.1591305286,20.813090938095296
fog_MC,nic,MTL-LSTM (full),65,778136.1705748886,35.36154948881741
fog_MC,nic,MTL-LSTM (full),67,16785.442115306854,3.3012333957134787
fog_MC,nic,MTL-LSTM (full),69,39162.93028396368,5.000089823935114
fog_MC,nic,MTL-LSTM (full),70,531458.8380448818,6.904668150477431
fog_MC,nic,MTL-LSTM (full),71,313871.7317674756,14.889791948120038
fog_MC,nic,MTL-LSTM (full),72,333451.7461461127,9.114678360156377
fog_MC,nic,MTL-LSTM (full),74,170004.88276045024,12.231591755015344
fog_MC,nic,MTL-LSTM (full),75,19981.184580773115,15.248923866083022
fog_MC,nic,MTL-LSTM (full),76,444405.80216255784,58.209586458243855
fog_MC,nic,MTL-LSTM (full),78,2139767.0266959965,28.184684717121574
fog_MC,nic,MTL-LSTM (full),79,329525.2916043401,8.559833619087645
fog_MC,nic,MTL-LSTM (full),80,109472.74684494734,22.510776167868134
fog_MC,nic,MTL-LSTM (full),81,11988.994484096766,1.5502325255265352
fog_MC,nic,MTL-LSTM (full),82,19007.07549546659,2.1465605627303384
fog_MC,nic,MTL-LSTM (full),83,47468.01056220569,8.680690114309295
fog_MC,nic,MTL-LSTM (full),84,66217.05841837078,22.76153640884245
fog_MC,nic,MTL-LSTM (full),85,1750.9786126371473,14.993194468138881
fog_MC,nic,MTL-LSTM (full),86,613621.8635587096,2.225224120209778
fog_MC,nic,MTL-LSTM (full),87,326552.9796305932,17.207181047775926
fog_MC,nic,MTL-LSTM (full),88,192511.89259352535,9.307092223074804
fog_MC,nic,MTL-LSTM (full),89,10590.223434999585,4.02544413448052
fog_MC,nic,MTL-LSTM (full),90,478359.9026802033,46.12493734773403
fog_MC,nic,MTL-LSTM (full),92,369718.83204226196,11.187526245157267
fog_MC,nic,MTL-LSTM (full),93,192024.01155328192,14.532520955452306
fog_MC,nic,MTL-LSTM (full),95,217766.92382320762,7.607919751889028
fog_MC,nic,MTL-LSTM (full),96,543260.018032711,16.122068426533957
fog_MC,nic,MTL-LSTM (full),97,968710.9843343552,6.754854277753987
fog_MC,nic,MTL-LSTM (full),99,765525.0750728399,9.727930932102307
fog_MC,nic,MTL-LSTM (full),101,7036.705019295216,2.8564391199625483
fog_MC,nic,MTL-LSTM (full),103,29964.09624708444,2.587729396576424
fog_MC,nic,MTL-LSTM (full),104,332645.00515375147,14.647296254163969
fog_MC,nic,MTL-LSTM (full),105,52036.69074213505,1.2277293581936095
fog_MC,nic,MTL-LSTM (full),107,1258.9220116958022,2.691703234523162
fog_MC,nic,MTL-LSTM (full),108,102940.93923797086,0.9598737810719025
fog_MC,nic,MTL-LSTM (full),110,1127834.2222800702,5.647555786482229
fog_MC,nic,MTL-LSTM (full),111,44383.009019506164,3.3780147229630657
fog_MC,nic,MTL-LSTM (full),113,10544577.807448,11.438549636273642
fog_MC,nic,MTL-LSTM (full),115,3825181.8637512475,7.059454480784531
fog_MC,nic,MTL-LSTM (full),116,10355448.0407646,8.752224562061398
fog_MC,nic,MTL-LSTM (full),117,2724479.220185846,4.3649733268638835
fog_MC,nic,MTL-LSTM (full),118,30743.12060086429,0.35530839221205607
fog_MC,nic,MTL-LSTM (full),119,941441.047511071,0.9668001425094136
fog_MC,nic,MTL-LSTM (full),120,4768088.299810082,4.737155722219483
fog_MC,nic,MTL-LSTM (full),121,53378.74757915735,9.552741221843732
fog_MC,nic,MTL-LSTM (full),123,86629.15295919776,3.200240691134937
fog_MC,nic,MTL-LSTM (full),124,289085.0257743709,136.93087660705856
fog_MC,nic,MTL-LSTM (full),128,667138.9911030373,22.009322490769858
fog_MC,nic,MTL-LSTM (full),129,83034.03283388168,5.601007076865295
fog_MC,nic,MTL-LSTM (full),130,3118990.903655134,4.692063694694502
fog_MC,nic,MTL-LSTM (full),131,3861.919087551534,0.7410095338058623
fog_MC,nic,MTL-LSTM (full),132,3196129.950897455,18.230572147588266
fog_MC,nic,MTL-LSTM (full),134,65852.00224752165,0.7288081781601446
fog_MC,nic,MTL-LSTM (full),137,3922887.8932092413,10.443426193476228
fog_MC,nic,MTL-LSTM (full),139,37417.02477553859,13.634873027981401
fog_MC,nic,MTL-LSTM (full),140,4242.968353442848,0.065721823050567
fog_MC,nic,MTL-LSTM (full),141,4549.038980629295,11.64225552232859
fog_MC,nic,MTL-LSTM (full),142,1267946.3209508657,134.2896262664559
fog_MC,nic,MTL-LSTM (full),144,205342.15960621834,6.4657163763168795
fog_MC,nic,MTL-LSTM (full),145,191602.26243305206,20.805733641319623
fog_MC,nic,MTL-LSTM (full),146,249569.7860404253,1.536242314915829
fog_MC,nic,MTL-LSTM (full),147,6749.958516638726,1.3426074182233851
fog_MC,nic,MTL-LSTM (full),148,148740.17869363725,72.69557915654133
fog_MC,nic,MTL-LSTM (full),149,148.04466509073973,0.013560109223260498
fog_MC,nic,MTL-LSTM (full),150,41470.22277677059,7.854805577337618
fog_MC,nic,MTL-LSTM (full),151,39166.22165481746,1.9577317026420566
fog_MC,nic,MTL-LSTM (full),152,376076.75617071986,5.4631300240797165
fog_MC,nic,MTL-LSTM (full),153,52203.00487108249,7.174088011697023
fog_MC,nic,MTL-LSTM (full),154,13027.857021644711,5.849220951153314
fog_MC,nic,MTL-LSTM (full),155,201746.792873621,4.452482936290689
fog_MC,nic,MTL-LSTM (full),156,892.9815062116832,0.02758013604614623
fog_MC,nic,MTL-LSTM (full),157,329045.1048261374,37.22450986474257
fog_MC,nic,MTL-LSTM (full),160,1883368.1421512067,3.2822230553215146
fog_MC,nic,MTL-LSTM (full),162,2639732.4026117325,26.011970216974177
fog_MC,nic,MTL-LSTM (full),163,3399088.887807034,24.386073857792187
fog_MC,nic,MTL-LSTM (full),166,17222.92645072192,16.657332839819862
fog_MC,nic,MTL-LSTM (full),168,43894.256443709135,9.80011919709185
fog_MC,nic,MTL-LSTM (full),169,156215.12063850462,5.059191954596412
fog_MC,nic,MTL-LSTM (full),170,36752.10052835941,4.3979831842391555
fog_MC,nic,MTL-LSTM (full),171,121058.79001143575,4.208257437997558
fog_MC,nic,MTL-LSTM (full),172,326432.8423553109,3.1752523019417453
fog_MC,nic,MTL-LSTM (full),173,159506.89501433074,20.240795992287662
fog_MC,nic,MTL-LSTM (full),174,174754.74333435297,8.410054644724612
fog_MC,nic,MTL-LSTM (full),175,1765627.88716276,12.79192440614945
fog_MC,nic,MTL-LSTM (full),176,30793.941674362868,3.57379666807206
fog_MC,nic,MTL-LSTM (full),177,31539.214617058635,11.400427924391758
fog_MC,nic,MTL-LSTM (full),178,1094152.094597295,2.563554896332025
fog_MC,nic,MTL-LSTM (full),180,1781838.2286747694,11.993202443358834
fog_MC,nic,MTL-LSTM (full),181,368337.0857453868,9.268432231798023
fog_MC,nic,MTL-LSTM (full),182,2905659.9110744447,3.117093114948751
fog_MC,nic,MTL-LSTM (full),186,4639322.144700199,159.96267430577106
fog_MC,nic,MTL-LSTM (full),187,84935.90530665964,5.464502370740636
fog_MC,nic,MTL-LSTM (full),188,184985.01036050357,3.2578397333368536
fog_MC,nic,MTL-LSTM (full),189,3412683.9402012452,30.351128566467363
fog_MC,nic,MTL-LSTM (full),190,127480.85284988582,2.707197370666155
fog_MC,nic,MTL-LSTM (full),192,2855041.268381864,15.614432511146543
fog_MC,nic,MTL-LSTM (full),193,232334.88249993324,1.2821335834305627
fog_MC,nic,MTL-LSTM (full),196,2268528.948158633,12.868488054897021
fog_MC,nic,MTL-LSTM (full),198,75760.92084909976,16.20847559904987
fog_MC,nic,MTL-LSTM (full),199,2061403.2456216514,7.447867869701392
fog_MC,nic,MTL-LSTM (full),200,0.16663751006126404,200.0
fog_MC,nic,MTL-LSTM (full),202,403977.04047330096,4.986580724923623
fog_MC,nic,MTL-LSTM (full),204,1882613.0179157667,63.18064749732956
fog_MC,nic,MTL-LSTM (full),206,523346.31611958146,16.5371746104709
fog_MC,nic,MTL-LSTM (full),207,9197.803294822574,0.78136741899598
fog_MC,nic,MTL-LSTM (full),209,779325.1781932563,12.87640757801084
fog_MC,nic,MTL-LSTM (full),212,1645149.9616302364,19.958049038451403
fog_MC,nic,MTL-LSTM (full),213,6182.15293264389,0.7609019719299921
fog_MC,nic,MTL-LSTM (full),214,14363.083937622607,2.1299928345517527
fog_MC,nic,MTL-LSTM (full),216,6302.9528539553285,0.7498627593550646
fog_MC,nic,MTL-LSTM (full),217,4911.080332800746,0.7673881248259393
fog_MC,nic,MTL-LSTM (full),218,172444.98671539407,4.126218014198239
fog_MC,nic,MTL-LSTM (full),221,149387.04852315784,64.8174580803852
fog_MC,nic,MTL-LSTM (full),223,6973257.215997189,26.906183654260495
fog_MC,nic,MTL-LSTM (full),226,1323610.0022142474,9.086383922596104
fog_MC,nic,MTL-LSTM (full),228,375896.9674431868,15.959916248831782
fog_MC,nic,MTL-LSTM (full),229,43124819.91338351,14.88727686854042
fog_MC,nic,MTL-LSTM (full),230,36934.08147776872,0.7395568150645779
fog_MC,nic,MTL-LSTM (full),231,113865.98795564473,5.933471471399604
fog_MC,nic,MTL-LSTM (full),234,231695.00667522242,34.92420106958333
fog_MC,nic,MTL-LSTM (full),235,13458713.237227827,21.681039790862926
fog_MC,nic,MTL-LSTM (full),236,1741287.0445319489,2.676388308957465
fog_MC,nic,MTL-LSTM (full),237,26917.975037986413,0.6591925203867329
fog_MC,nic,MTL-LSTM (full),239,5268615.008737415,6.939842702273998
fog_MC,nic,MTL-LSTM (full),241,93639.67327985168,5.821104421493909
fog_MC,nic,MTL-LSTM (full),242,1483383.1164405197,4.2271439471643
fog_MC,nic,MTL-LSTM (full),244,7411111.991585873,12.601353823453682
fog_MC,nic,MTL-LSTM (full),245,10116.985342659056,0.7471783424980414
fog_MC,nic,MTL-LSTM (full),246,19163.89816071093,0.3655107803141098
fog_MC,nic,MTL-LSTM (full),247,1853168.1085823625,26.893659566783583
fog_MC,nic,MTL-LSTM (full),248,198048.18298880756,8.237763472574512
fog_MC,nic,MTL-LSTM (full),249,84580.06396622956,13.95178874528788
fog_MC,nic,MTL-LSTM (full),250,31536.95195922628,0.5007221692503038
fog_MC,nic,MTL-LSTM (full),251,50761.90778615326,0.7889871023855016
fog_MC,nic,MTL-LSTM (full),253,0.08609537780284882,200.0
fog_MC,nic,MTL-LSTM (full),254,217509.8366126567,7.041979382195711
fog_MC,nic,MTL-LSTM (full),255,1289559.0180935413,31.56804796237345
fog_MC,nic,MTL-LSTM (full),256,525377.6873390377,6.636496864130462
fog_MC,nic,MTL-LSTM (full),257,5337876.164191738,18.11222032524345
fog_MC,nic,MTL-LSTM (full),259,5520559.926585481,15.261076354018622
fog_MC,nic,MTL-LSTM (full),261,6414769.024430156,4.822763923291129
fog_MC,nic,MTL-LSTM (full),262,399439.03214592487,1.994346683617328
fog_MC,nic,MTL-LSTM (full),263,74574.97722594067,2.2781624873822945
fog_MC,nic,MTL-LSTM (full),264,486270.7989345044,118.25145575104818
fog_MC,nic,MTL-LSTM (full),265,4991265.94270999,200.0
fog_MC,nic,MTL-LSTM (full),266,33593.96771997213,4.415819943200005
fog_MC,nic,MTL-LSTM (full),267,290439.993999687,7.468650740940771
fog_MC,nic,MTL-LSTM (full),269,3511404.979589343,5.845779500591044
fog_MC,nic,MTL-LSTM (full),270,3410122.991843939,1.257689376784687
fog_MC,nic,MTL-LSTM (full),272,532563.9720225278,6.022221660116276
fog_MC,nic,MTL-LSTM (full),273,317735.9285413623,5.051347600834295
fog_MC,nic,MTL-LSTM (full),274,136866.06345518678,2.647308047144868
fog_MC,total_assets_GA,ARIMA,1,15151903.013327569,9.64035737359926
fog_MC,total_assets_GA,ARIMA,4,6660595.106561109,11.094711045741802
fog_MC,total_assets_GA,ARIMA,5,934085.0843735258,36.08220429031785
fog_MC,total_assets_GA,ARIMA,7,1164789.5484516826,11.023595927471995
fog_MC,total_assets_GA,ARIMA,8,275819.7396387169,7.3969689081158725
fog_MC,total_assets_GA,ARIMA,9,1714019.674475763,10.597097490345705
fog_MC,total_assets_GA,ARIMA,11,301618.0,8.138651023544284
fog_MC,total_assets_GA,ARIMA,13,21419907.45494932,11.144507248517547
fog_MC,total_assets_GA,ARIMA,14,420662.99659642996,12.79419220862482
fog_MC,total_assets_GA,ARIMA,15,286209.0,3.4768112666522875
fog_MC,total_assets_GA,ARIMA,16,129960.26692078635,0.5289573916040996
fog_MC,total_assets_GA,ARIMA,17,16046.0,0.2043701277255984
fog_MC,total_assets_GA,ARIMA,18,1204004.0561945941,10.488885470308954
fog_MC,total_assets_GA,ARIMA,19,517572.4174258332,35.042918649281646
fog_MC,total_assets_GA,ARIMA,21,2908315.0532936435,18.893935514202727
fog_MC,total_assets_GA,ARIMA,22,1512101.0,10.343377539084257
fog_MC,total_assets_GA,ARIMA,26,906744.6974346833,42.70509866925066
fog_MC,total_assets_GA,ARIMA,27,11356203.155453712,5.3517279327714276
fog_MC,total_assets_GA,ARIMA,28,6450524.558498107,10.341830184216697
fog_MC,total_assets_GA,ARIMA,29,11784429.0,10.093952181256935
fog_MC,total_assets_GA,ARIMA,30,2418679.7251950204,1.9870548685394767
fog_MC,total_assets_GA,ARIMA,32,6247537.605283827,8.131197922032861
fog_MC,total_assets_GA,ARIMA,33,1691974.0127328932,2.28112933987393
fog_MC,total_assets_GA,ARIMA,36,272365.3283085581,3.8796867899272587
fog_MC,total_assets_GA,ARIMA,37,26793516.29218979,39.67235784441841
fog_MC,total_assets_GA,ARIMA,39,2678609.747721806,3.9195930913181924
fog_MC,total_assets_GA,ARIMA,40,5206873.0,8.920862116215284
fog_MC,total_assets_GA,ARIMA,41,4304534.524448063,15.960656255612054
fog_MC,total_assets_GA,ARIMA,43,2448074.171202913,2.1374841526309796
fog_MC,total_assets_GA,ARIMA,45,1095155389.758213,4.926137338982642
fog_MC,total_assets_GA,ARIMA,46,2836508.6117638387,17.017288707501855
fog_MC,total_assets_GA,ARIMA,47,232654.1288263984,4.257722346229008
fog_MC,total_assets_GA,ARIMA,49,1000848.6478828602,7.265496568830036
fog_MC,total_assets_GA,ARIMA,50,392817.62205931544,1.9340061732038398
fog_MC,total_assets_GA,ARIMA,53,259114.78673388064,2.7068144877820473
fog_MC,total_assets_GA,ARIMA,55,793646.0568435192,2.025102767922348
fog_MC,total_assets_GA,ARIMA,56,1450827.4804320447,7.419292614204911
fog_MC,total_assets_GA,ARIMA,57,1904322.839453496,4.952564762766686
fog_MC,total_assets_GA,ARIMA,65,964124.6865737811,15.313188621319524
fog_MC,total_assets_GA,ARIMA,67,35184.01169983158,3.9121818068674687
fog_MC,total_assets_GA,ARIMA,69,45014.134042377584,1.9933413502381967
fog_MC,total_assets_GA,ARIMA,70,457773.09887293354,1.7495311798318944
fog_MC,total_assets_GA,ARIMA,71,282019.9689662,4.0009551724059165
fog_MC,total_assets_GA,ARIMA,72,2724275.6106268633,26.111414311060333
fog_MC,total_assets_GA,ARIMA,74,82359.5701412214,1.8041492145769764
fog_MC,total_assets_GA,ARIMA,75,48112.04236568074,15.098899458114953
fog_MC,total_assets_GA,ARIMA,76,320638.6016554511,7.668720215240923
fog_MC,total_assets_GA,ARIMA,78,2216084.645807095,8.056710208161652
fog_MC,total_assets_GA,ARIMA,79,1866259.972571224,21.596164352030495
fog_MC,total_assets_GA,ARIMA,80,78809.33850749815,2.3357332883090685
fog_MC,total_assets_GA,ARIMA,81,356768.2141677735,15.88579337986539
fog_MC,total_assets_GA,ARIMA,82,179153.34902437543,5.976124286825259
fog_MC,total_assets_GA,ARIMA,83,190503.29362778156,14.300850389186392
fog_MC,total_assets_GA,ARIMA,84,296846.2796634976,13.958089005893065
fog_MC,total_assets_GA,ARIMA,85,5890.204958808521,4.862990493337215
fog_MC,total_assets_GA,ARIMA,86,672894.948451139,1.1461167095979374
fog_MC,total_assets_GA,ARIMA,87,318545.44946640544,5.601650783757367
fog_MC,total_assets_GA,ARIMA,88,780381.9173213141,11.337846192744989
fog_MC,total_assets_GA,ARIMA,89,57929.0,5.118227982868262
fog_MC,total_assets_GA,ARIMA,90,516288.0272618765,12.534941174983306
fog_MC,total_assets_GA,ARIMA,92,1716177.69833324,24.238076516489716
fog_MC,total_assets_GA,ARIMA,93,16040.792140080594,0.5711354346088983
fog_MC,total_assets_GA,ARIMA,95,236629.41788890585,2.3554832858098247
fog_MC,total_assets_GA,ARIMA,96,1146986.6879468253,21.334688228761102
fog_MC,total_assets_GA,ARIMA,97,2831467.2448739223,8.563384149912551
fog_MC,total_assets_GA,ARIMA,99,708473.7474635597,6.0493272815491315
fog_MC,total_assets_GA,ARIMA,101,175053.85817158548,11.560699766770696
fog_MC,total_assets_GA,ARIMA,103,78767.3218816293,6.18431099961244
fog_MC,total_assets_GA,ARIMA,104,499339.55461174436,4.009921489031803
fog_MC,total_assets_GA,ARIMA,105,9408548.0,200.0
fog_MC,total_assets_GA,ARIMA,107,15219.932540510956,3.8809029722680686
fog_MC,total_assets_GA,ARIMA,108,1460245.368749626,11.570812169133545
fog_MC,total_assets_GA,ARIMA,110,3129185.251474008,10.842574481528535
fog_MC,total_assets_GA,ARIMA,111,536066.0,11.867885956573312
fog_MC,total_assets_GA,ARIMA,113,12730562.250739753,7.580278126069342
fog_MC,total_assets_GA,ARIMA,115,1898395.3512993604,1.7250718349099277
fog_MC,total_assets_GA,ARIMA,116,11238421.0,3.90962850619952
fog_MC,total_assets_GA,ARIMA,117,19764259.04945472,12.40167421184813
fog_MC,total_assets_GA,ARIMA,118,383728.07274646685,3.190470842351921
fog_MC,total_assets_GA,ARIMA,119,3039825.7490335107,2.7447390741905933
fog_MC,total_assets_GA,ARIMA,120,8713421.100103527,5.491928134949888
fog_MC,total_assets_GA,ARIMA,121,1807451.0838319412,58.02121621704269
fog_MC,total_assets_GA,ARIMA,123,707503.1121758148,8.80271810863644
fog_MC,total_assets_GA,ARIMA,124,171046.77538127964,13.489540004776323
fog_MC,total_assets_GA,ARIMA,128,4580418.66090589,7.211070942997785
fog_MC,total_assets_GA,ARIMA,129,1112867.7165010506,23.351992319150032
fog_MC,total_assets_GA,ARIMA,130,55534487.38525939,18.069072194901917
fog_MC,total_assets_GA,ARIMA,131,198437.1011627647,9.88160456244166
fog_MC,total_assets_GA,ARIMA,132,3081257.250560291,6.730115535971421
fog_MC,total_assets_GA,ARIMA,134,5204820.815916043,17.23704110914642
fog_MC,total_assets_GA,ARIMA,137,17966028.50136158,20.95578579841668
fog_MC,total_assets_GA,ARIMA,139,3718.9942673477344,0.21128062293530114
fog_MC,total_assets_GA,ARIMA,140,708139.1716628224,7.822315655964476
fog_MC,total_assets_GA,ARIMA,141,23733.034195136453,7.997909136967967
fog_MC,total_assets_GA,ARIMA,142,214719.0,8.020170044682253
fog_MC,total_assets_GA,ARIMA,144,817084.4553811923,8.287635763215988
fog_MC,total_assets_GA,ARIMA,145,211503.65865452355,8.103979150841782
fog_MC,total_assets_GA,ARIMA,146,749826.4260603562,2.1342610130128303
fog_MC,total_assets_GA,ARIMA,147,539419.1386463651,7.101113274255336
fog_MC,total_assets_GA,ARIMA,148,155645.60012592515,6.837339815318525
fog_MC,total_assets_GA,ARIMA,149,5332013.2721577175,105.33527439541619
fog_MC,total_assets_GA,ARIMA,150,401904.6038190711,18.2328643623007
fog_MC,total_assets_GA,ARIMA,151,662948.9576243423,12.324419594827498
fog_MC,total_assets_GA,ARIMA,152,2013303.7285994254,10.176997514716437
fog_MC,total_assets_GA,ARIMA,153,694403.0275040846,20.088875666962203
fog_MC,total_assets_GA,ARIMA,154,233649.9082234637,12.837427081438205
fog_MC,total_assets_GA,ARIMA,155,180243.01083835773,2.838283767610256
fog_MC,total_assets_GA,ARIMA,156,156744.6342528239,1.8467655034796107
fog_MC,total_assets_GA,ARIMA,157,1412813.6600806438,34.021214466156394
fog_MC,total_assets_GA,ARIMA,160,73494915.46851291,46.20968183056271
fog_MC,total_assets_GA,ARIMA,162,1992304.7506778426,6.126108903375365
fog_MC,total_assets_GA,ARIMA,163,4840710.275659271,18.145449903899745
fog_MC,total_assets_GA,ARIMA,166,69916.89579934266,9.723001822952943
fog_MC,total_assets_GA,ARIMA,168,1670856.4752523843,32.50864779063882
fog_MC,total_assets_GA,ARIMA,169,221792.38436606247,3.3631823351586556
fog_MC,total_assets_GA,ARIMA,170,2276965.0,200.0
fog_MC,total_assets_GA,ARIMA,171,41084.0,1.1137814321867219
fog_MC,total_assets_GA,ARIMA,172,330714.70555795357,1.9504192827943978
fog_MC,total_assets_GA,ARIMA,173,23596.288787127472,1.1414292332634401
fog_MC,total_assets_GA,ARIMA,174,214184.4496501824,7.878488542158986
fog_MC,total_assets_GA,ARIMA,175,6421117.648910701,26.325933368429567
fog_MC,total_assets_GA,ARIMA,176,3885431.0,200.0
fog_MC,total_assets_GA,ARIMA,177,23222.05024974537,1.316482293344464
fog_MC,total_assets_GA,ARIMA,178,571264.2557754219,0.8239605806925568
fog_MC,total_assets_GA,ARIMA,180,1618723.2396014556,3.8014813424079876
fog_MC,total_assets_GA,ARIMA,181,4298982.448879413,21.563117705837506
fog_MC,total_assets_GA,ARIMA,182,1773702.6511941701,1.346877274293499
fog_MC,total_assets_GA,ARIMA,186,1316601.7111042775,8.538433754187741
fog_MC,total_assets_GA,ARIMA,187,23305.36563664768,0.45315837407862514
fog_MC,total_assets_GA,ARIMA,188,10101191.0,200.0
fog_MC,total_assets_GA,ARIMA,189,3943336.782344617,20.77081567601884
fog_MC,total_assets_GA,ARIMA,190,159375.31516770367,3.2164013871250043
fog_MC,total_assets_GA,ARIMA,192,2804909.9122033715,6.8260111872957925
fog_MC,total_assets_GA,ARIMA,193,3691479.795738511,11.969540501087073
fog_MC,total_assets_GA,ARIMA,196,6543268.6040818915,12.626875673458423
fog_MC,total_assets_GA,ARIMA,198,31400.90810829727,3.8954957957921152
fog_MC,total_assets_GA,ARIMA,199,3585378.0,5.0397615647100835
fog_MC,total_assets_GA,ARIMA,200,59013.612806078396,7.722325814257679
fog_MC,total_assets_GA,ARIMA,202,539195.9725347292,3.7405136172042726
fog_MC,total_assets_GA,ARIMA,204,1217186.1861552307,17.244830809125073
fog_MC,total_assets_GA,ARIMA,206,996176.6953409817,7.0603606898660365
fog_MC,total_assets_GA,ARIMA,207,4097257.7582739606,196.23820686309392
fog_MC,total_assets_GA,ARIMA,209,988175.1441710182,5.6291808314062335
fog_MC,total_assets_GA,ARIMA,212,6047568.0329169445,18.86728737452837
fog_MC,total_assets_GA,ARIMA,213,244752.28056411352,7.632951523689909
fog_MC,total_assets_GA,ARIMA,214,386132.85564014944,23.661716996053332
fog_MC,total_assets_GA,ARIMA,216,103212.89978341991,5.837779051168847
fog_MC,total_assets_GA,ARIMA,217,105595.39273921028,3.352257361642174
fog_MC,total_assets_GA,ARIMA,218,447218.4783249572,3.043360553250373
fog_MC,total_assets_GA,ARIMA,221,72379.85555417056,8.639069169366092
fog_MC,total_assets_GA,ARIMA,223,737236.3263397962,1.0182857653058845
fog_MC,total_assets_GA,ARIMA,226,1712552.2813800834,5.837443130017396
fog_MC,total_assets_GA,ARIMA,228,1974279.8024671087,24.705555986022553
fog_MC,total_assets_GA,ARIMA,229,111539282.02903152,16.168049197183365
fog_MC,total_assets_GA,ARIMA,230,75522968.49942718,158.95056697473356
fog_MC,total_assets_GA,ARIMA,231,90173.24244007515,2.5399823111554407
fog_MC,total_assets_GA,ARIMA,234,96717.59998561209,3.8453149481476103
fog_MC,total_assets_GA,ARIMA,235,26020325.88306701,16.37510536212665
fog_MC,total_assets_GA,ARIMA,236,9555644.656727314,7.81627622745549
fog_MC,total_assets_GA,ARIMA,237,115393.70365693048,1.5051513273137427
fog_MC,total_assets_GA,ARIMA,239,28122591.663132787,13.722275008923837
fog_MC,total_assets_GA,ARIMA,241,424811.9102057265,20.162411032918286
fog_MC,total_assets_GA,ARIMA,242,14059044.032943383,17.913801838236605
fog_MC,total_assets_GA,ARIMA,244,21174128.32053393,14.633263196802151
fog_MC,total_assets_GA,ARIMA,245,112056.0,2.0327467859195965
fog_MC,total_assets_GA,ARIMA,246,364841.425947519,2.6626929680765743
fog_MC,total_assets_GA,ARIMA,247,632817.5259570256,1.708139886921374
fog_MC,total_assets_GA,ARIMA,248,260661.60024840944,2.7562975105944645
fog_MC,total_assets_GA,ARIMA,249,275725.26269359933,11.047921759768679
fog_MC,total_assets_GA,ARIMA,250,464702.62863012403,3.9706384711961493
fog_MC,total_assets_GA,ARIMA,251,35777.39479987696,0.34894012067467556
fog_MC,total_assets_GA,ARIMA,253,318177.9248015651,34.48529795061204
fog_MC,total_assets_GA,ARIMA,254,37644.70790770091,0.4105504970197937
fog_MC,total_assets_GA,ARIMA,255,562040.0,4.040612890032482
fog_MC,total_assets_GA,ARIMA,256,1922652.8341194727,7.313797029196392
fog_MC,total_assets_GA,ARIMA,257,35837916.925882995,21.291329704798216
fog_MC,total_assets_GA,ARIMA,259,1290844.0,1.8205207668390386
fog_MC,total_assets_GA,ARIMA,261,4623687.454377323,2.5020257537929806
fog_MC,total_assets_GA,ARIMA,262,8343378.604650214,26.026381205600114
fog_MC,total_assets_GA,ARIMA,263,1022374.5896694623,9.487372745241949
fog_MC,total_assets_GA,ARIMA,264,602708.7260382869,40.422316974107545
fog_MC,total_assets_GA,ARIMA,265,11720625.67380165,45.43062327141122
fog_MC,total_assets_GA,ARIMA,266,45972.0,3.6259209335965568
fog_MC,total_assets_GA,ARIMA,267,534685.1243587285,5.025315271489824
fog_MC,total_assets_GA,ARIMA,269,3362941.5770643204,3.533499936696511
fog_MC,total_assets_GA,ARIMA,270,111767653.21596503,15.970289316813139
fog_MC,total_assets_GA,ARIMA,272,3370077.318119403,23.09656559808487
fog_MC,total_assets_GA,ARIMA,273,413202.91520711407,3.300989381567052
fog_MC,total_assets_GA,ARIMA,274,300123.3560654521,3.3519794333119592
fog_MC,total_assets_GA,STL-LSTM (full),1,15151924.021084279,9.640371383999947
fog_MC,total_assets_GA,STL-LSTM (full),4,6660600.865625933,11.094721170911393
fog_MC,total_assets_GA,STL-LSTM (full),5,487013.0182480123,17.317216064472234
fog_MC,total_assets_GA,STL-LSTM (full),7,1164790.8689381927,11.023609113404254
fog_MC,total_assets_GA,STL-LSTM (full),8,275820.04868303984,7.396977502636265
fog_MC,total_assets_GA,STL-LSTM (full),9,482499.13619586825,3.1011601482404916
fog_MC,total_assets_GA,STL-LSTM (full),11,301617.871216014,8.13864740711676
fog_MC,total_assets_GA,STL-LSTM (full),13,7246074.864022702,3.6359743639111612
fog_MC,total_assets_GA,STL-LSTM (full),14,420663.020302305,12.794192975746624
fog_MC,total_assets_GA,STL-LSTM (full),15,286209.01919847354,3.4768115039259087
fog_MC,total_assets_GA,STL-LSTM (full),16,1450522.0226754695,6.100039393616406
fog_MC,total_assets_GA,STL-LSTM (full),17,16046.031515169889,0.20437052870888325
fog_MC,total_assets_GA,STL-LSTM (full),18,206235.96137323976,1.7218269977533052
fog_MC,total_assets_GA,STL-LSTM (full),19,29086.13361516595,2.3595007510878774
fog_MC,total_assets_GA,STL-LSTM (full),21,1146676.0139292143,7.046204604628217
fog_MC,total_assets_GA,STL-LSTM (full),22,1512101.0246430375,10.343377716370346
fog_MC,total_assets_GA,STL-LSTM (full),26,152637.03141018748,8.741014074566529
fog_MC,total_assets_GA,STL-LSTM (full),27,2300116.969232738,1.1199934667093685
fog_MC,total_assets_GA,STL-LSTM (full),28,6285033.032016829,10.089890709722308
fog_MC,total_assets_GA,STL-LSTM (full),29,11784429.044059277,10.093952220900583
fog_MC,total_assets_GA,STL-LSTM (full),30,2418660.978020832,1.987039619905811
fog_MC,total_assets_GA,STL-LSTM (full),32,3123374.020595163,4.329078483573251
fog_MC,total_assets_GA,STL-LSTM (full),33,1691978.0230617672,2.2811348082905796
fog_MC,total_assets_GA,STL-LSTM (full),36,272364.97875110805,3.879681907272693
fog_MC,total_assets_GA,STL-LSTM (full),37,31666243.964548722,48.641996093749725
fog_MC,total_assets_GA,STL-LSTM (full),39,2678616.867988378,3.9196037145528475
fog_MC,total_assets_GA,STL-LSTM (full),40,5206872.86708127,8.920861878329855
fog_MC,total_assets_GA,STL-LSTM (full),41,79039.86415091157,0.2717789716789833
fog_MC,total_assets_GA,STL-LSTM (full),43,2448078.025518894,2.1374875539119964
fog_MC,total_assets_GA,STL-LSTM (full),45,1095151000.1308708,4.926118080256663
fog_MC,total_assets_GA,STL-LSTM (full),46,465988.13910502195,3.009650159381404
fog_MC,total_assets_GA,STL-LSTM (full),47,159415.0355603695,2.9370823546021265
fog_MC,total_assets_GA,STL-LSTM (full),49,294620.0163012538,2.085291817124958
fog_MC,total_assets_GA,STL-LSTM (full),50,392819.0204364881,1.9340131245785597
fog_MC,total_assets_GA,STL-LSTM (full),53,570661.0266774185,6.059960190613886
fog_MC,total_assets_GA,STL-LSTM (full),55,793646.9640565664,2.025105106247158
fog_MC,total_assets_GA,STL-LSTM (full),56,1450833.0235140547,7.4193220121683545
fog_MC,total_assets_GA,STL-LSTM (full),57,1559629.025458023,4.038021646929978
fog_MC,total_assets_GA,STL-LSTM (full),65,545782.0192503687,9.849726627666318
fog_MC,total_assets_GA,STL-LSTM (full),67,35184.02889962867,3.9121836819380094
fog_MC,total_assets_GA,STL-LSTM (full),69,45014.12693603337,1.9933410386874357
fog_MC,total_assets_GA,STL-LSTM (full),70,1501895.0221449584,5.856845618194975
fog_MC,total_assets_GA,STL-LSTM (full),71,282021.0164391212,4.000970329950946
fog_MC,total_assets_GA,STL-LSTM (full),72,42646.978570455685,0.46903672136614627
fog_MC,total_assets_GA,STL-LSTM (full),74,331139.86979342997,7.597984994624967
fog_MC,total_assets_GA,STL-LSTM (full),75,16549.973450779915,5.780337280080569
fog_MC,total_assets_GA,STL-LSTM (full),76,320639.01357882004,7.668730444981739
fog_MC,total_assets_GA,STL-LSTM (full),78,2216089.8654190004,8.056729948808707
fog_MC,total_assets_GA,STL-LSTM (full),79,1866260.9635292813,21.596177057538192
fog_MC,total_assets_GA,STL-LSTM (full),80,234713.024407804,7.2953155234772
fog_MC,total_assets_GA,STL-LSTM (full),81,119613.95979563147,5.058936875078493
fog_MC,total_assets_GA,STL-LSTM (full),82,179153.86712667346,5.976142085887938
fog_MC,total_assets_GA,STL-LSTM (full),83,23911.983809784055,1.9147723895903759
fog_MC,total_assets_GA,STL-LSTM (full),84,161297.01995829307,8.499939572192432
fog_MC,total_assets_GA,STL-LSTM (full),85,20453.051913637668,18.94652397748301
fog_MC,total_assets_GA,STL-LSTM (full),86,672896.0152279586,1.1461185370113467
fog_MC,total_assets_GA,STL-LSTM (full),87,125180.03729980066,2.1186439752484585
fog_MC,total_assets_GA,STL-LSTM (full),88,780382.8695534617,11.337860811605236
fog_MC,total_assets_GA,STL-LSTM (full),89,57928.9826183822,5.118226486443043
fog_MC,total_assets_GA,STL-LSTM (full),90,829304.8625854105,20.92997781468103
fog_MC,total_assets_GA,STL-LSTM (full),92,262466.8665048182,4.3089654563460655
fog_MC,total_assets_GA,STL-LSTM (full),93,95108.9900520686,3.4547342686955766
fog_MC,total_assets_GA,STL-LSTM (full),95,236627.9763263855,2.3554691050474528
fog_MC,total_assets_GA,STL-LSTM (full),96,1146987.0103129921,21.33469486461597
fog_MC,total_assets_GA,STL-LSTM (full),97,2831469.8628085256,8.563392406503418
fog_MC,total_assets_GA,STL-LSTM (full),99,708476.0253993608,6.049347320087805
fog_MC,total_assets_GA,STL-LSTM (full),101,175053.8692431003,11.560700540206872
fog_MC,total_assets_GA,STL-LSTM (full),103,78767.14138448238,6.184297266323801
fog_MC,total_assets_GA,STL-LSTM (full),104,1047038.8659919202,8.964824728856229
fog_MC,total_assets_GA,STL-LSTM (full),105,310700.8671760112,3.357767571113129
fog_MC,total_assets_GA,STL-LSTM (full),107,4203.95169890672,1.0460532317627327
fog_MC,total_assets_GA,STL-LSTM (full),108,340046.95611308515,2.819631767404291
fog_MC,total_assets_GA,STL-LSTM (full),110,3129185.861564368,10.842576710084893
fog_MC,total_assets_GA,STL-LSTM (full),111,536066.1307341754,11.86788867913148
fog_MC,total_assets_GA,STL-LSTM (full),113,12730573.863876462,7.580285303073586
fog_MC,total_assets_GA,STL-LSTM (full),115,9055340.867214635,8.659559711544446
fog_MC,total_assets_GA,STL-LSTM (full),116,11238420.955171525,3.9096284902997116
fog_MC,total_assets_GA,STL-LSTM (full),117,4688860.021300256,3.1866417573620693
fog_MC,total_assets_GA,STL-LSTM (full),118,415374.86948516965,3.4581447564953205
fog_MC,total_assets_GA,STL-LSTM (full),119,1116590.0304341316,1.0170292347958643
fog_MC,total_assets_GA,STL-LSTM (full),120,7626529.864546657,5.067841806709314
fog_MC,total_assets_GA,STL-LSTM (full),121,338060.96711748093,8.781145285349394
fog_MC,total_assets_GA,STL-LSTM (full),123,756452.8661350012,10.3547827013607
fog_MC,total_assets_GA,STL-LSTM (full),124,171046.8705431819,13.489548015873249
fog_MC,total_assets_GA,STL-LSTM (full),128,5041687.965854764,7.9661838181509586
fog_MC,total_assets_GA,STL-LSTM (full),129,1112868.0199678503,23.351999430489798
fog_MC,total_assets_GA,STL-LSTM (full),130,55534507.020721376,18.069079160819047
fog_MC,total_assets_GA,STL-LSTM (full),131,198436.98205361888,9.881598924197691
fog_MC,total_assets_GA,STL-LSTM (full),132,5771382.86655125,13.955098290267603
fog_MC,total_assets_GA,STL-LSTM (full),134,1003021.0188875459,3.702327034448122
fog_MC,total_assets_GA,STL-LSTM (full),137,3657489.865417391,4.881778170413891
fog_MC,total_assets_GA,STL-LSTM (full),139,51454.86624097824,2.969757467040336
fog_MC,total_assets_GA,STL-LSTM (full),140,365966.05579511076,3.967587408332865
fog_MC,total_assets_GA,STL-LSTM (full),141,23732.966920692474,7.99788555922427
fog_MC,total_assets_GA,STL-LSTM (full),142,214718.85940662026,8.020164582660673
fog_MC,total_assets_GA,STL-LSTM (full),144,817086.0226393007,8.287652318542941
fog_MC,total_assets_GA,STL-LSTM (full),145,211503.87012851238,8.10398758201077
fog_MC,total_assets_GA,STL-LSTM (full),146,992071.9716390744,2.814072518885391
fog_MC,total_assets_GA,STL-LSTM (full),147,539418.1246008053,7.101100398956686
fog_MC,total_assets_GA,STL-LSTM (full),148,155645.12552079558,6.837319679190133
fog_MC,total_assets_GA,STL-LSTM (full),149,22159.95594708994,0.920639403189929
fog_MC,total_assets_GA,STL-LSTM (full),150,401904.8674271703,18.232877411409522
fog_MC,total_assets_GA,STL-LSTM (full),151,662949.864401713,12.324437490871697
fog_MC,total_assets_GA,STL-LSTM (full),152,2013306.8719089031,10.177014212265762
fog_MC,total_assets_GA,STL-LSTM (full),153,173772.9822857529,5.436624700451296
fog_MC,total_assets_GA,STL-LSTM (full),154,233650.01396655478,12.83743326419828
fog_MC,total_assets_GA,STL-LSTM (full),155,61101.96590992063,0.9532298357805107
fog_MC,total_assets_GA,STL-LSTM (full),156,444795.0091557149,5.433106832097767
fog_MC,total_assets_GA,STL-LSTM (full),157,136776.96716837212,2.8550151515515467
fog_MC,total_assets_GA,STL-LSTM (full),160,65817403.027968675,40.407201333389175
fog_MC,total_assets_GA,STL-LSTM (full),162,1992305.9698761925,6.126112767101417
fog_MC,total_assets_GA,STL-LSTM (full),163,4710040.870685607,17.612499977509138
fog_MC,total_assets_GA,STL-LSTM (full),166,69916.8688287586,9.722997889946646
fog_MC,total_assets_GA,STL-LSTM (full),168,189942.9573868513,4.512427844515559
fog_MC,total_assets_GA,STL-LSTM (full),169,150912.02506138384,2.276145234345857
fog_MC,total_assets_GA,STL-LSTM (full),170,136548.9661959894,6.182349457791771
fog_MC,total_assets_GA,STL-LSTM (full),171,41083.9738891907,1.1137807282683791
fog_MC,total_assets_GA,STL-LSTM (full),172,330713.96940327436,1.9504148989179446
fog_MC,total_assets_GA,STL-LSTM (full),173,23595.97731038928,1.141414252109824
fog_MC,total_assets_GA,STL-LSTM (full),174,214183.95623975247,7.878471107665484
fog_MC,total_assets_GA,STL-LSTM (full),175,1020600.968659766,3.7672919749076557
fog_MC,total_assets_GA,STL-LSTM (full),176,222036.13159254193,5.555835391293857
fog_MC,total_assets_GA,STL-LSTM (full),177,93145.02394910157,5.460606033778107
fog_MC,total_assets_GA,STL-LSTM (full),178,571267.0277727842,0.8239645623994287
fog_MC,total_assets_GA,STL-LSTM (full),180,1521384.017519012,3.7096678628417963
fog_MC,total_assets_GA,STL-LSTM (full),181,6559832.866010934,34.881013988427675
fog_MC,total_assets_GA,STL-LSTM (full),182,3057395.973382741,2.3330325149511237
fog_MC,total_assets_GA,STL-LSTM (full),186,269623.9623731151,1.8433813553919043
fog_MC,total_assets_GA,STL-LSTM (full),187,353697.020079026,7.105662223713321
fog_MC,total_assets_GA,STL-LSTM (full),188,816815.0276752058,8.427042952535837
fog_MC,total_assets_GA,STL-LSTM (full),189,3943336.9606729075,20.770816712882368
fog_MC,total_assets_GA,STL-LSTM (full),190,159375.00735990983,3.2163952750635465
fog_MC,total_assets_GA,STL-LSTM (full),192,2804914.8686798513,6.826023661025095
fog_MC,total_assets_GA,STL-LSTM (full),193,373928.02301054075,1.1505693588184789
fog_MC,total_assets_GA,STL-LSTM (full),196,2541904.8716962785,5.376554016305802
fog_MC,total_assets_GA,STL-LSTM (full),198,31401.046255886555,3.8955126001289706
fog_MC,total_assets_GA,STL-LSTM (full),199,3585377.86427629,5.0397613691235925
fog_MC,total_assets_GA,STL-LSTM (full),200,59014.03591692448,7.722379043320612
fog_MC,total_assets_GA,STL-LSTM (full),202,261805.87089121342,1.8681039019610675
fog_MC,total_assets_GA,STL-LSTM (full),204,1217187.8709239066,17.244856736688767
fog_MC,total_assets_GA,STL-LSTM (full),206,867897.0216154251,6.123347834458642
fog_MC,total_assets_GA,STL-LSTM (full),207,132875.1314982623,3.161460587887851
fog_MC,total_assets_GA,STL-LSTM (full),209,1607019.015081089,9.885142193974781
fog_MC,total_assets_GA,STL-LSTM (full),212,6047569.86928609,18.867293644124434
fog_MC,total_assets_GA,STL-LSTM (full),213,365207.02108165063,12.586650804128752
fog_MC,total_assets_GA,STL-LSTM (full),214,386133.0206390377,23.661728303178446
fog_MC,total_assets_GA,STL-LSTM (full),216,103213.01681314781,5.837785863644688
fog_MC,total_assets_GA,STL-LSTM (full),217,105593.97809728608,3.3522132048033004
fog_MC,total_assets_GA,STL-LSTM (full),218,952102.955367744,6.592393386900502
fog_MC,total_assets_GA,STL-LSTM (full),221,72379.8673491478,8.639070637994722
fog_MC,total_assets_GA,STL-LSTM (full),223,737236.968939364,1.0182866573964513
fog_MC,total_assets_GA,STL-LSTM (full),226,1860467.01971706,6.357655725708105
fog_MC,total_assets_GA,STL-LSTM (full),228,1974281.020300541,24.705573108147814
fog_MC,total_assets_GA,STL-LSTM (full),229,31585449.870384574,5.108332435349852
fog_MC,total_assets_GA,STL-LSTM (full),230,482536.1271339804,4.828607030291565
fog_MC,total_assets_GA,STL-LSTM (full),231,90174.02439679578,2.540004616890647
fog_MC,total_assets_GA,STL-LSTM (full),234,412862.9562331438,17.515467511711115
fog_MC,total_assets_GA,STL-LSTM (full),235,6483123.8671634495,3.843665799276753
fog_MC,total_assets_GA,STL-LSTM (full),236,6096724.015146881,4.917402145171072
fog_MC,total_assets_GA,STL-LSTM (full),237,532705.0176309049,7.255055399738562
fog_MC,total_assets_GA,STL-LSTM (full),239,23194197.01889229,11.183026138799105
fog_MC,total_assets_GA,STL-LSTM (full),241,424812.04034159705,20.162416586757
fog_MC,total_assets_GA,STL-LSTM (full),242,14858927.025115818,19.029976083196594
fog_MC,total_assets_GA,STL-LSTM (full),244,2035136.8655346036,1.5290976481618235
fog_MC,total_assets_GA,STL-LSTM (full),245,112056.02441813983,2.0327472333778447
fog_MC,total_assets_GA,STL-LSTM (full),246,364840.96339154243,2.662689547297319
fog_MC,total_assets_GA,STL-LSTM (full),247,632818.9609605819,1.70814379345305
fog_MC,total_assets_GA,STL-LSTM (full),248,414286.8648967445,4.416640954489849
fog_MC,total_assets_GA,STL-LSTM (full),249,87322.97352458537,3.63615510954331
fog_MC,total_assets_GA,STL-LSTM (full),250,1903755.9728226364,17.33216639216689
fog_MC,total_assets_GA,STL-LSTM (full),251,35779.038563180715,0.34895612447278024
fog_MC,total_assets_GA,STL-LSTM (full),253,180387.02906435356,18.192548456837937
fog_MC,total_assets_GA,STL-LSTM (full),254,474228.02427995205,5.29802565718539
fog_MC,total_assets_GA,STL-LSTM (full),255,562040.0113057736,4.040612972953939
fog_MC,total_assets_GA,STL-LSTM (full),256,2137378.8648423254,8.163960172227178
fog_MC,total_assets_GA,STL-LSTM (full),257,8066161.03421548,5.222987562685046
fog_MC,total_assets_GA,STL-LSTM (full),259,1290843.873675257,1.820520587057279
fog_MC,total_assets_GA,STL-LSTM (full),261,4623693.869357526,2.50202926857188
fog_MC,total_assets_GA,STL-LSTM (full),262,440623.9776841104,1.567721390647033
fog_MC,total_assets_GA,STL-LSTM (full),263,665425.0142444931,6.699632452504975
fog_MC,total_assets_GA,STL-LSTM (full),264,602708.8708162457,40.42232864652945
fog_MC,total_assets_GA,STL-LSTM (full),265,8115983.022668488,29.404376714406737
fog_MC,total_assets_GA,STL-LSTM (full),266,45971.965323239565,3.6259181489728918
fog_MC,total_assets_GA,STL-LSTM (full),267,1142653.9684559032,11.05525126445613
fog_MC,total_assets_GA,STL-LSTM (full),269,3259779.0176039934,3.4232499700986754
fog_MC,total_assets_GA,STL-LSTM (full),270,21697031.13162911,3.313474472383129
fog_MC,total_assets_GA,STL-LSTM (full),272,270094.0180005636,2.1148740971429794
fog_MC,total_assets_GA,STL-LSTM (full),273,811964.8671896756,6.591604869219049
fog_MC,total_assets_GA,STL-LSTM (full),274,300122.9806428142,3.3519753106132177
fog_MC,total_assets_GA,MTL-LSTM (full),1,15151924.022074431,9.640371384660295
fog_MC,total_assets_GA,MTL-LSTM (full),4,6660600.857047632,11.094721155829648
fog_MC,total_assets_GA,MTL-LSTM (full),5,487012.96292544156,17.317213926982728
fog_MC,total_assets_GA,MTL-LSTM (full),7,1164790.887150742,11.023609295268631
fog_MC,total_assets_GA,MTL-LSTM (full),8,275820.0040533305,7.396976261484325
fog_MC,total_assets_GA,MTL-LSTM (full),9,482498.9655444138,3.1011590684218713
fog_MC,total_assets_GA,MTL-LSTM (full),11,301618.0353523083,8.138652016284668
fog_MC,total_assets_GA,MTL-LSTM (full),13,7246074.900926679,3.6359743827656894
fog_MC,total_assets_GA,MTL-LSTM (full),14,420662.7884821892,12.794185474050968
fog_MC,total_assets_GA,MTL-LSTM (full),15,286208.793952018,3.4768087201086804
fog_MC,total_assets_GA,MTL-LSTM (full),16,1450521.9420364872,6.100039044153221
fog_MC,total_assets_GA,MTL-LSTM (full),17,16045.85196404159,0.20436824418996252
fog_MC,total_assets_GA,MTL-LSTM (full),18,206236.0678674206,1.7218278945084857
fog_MC,total_assets_GA,MTL-LSTM (full),19,29086.131968319416,2.3595006190698613
fog_MC,total_assets_GA,MTL-LSTM (full),21,1146675.981016826,7.046204395259786
fog_MC,total_assets_GA,MTL-LSTM (full),22,1512101.1219513416,10.343378416422395
fog_MC,total_assets_GA,MTL-LSTM (full),26,152637.05011367798,8.741015098841174
fog_MC,total_assets_GA,MTL-LSTM (full),27,2300117.063802898,1.1199935130161869
fog_MC,total_assets_GA,MTL-LSTM (full),28,6285033.05907651,10.089890750971902
fog_MC,total_assets_GA,MTL-LSTM (full),29,11784428.86232689,10.093952057381447
fog_MC,total_assets_GA,MTL-LSTM (full),30,2418661.0850776583,1.9870397069840253
fog_MC,total_assets_GA,MTL-LSTM (full),32,3123373.933529854,4.32907836028639
fog_MC,total_assets_GA,MTL-LSTM (full),33,1691977.958732158,2.28113472057181
fog_MC,total_assets_GA,MTL-LSTM (full),36,272365.079838261,3.879683319268511
fog_MC,total_assets_GA,MTL-LSTM (full),37,31666243.99048908,48.641996143287365
fog_MC,total_assets_GA,MTL-LSTM (full),39,2678616.7908185422,3.9196035994176475
fog_MC,total_assets_GA,MTL-LSTM (full),40,5206872.964334719,8.920862052384923
fog_MC,total_assets_GA,MTL-LSTM (full),41,79040.05351363495,0.27177962368847514
fog_MC,total_assets_GA,MTL-LSTM (full),43,2448078.017546028,2.1374875468762577
fog_MC,total_assets_GA,MTL-LSTM (full),45,1095150999.9037552,4.926118079260233
fog_MC,total_assets_GA,MTL-LSTM (full),46,465988.1853404343,3.009650453505661
fog_MC,total_assets_GA,MTL-LSTM (full),47,159415.14614100754,2.9370843620341303
fog_MC,total_assets_GA,MTL-LSTM (full),49,294619.9514584616,2.08529135338875
fog_MC,total_assets_GA,MTL-LSTM (full),50,392818.81248028576,1.9340120908220322
fog_MC,total_assets_GA,MTL-LSTM (full),53,570661.1663406789,6.05996171866314
fog_MC,total_assets_GA,MTL-LSTM (full),55,793646.9285470247,2.0251050147219716
fog_MC,total_assets_GA,MTL-LSTM (full),56,1450832.9629800916,7.419321691123947
fog_MC,total_assets_GA,MTL-LSTM (full),57,1559628.8275261223,4.038021124119556
fog_MC,total_assets_GA,MTL-LSTM (full),65,545782.0675530881,9.84972754231634
fog_MC,total_assets_GA,MTL-LSTM (full),67,35184.06898102909,3.9121880514925085
fog_MC,total_assets_GA,MTL-LSTM (full),69,45014.2087379694,1.9933446249835978
fog_MC,total_assets_GA,MTL-LSTM (full),70,1501895.0002207868,5.856845530194969
fog_MC,total_assets_GA,MTL-LSTM (full),71,282021.1487469971,4.000972244523355
fog_MC,total_assets_GA,MTL-LSTM (full),72,42646.99411807582,0.4690368919597727
fog_MC,total_assets_GA,MTL-LSTM (full),74,331139.78570079803,7.597982991822871
fog_MC,total_assets_GA,MTL-LSTM (full),75,16549.870714470744,5.7803003607651675
fog_MC,total_assets_GA,MTL-LSTM (full),76,320638.76645331085,7.668724307845201
fog_MC,total_assets_GA,MTL-LSTM (full),78,2216089.9108511433,8.05673012063374
fog_MC,total_assets_GA,MTL-LSTM (full),79,1866261.111082174,21.596178949378643
fog_MC,total_assets_GA,MTL-LSTM (full),80,234712.83486910164,7.295309417372134
fog_MC,total_assets_GA,MTL-LSTM (full),81,119613.9315289557,5.05893564933151
fog_MC,total_assets_GA,MTL-LSTM (full),82,179153.75882557034,5.9761383652747275
fog_MC,total_assets_GA,MTL-LSTM (full),83,23912.067319102585,1.9147790126485056
fog_MC,total_assets_GA,MTL-LSTM (full),84,161297.01788949966,8.499939458539
fog_MC,total_assets_GA,MTL-LSTM (full),85,20453.068464137614,18.94654076129603
fog_MC,total_assets_GA,MTL-LSTM (full),86,672895.907247737,1.146118352038724
fog_MC,total_assets_GA,MTL-LSTM (full),87,125180.0419564955,2.118644053227082
fog_MC,total_assets_GA,MTL-LSTM (full),88,780382.7347992361,11.337858742831026
fog_MC,total_assets_GA,MTL-LSTM (full),89,57929.15033850074,5.118240925869887
fog_MC,total_assets_GA,MTL-LSTM (full),90,829304.9062123373,20.929979030961782
fog_MC,total_assets_GA,MTL-LSTM (full),92,262467.0712580085,4.308968890238127
fog_MC,total_assets_GA,MTL-LSTM (full),93,95109.01920903474,3.454735346086263
fog_MC,total_assets_GA,MTL-LSTM (full),95,236628.0980603248,2.355470302553738
fog_MC,total_assets_GA,MTL-LSTM (full),96,1146986.9759782199,21.33469415784027
fog_MC,total_assets_GA,MTL-LSTM (full),97,2831470.2083538473,8.563393496303933
fog_MC,total_assets_GA,MTL-LSTM (full),99,708475.954610087,6.049346697368879
fog_MC,total_assets_GA,MTL-LSTM (full),101,175054.1491714269,11.56072009549981
fog_MC,total_assets_GA,MTL-LSTM (full),103,78767.00232371548,6.184286685758276
fog_MC,total_assets_GA,MTL-LSTM (full),104,1047038.8396160603,8.964824492901426
fog_MC,total_assets_GA,MTL-LSTM (full),105,310701.02210599557,3.3577692735633247
fog_MC,total_assets_GA,MTL-LSTM (full),107,4204.284458637238,1.046135597997871
fog_MC,total_assets_GA,MTL-LSTM (full),108,340047.0567064807,2.8196325897541974
fog_MC,total_assets_GA,MTL-LSTM (full),110,3129185.9243354946,10.84257693937715
fog_MC,total_assets_GA,MTL-LSTM (full),111,536066.1399185807,11.867888870398048
fog_MC,total_assets_GA,MTL-LSTM (full),113,12730573.846614003,7.580285292405259
fog_MC,total_assets_GA,MTL-LSTM (full),115,9055340.73834163,8.65955958296805
fog_MC,total_assets_GA,MTL-LSTM (full),116,11238420.700476587,3.9096283999642543
fog_MC,total_assets_GA,MTL-LSTM (full),117,4688859.905409634,3.186641677345592
fog_MC,total_assets_GA,MTL-LSTM (full),118,415374.9679151401,3.4581455901292677
fog_MC,total_assets_GA,MTL-LSTM (full),119,1116590.1540040374,1.017029346775312
fog_MC,total_assets_GA,MTL-LSTM (full),120,7626529.938550055,5.067841857130761
fog_MC,total_assets_GA,MTL-LSTM (full),121,338061.0300919004,8.781146992931475
fog_MC,total_assets_GA,MTL-LSTM (full),123,756452.997761732,10.354784596432244
fog_MC,total_assets_GA,MTL-LSTM (full),124,171046.92445575446,13.489552554442355
fog_MC,total_assets_GA,MTL-LSTM (full),128,5041687.882509187,7.966183681214326
fog_MC,total_assets_GA,MTL-LSTM (full),129,1112867.9298260584,23.351997318137066
fog_MC,total_assets_GA,MTL-LSTM (full),130,55534506.894014895,18.06907911586839
fog_MC,total_assets_GA,MTL-LSTM (full),131,198437.1013608426,9.88160457181803
fog_MC,total_assets_GA,MTL-LSTM (full),132,5771382.957490161,13.955098525499066
fog_MC,total_assets_GA,MTL-LSTM (full),134,1003020.8374822587,3.7023263524539267
fog_MC,total_assets_GA,MTL-LSTM (full),137,3657490.039226681,4.88177840806576
fog_MC,total_assets_GA,MTL-LSTM (full),139,51455.022579312325,2.969766624212217
fog_MC,total_assets_GA,MTL-LSTM (full),140,365965.90635976195,3.967585756104023
fog_MC,total_assets_GA,MTL-LSTM (full),141,23733.113934658468,7.997937083367325
fog_MC,total_assets_GA,MTL-LSTM (full),142,214718.8233615607,8.02016318231816
fog_MC,total_assets_GA,MTL-LSTM (full),144,817085.9460739121,8.287651509764139
fog_MC,total_assets_GA,MTL-LSTM (full),145,211503.9044310674,8.103988949605212
fog_MC,total_assets_GA,MTL-LSTM (full),146,992071.9344779849,2.8140724149588516
fog_MC,total_assets_GA,MTL-LSTM (full),147,539418.1604706347,7.101100854394601
fog_MC,total_assets_GA,MTL-LSTM (full),148,155644.96519625932,6.837312877080978
fog_MC,total_assets_GA,MTL-LSTM (full),149,22159.837596327066,0.9206345089193015
fog_MC,total_assets_GA,MTL-LSTM (full),150,401904.8751189485,18.232877792167386
fog_MC,total_assets_GA,MTL-LSTM (full),151,662949.8276358545,12.324436765265276
fog_MC,total_assets_GA,MTL-LSTM (full),152,2013306.8084792942,10.177013875321814
fog_MC,total_assets_GA,MTL-LSTM (full),153,173773.1477819383,5.436629737384277
fog_MC,total_assets_GA,MTL-LSTM (full),154,233650.01967548206,12.837433597997192
fog_MC,total_assets_GA,MTL-LSTM (full),155,61101.841219976544,0.9532278812661545
fog_MC,total_assets_GA,MTL-LSTM (full),156,444794.9662103653,5.433106293276264
fog_MC,total_assets_GA,MTL-LSTM (full),157,136776.85670806468,2.855012812943477
fog_MC,total_assets_GA,MTL-LSTM (full),160,65817402.97360858,40.40720129327336
fog_MC,total_assets_GA,MTL-LSTM (full),162,1992306.1015584022,6.126113184411688
fog_MC,total_assets_GA,MTL-LSTM (full),163,4710040.892933086,17.61250006802631
fog_MC,total_assets_GA,MTL-LSTM (full),166,69916.91602522135,9.723004772407458
fog_MC,total_assets_GA,MTL-LSTM (full),168,189943.091061458,4.512431091840179
fog_MC,total_assets_GA,MTL-LSTM (full),169,150911.9243464321,2.276143698015042
fog_MC,total_assets_GA,MTL-LSTM (full),170,136548.7028194666,6.182337164628331
fog_MC,total_assets_GA,MTL-LSTM (full),171,41084.0637589097,1.1137831510559075
fog_MC,total_assets_GA,MTL-LSTM (full),172,330713.97170432657,1.9504149126209458
fog_MC,total_assets_GA,MTL-LSTM (full),173,23596.128363639116,1.1414215173458764
fog_MC,total_assets_GA,MTL-LSTM (full),174,214184.06511149555,7.878474954612602
fog_MC,total_assets_GA,MTL-LSTM (full),175,1020600.9072377086,3.767291743912888
fog_MC,total_assets_GA,MTL-LSTM (full),176,222036.0231949631,5.555832754293285
fog_MC,total_assets_GA,MTL-LSTM (full),177,93144.90743494779,5.460599016665828
fog_MC,total_assets_GA,MTL-LSTM (full),178,571267.1533595622,0.8239647427927197
fog_MC,total_assets_GA,MTL-LSTM (full),180,1521383.9388613105,3.709667667489251
fog_MC,total_assets_GA,MTL-LSTM (full),181,6559832.929823756,34.88101438692205
fog_MC,total_assets_GA,MTL-LSTM (full),182,3057396.00238204,2.3330325373379948
fog_MC,total_assets_GA,MTL-LSTM (full),186,269624.07493945956,1.8433821320856099
fog_MC,total_assets_GA,MTL-LSTM (full),187,353697.07675457,7.105663402759553
fog_MC,total_assets_GA,MTL-LSTM (full),188,816814.8070112169,8.427040580031479
fog_MC,total_assets_GA,MTL-LSTM (full),189,3943337.1262752116,20.770817675752532
fog_MC,total_assets_GA,MTL-LSTM (full),190,159374.88829579204,3.216392910837393
fog_MC,total_assets_GA,MTL-LSTM (full),192,2804914.846394822,6.826023604941415
fog_MC,total_assets_GA,MTL-LSTM (full),193,373927.8202522248,1.1505687313459236
fog_MC,total_assets_GA,MTL-LSTM (full),196,2541905.0198971033,5.376554338202267
fog_MC,total_assets_GA,MTL-LSTM (full),198,31400.865039542317,3.8954905568881917
fog_MC,total_assets_GA,MTL-LSTM (full),199,3585378.0080450326,5.039761576303486
fog_MC,total_assets_GA,MTL-LSTM (full),200,59014.20033109188,7.7223997272827
fog_MC,total_assets_GA,MTL-LSTM (full),202,261805.60150453448,1.8681019618103596
fog_MC,total_assets_GA,MTL-LSTM (full),204,1217187.795643881,17.244855578174896
fog_MC,total_assets_GA,MTL-LSTM (full),206,867896.9815460555,6.123347543098304
fog_MC,total_assets_GA,MTL-LSTM (full),207,132875.19243220985,3.1614620147549175
fog_MC,total_assets_GA,MTL-LSTM (full),209,1607019.0308458991,9.8851422957407
fog_MC,total_assets_GA,MTL-LSTM (full),212,6047569.871798277,18.867293652701356
fog_MC,total_assets_GA,MTL-LSTM (full),213,365206.94402092695,12.58664798113357
fog_MC,total_assets_GA,MTL-LSTM (full),214,386133.2603136599,23.661744727721086
fog_MC,total_assets_GA,MTL-LSTM (full),216,103213.0010446161,5.837784945734801
fog_MC,total_assets_GA,MTL-LSTM (full),217,105594.3265580535,3.3522240817102413
fog_MC,total_assets_GA,MTL-LSTM (full),218,952102.7528630197,6.592391938533275
fog_MC,total_assets_GA,MTL-LSTM (full),221,72379.94211264327,8.639079947026302
fog_MC,total_assets_GA,MTL-LSTM (full),223,737236.9519222081,1.018286633772339
fog_MC,total_assets_GA,MTL-LSTM (full),226,1860466.9303539246,6.357655410625797
fog_MC,total_assets_GA,MTL-LSTM (full),228,1974280.7070468664,24.705568703958527
fog_MC,total_assets_GA,MTL-LSTM (full),229,31585449.93817401,5.108332446593504
fog_MC,total_assets_GA,MTL-LSTM (full),230,482536.1146589294,4.8286069084710235
fog_MC,total_assets_GA,MTL-LSTM (full),231,90173.94865279645,2.5400024562521923
fog_MC,total_assets_GA,MTL-LSTM (full),234,412862.96952448227,17.515468124971175
fog_MC,total_assets_GA,MTL-LSTM (full),235,6483123.856428444,3.8436657927899494
fog_MC,total_assets_GA,MTL-LSTM (full),236,6096723.792420819,4.917401961111216
fog_MC,total_assets_GA,MTL-LSTM (full),237,532704.9200924635,7.255054023147673
fog_MC,total_assets_GA,MTL-LSTM (full),239,23194196.9360497,11.18302609662337
fog_MC,total_assets_GA,MTL-LSTM (full),241,424812.10262930393,20.162419245023784
fog_MC,total_assets_GA,MTL-LSTM (full),242,14858926.809081838,19.029975780193947
fog_MC,total_assets_GA,MTL-LSTM (full),244,2035137.0886425823,1.5290978170753642
fog_MC,total_assets_GA,MTL-LSTM (full),245,112055.72484904528,2.032741743825418
fog_MC,total_assets_GA,MTL-LSTM (full),246,364840.83985093236,2.6626886336670372
fog_MC,total_assets_GA,MTL-LSTM (full),247,632819.0155964792,1.7081439421891744
fog_MC,total_assets_GA,MTL-LSTM (full),248,414286.81060007215,4.416640362859566
fog_MC,total_assets_GA,MTL-LSTM (full),249,87323.25224801898,3.6361665046625684
fog_MC,total_assets_GA,MTL-LSTM (full),250,1903756.1087448746,17.332167736869057
fog_MC,total_assets_GA,MTL-LSTM (full),251,35778.947344087064,0.34895523635717124
fog_MC,total_assets_GA,MTL-LSTM (full),253,180386.88395102322,18.19253249049581
fog_MC,total_assets_GA,MTL-LSTM (full),254,474228.0217917077,5.298025628650603
fog_MC,total_assets_GA,MTL-LSTM (full),255,562039.7673563212,4.0406111837226355
fog_MC,total_assets_GA,MTL-LSTM (full),256,2137379.1072651893,8.163961135986279
fog_MC,total_assets_GA,MTL-LSTM (full),257,8066160.812779605,5.222987423045704
fog_MC,total_assets_GA,MTL-LSTM (full),259,1290843.9254352897,1.8205206607206765
fog_MC,total_assets_GA,MTL-LSTM (full),261,4623693.93389222,2.502029303930553
fog_MC,total_assets_GA,MTL-LSTM (full),262,440624.13107056916,1.5677219321116738
fog_MC,total_assets_GA,MTL-LSTM (full),263,665424.9144717827,6.699631414323365
fog_MC,total_assets_GA,MTL-LSTM (full),264,602709.0763459057,40.42234521693289
fog_MC,total_assets_GA,MTL-LSTM (full),265,8115982.905561648,29.40437622774768
fog_MC,total_assets_GA,MTL-LSTM (full),266,45972.056578464806,3.625925476977649
fog_MC,total_assets_GA,MTL-LSTM (full),267,1142653.8944417685,11.055250508781718
fog_MC,total_assets_GA,MTL-LSTM (full),269,3259779.119618103,3.423250079062237
fog_MC,total_assets_GA,MTL-LSTM (full),270,21697031.051133513,3.313474460293859
fog_MC,total_assets_GA,MTL-LSTM (full),272,270093.99747105874,2.114873934694254
fog_MC,total_assets_GA,MTL-LSTM (full),273,811965.1084020957,6.5916068919413915
fog_MC,total_assets_GA,MTL-LSTM (full),274,300123.12709622085,3.35197691888939
fog_MC,total_liabilities_GA,ARIMA,1,1099228576.9483337,160.60760018783554
fog_MC,total_liabilities_GA,ARIMA,4,204962.0,0.4505712390012206
fog_MC,total_liabilities_GA,ARIMA,5,9938.0,200.0
fog_MC,total_liabilities_GA,ARIMA,7,898695.6066088695,15.93954539282911
fog_MC,total_liabilities_GA,ARIMA,8,46439.016096913554,196.0733826596808
fog_MC,total_liabilities_GA,ARIMA,9,534247.5657553095,200.0
fog_MC,total_liabilities_GA,ARIMA,11,66535.6595004177,60.12412515507772
fog_MC,total_liabilities_GA,ARIMA,13,4058943.258315809,7.954128296021704
fog_MC,total_liabilities_GA,ARIMA,14,533938.9868628075,197.5345952159191
fog_MC,total_liabilities_GA,ARIMA,15,94022.93725900468,16.35100562639878
fog_MC,total_liabilities_GA,ARIMA,16,379319.63548669545,19.485325942341127
fog_MC,total_liabilities_GA,ARIMA,17,1276552.8494363902,44.30602281121657
fog_MC,total_liabilities_GA,ARIMA,18,2029978.1294447035,52.42594227643648
fog_MC,total_liabilities_GA,ARIMA,19,1271.003722138385,52.079684137567796
fog_MC,total_liabilities_GA,ARIMA,21,759784.2612587194,167.8050789705815
fog_MC,total_liabilities_GA,ARIMA,22,745026.8568223799,29.08181614681587
fog_MC,total_liabilities_GA,ARIMA,26,98156.80225753548,64.75175805606362
fog_MC,total_liabilities_GA,ARIMA,27,11276456.696783781,3.044245691771856
fog_MC,total_liabilities_GA,ARIMA,28,7467043.00191921,9.49837660274952
fog_MC,total_liabilities_GA,ARIMA,29,106879.06444617361,0.18940041547989503
fog_MC,total_liabilities_GA,ARIMA,30,13179977.91754061,4.988777093300338
fog_MC,total_liabilities_GA,ARIMA,32,3383314.5977092236,3.0725494968459826
fog_MC,total_liabilities_GA,ARIMA,33,4031220.813796684,8.209637707216704
fog_MC,total_liabilities_GA,ARIMA,36,67111.07580213144,17.891394757726793
fog_MC,total_liabilities_GA,ARIMA,37,8582681.272181652,18.200005314974504
fog_MC,total_liabilities_GA,ARIMA,39,4410218.433163792,7.17506686167982
fog_MC,total_liabilities_GA,ARIMA,40,1307037.1937657744,4.299529851729704
fog_MC,total_liabilities_GA,ARIMA,41,35176513.33495727,63.57153028522426
fog_MC,total_liabilities_GA,ARIMA,43,8902435.0,36.25220963463105
fog_MC,total_liabilities_GA,ARIMA,45,489531905.28943634,0.8998790779500129
fog_MC,total_liabilities_GA,ARIMA,46,200428.08096220205,6.592334961239353
fog_MC,total_liabilities_GA,ARIMA,47,589048.9285311891,143.9476448166296
fog_MC,total_liabilities_GA,ARIMA,49,1080762.805598082,20.208545701127846
fog_MC,total_liabilities_GA,ARIMA,50,114999.77847460425,4.231822747447481
fog_MC,total_liabilities_GA,ARIMA,53,659556.4779210994,54.579065234298795
fog_MC,total_liabilities_GA,ARIMA,55,131234.3754588822,23.25930204800663
fog_MC,total_liabilities_GA,ARIMA,56,977897.8924115347,22.73389716745264
fog_MC,total_liabilities_GA,ARIMA,57,882914.2494124211,2.663228002039428
fog_MC,total_liabilities_GA,ARIMA,65,3884.0,26.335774342283703
fog_MC,total_liabilities_GA,ARIMA,67,17778.015709092913,50.916518816105196
fog_MC,total_liabilities_GA,ARIMA,69,0.0,0.0
fog_MC,total_liabilities_GA,ARIMA,70,255550.07168895286,3.603464096257094
fog_MC,total_liabilities_GA,ARIMA,71,539969.0199605863,164.38089125923932
fog_MC,total_liabilities_GA,ARIMA,72,18294.037243335675,200.0
fog_MC,total_liabilities_GA,ARIMA,74,71618.0,14.899247319433636
fog_MC,total_liabilities_GA,ARIMA,75,6406.0,200.0
fog_MC,total_liabilities_GA,ARIMA,76,281811.04685129714,61.054686554269665
fog_MC,total_liabilities_GA,ARIMA,78,96305.84486861387,2.9503614863981342
fog_MC,total_liabilities_GA,ARIMA,79,364889.4936258835,59.79131354703334
fog_MC,total_liabilities_GA,ARIMA,80,225474.9852985891,176.5143346892165
fog_MC,total_liabilities_GA,ARIMA,81,12540.2587135676,6.025295376234661
fog_MC,total_liabilities_GA,ARIMA,82,256.0,200.0
fog_MC,total_liabilities_GA,ARIMA,83,614.997286134295,200.0
fog_MC,total_liabilities_GA,ARIMA,84,156944.0,55.75176284613062
fog_MC,total_liabilities_GA,ARIMA,85,910.4955776045076,200.0
fog_MC,total_liabilities_GA,ARIMA,86,7431234.0,31.920681815633824
fog_MC,total_liabilities_GA,ARIMA,87,373021.32473215926,39.77609999432344
fog_MC,total_liabilities_GA,ARIMA,88,7118.276994307311,61.54410995561802
fog_MC,total_liabilities_GA,ARIMA,89,0.0,0.0
fog_MC,total_liabilities_GA,ARIMA,90,159049.19239931682,123.72804716176941
fog_MC,total_liabilities_GA,ARIMA,92,35523.46394679588,19.800850047012013
fog_MC,total_liabilities_GA,ARIMA,93,9168.279548374005,11.55002669765293
fog_MC,total_liabilities_GA,ARIMA,95,1428576.2598410267,83.20148489379376
fog_MC,total_liabilities_GA,ARIMA,96,1127237.9748502963,121.84880960661941
fog_MC,total_liabilities_GA,ARIMA,97,9830870.0,200.0
fog_MC,total_liabilities_GA,ARIMA,99,401.0,200.0
fog_MC,total_liabilities_GA,ARIMA,101,2993.991536621623,13.957354562740603
fog_MC,total_liabilities_GA,ARIMA,103,1018.154676834396,20.945708206410075
fog_MC,total_liabilities_GA,ARIMA,104,18546.349465544365,10.17893870002283
fog_MC,total_liabilities_GA,ARIMA,105,125123.76257859473,19.308928180176085
fog_MC,total_liabilities_GA,ARIMA,107,0.0,0.0
fog_MC,total_liabilities_GA,ARIMA,108,138330.07685561027,77.52796513025844
fog_MC,total_liabilities_GA,ARIMA,110,834444.8547502483,192.9425549474043
fog_MC,total_liabilities_GA,ARIMA,111,0.007436465515638702,7.473831896174919e-05
fog_MC,total_liabilities_GA,ARIMA,113,2976310.781430483,4.439549066005052
fog_MC,total_liabilities_GA,ARIMA,115,2193287.016122356,4.6317928657396745
fog_MC,total_liabilities_GA,ARIMA,116,13515947.864176005,7.821137934410811
fog_MC,total_liabilities_GA,ARIMA,117,2583244.9674898684,1.491139976061468
fog_MC,total_liabilities_GA,ARIMA,118,86205.87948484797,29.26955421212672
fog_MC,total_liabilities_GA,ARIMA,119,924425.0,8.0552075259954
fog_MC,total_liabilities_GA,ARIMA,120,975692.0,2.5156682657977307
fog_MC,total_liabilities_GA,ARIMA,121,150126.04984746838,60.23932445492235
fog_MC,total_liabilities_GA,ARIMA,123,805142.0510775879,173.82357224711663
fog_MC,total_liabilities_GA,ARIMA,124,23543.0,200.0
fog_MC,total_liabilities_GA,ARIMA,128,282969.0,0.2646270866582799
fog_MC,total_liabilities_GA,ARIMA,129,457378.4146760951,158.33298821673642
fog_MC,total_liabilities_GA,ARIMA,130,13757687.156180978,3.246545636276663
fog_MC,total_liabilities_GA,ARIMA,131,87810.13340606034,34.56628260362882
fog_MC,total_liabilities_GA,ARIMA,132,360686.5432501137,2.0201185363584035
fog_MC,total_liabilities_GA,ARIMA,134,2212044.2975657694,18.76209201664354
fog_MC,total_liabilities_GA,ARIMA,137,1085009.503652215,2.92196551734904
fog_MC,total_liabilities_GA,ARIMA,139,4991.840436873835,200.0
fog_MC,total_liabilities_GA,ARIMA,140,929868.8184264933,69.92764136807233
fog_MC,total_liabilities_GA,ARIMA,141,5188.550583821565,57.841598111269754
fog_MC,total_liabilities_GA,ARIMA,142,18763.551675396746,200.0
fog_MC,total_liabilities_GA,ARIMA,144,1597991.6327866646,118.03533318615085
fog_MC,total_liabilities_GA,ARIMA,145,69186.63750280696,7.3531127183145975
fog_MC,total_liabilities_GA,ARIMA,146,24023414.73413211,34.27109997723555
fog_MC,total_liabilities_GA,ARIMA,147,65572.26021614237,200.0
fog_MC,total_liabilities_GA,ARIMA,148,100.0,13.054830287206268
fog_MC,total_liabilities_GA,ARIMA,149,96649.02259523052,60.715863524366796
fog_MC,total_liabilities_GA,ARIMA,150,28212.038973373303,32.34138007968396
fog_MC,total_liabilities_GA,ARIMA,151,427679.547008506,13.474076287855416
fog_MC,total_liabilities_GA,ARIMA,152,532691.7780202399,15.253798005036604
fog_MC,total_liabilities_GA,ARIMA,153,256889.0054735999,79.8504886469291
fog_MC,total_liabilities_GA,ARIMA,154,14709.013621404432,36.096175813203565
fog_MC,total_liabilities_GA,ARIMA,155,101225.15209993685,46.862937447801635
fog_MC,total_liabilities_GA,ARIMA,156,51448.220293935614,145.45677149480446
fog_MC,total_liabilities_GA,ARIMA,157,137381.0971875211,67.28709172935149
fog_MC,total_liabilities_GA,ARIMA,160,52323867.841212094,37.24485750445005
fog_MC,total_liabilities_GA,ARIMA,162,2109540.272531949,19.731116135490755
fog_MC,total_liabilities_GA,ARIMA,163,70719.94620295614,0.9035416888591613
fog_MC,total_liabilities_GA,ARIMA,166,23062.001873718786,72.44228852646826
fog_MC,total_liabilities_GA,ARIMA,168,83389.02959267284,140.54998490898313
fog_MC,total_liabilities_GA,ARIMA,169,80487.33983982416,200.0
fog_MC,total_liabilities_GA,ARIMA,170,12613.7353154465,87.94268235444773
fog_MC,total_liabilities_GA,ARIMA,171,36428.95879423591,50.86033503840217
fog_MC,total_liabilities_GA,ARIMA,172,514653.66008806846,68.34502747519265
fog_MC,total_liabilities_GA,ARIMA,173,2364.2123358052504,200.0
fog_MC,total_liabilities_GA,ARIMA,174,42139.29955403146,43.54463750980174
fog_MC,total_liabilities_GA,ARIMA,175,25239207.454564992,187.8746543559588
fog_MC,total_liabilities_GA,ARIMA,176,484268.0,98.25989562620221
fog_MC,total_liabilities_GA,ARIMA,177,563.9997705627269,77.26025468419694
fog_MC,total_liabilities_GA,ARIMA,178,2364675.329003893,8.514413469619083
fog_MC,total_liabilities_GA,ARIMA,180,921622.7757587954,4.709350458806415
fog_MC,total_liabilities_GA,ARIMA,181,1607101.8709608093,8.065000616541024
fog_MC,total_liabilities_GA,ARIMA,182,5002196.163601615,13.227269405223542
fog_MC,total_liabilities_GA,ARIMA,186,4242339.90048088,117.22477413688812
fog_MC,total_liabilities_GA,ARIMA,187,138391.68994483666,29.427205963431202
fog_MC,total_liabilities_GA,ARIMA,188,26416.355026099132,3.380956656837896
fog_MC,total_liabilities_GA,ARIMA,189,655773.6475694254,75.68905776687761
fog_MC,total_liabilities_GA,ARIMA,190,0.0,0.0
fog_MC,total_liabilities_GA,ARIMA,192,756541.9860251788,8.651813348265405
fog_MC,total_liabilities_GA,ARIMA,193,2275897.9553552717,27.884082309509033
fog_MC,total_liabilities_GA,ARIMA,196,4767472.320623126,26.825516453280603
fog_MC,total_liabilities_GA,ARIMA,198,38058.98126993003,116.48625100911126
fog_MC,total_liabilities_GA,ARIMA,199,884360.306991592,1.9675463183873814
fog_MC,total_liabilities_GA,ARIMA,200,2.0328902175809164e-10,200.0
fog_MC,total_liabilities_GA,ARIMA,202,431365.95306683937,31.95698731369373
fog_MC,total_liabilities_GA,ARIMA,204,42315.52980721276,3.1570242930943606
fog_MC,total_liabilities_GA,ARIMA,206,206792.572716663,200.0
fog_MC,total_liabilities_GA,ARIMA,207,271707.0,200.0
fog_MC,total_liabilities_GA,ARIMA,209,317.0000510167531,109.12223024167385
fog_MC,total_liabilities_GA,ARIMA,212,4064995.0,124.15881535545583
fog_MC,total_liabilities_GA,ARIMA,213,128.0,6.023529411764706
fog_MC,total_liabilities_GA,ARIMA,214,385399.5750386962,200.0
fog_MC,total_liabilities_GA,ARIMA,216,58911.72995640716,59.30484097762717
fog_MC,total_liabilities_GA,ARIMA,217,11337.964965582214,9.517542873046704
fog_MC,total_liabilities_GA,ARIMA,218,14697249.262668055,144.10724245905925
fog_MC,total_liabilities_GA,ARIMA,221,3.3863897291776084,0.09365810500701048
fog_MC,total_liabilities_GA,ARIMA,223,25214398.187130347,24.851524941224685
fog_MC,total_liabilities_GA,ARIMA,226,480334.7911677584,2.7837912906706848
fog_MC,total_liabilities_GA,ARIMA,228,219509.74936223903,23.613885400765533
fog_MC,total_liabilities_GA,ARIMA,229,84916336.9067787,11.933648733938824
fog_MC,total_liabilities_GA,ARIMA,230,51142.16215975196,200.0
fog_MC,total_liabilities_GA,ARIMA,231,228789.29924647813,51.91148347792356
fog_MC,total_liabilities_GA,ARIMA,234,166113.0,29.96766235347709
fog_MC,total_liabilities_GA,ARIMA,235,1418036.772662431,0.941109239725323
fog_MC,total_liabilities_GA,ARIMA,236,4451437.714131989,9.970339037891703
fog_MC,total_liabilities_GA,ARIMA,237,293290.10084303934,66.7762872484781
fog_MC,total_liabilities_GA,ARIMA,239,5227982.569829285,10.864120879878595
fog_MC,total_liabilities_GA,ARIMA,241,50000.0,200.0
fog_MC,total_liabilities_GA,ARIMA,242,7667859.0,38.533638442141985
fog_MC,total_liabilities_GA,ARIMA,244,15253925.562660366,10.784171212810465
fog_MC,total_liabilities_GA,ARIMA,245,471900.7257302692,84.10767707472256
fog_MC,total_liabilities_GA,ARIMA,246,1129053.808042227,77.86809421101155
fog_MC,total_liabilities_GA,ARIMA,247,6780778.66528035,21.785906313211985
fog_MC,total_liabilities_GA,ARIMA,248,918906.2376895067,76.25131707264754
fog_MC,total_liabilities_GA,ARIMA,249,0.0,0.0
fog_MC,total_liabilities_GA,ARIMA,250,95379.6594258406,19.239241116150374
fog_MC,total_liabilities_GA,ARIMA,251,803009.9747988004,59.37020911508457
fog_MC,total_liabilities_GA,ARIMA,253,44.0,200.0
fog_MC,total_liabilities_GA,ARIMA,254,1919031.4512345274,60.96353901992811
fog_MC,total_liabilities_GA,ARIMA,255,3377993.4634544323,136.0298726126087
fog_MC,total_liabilities_GA,ARIMA,256,2325716.0178480707,11.200745768168696
fog_MC,total_liabilities_GA,ARIMA,257,17414026.90621686,15.529947019230725
fog_MC,total_liabilities_GA,ARIMA,259,6576875.0,19.97405874103608
fog_MC,total_liabilities_GA,ARIMA,261,383444.0227460824,1.2841516061305984
fog_MC,total_liabilities_GA,ARIMA,262,1554584.8387673497,2.2235695399725883
fog_MC,total_liabilities_GA,ARIMA,263,32545.98520623194,5.798994295647424
fog_MC,total_liabilities_GA,ARIMA,264,16258.714266413008,55.295435119044036
fog_MC,total_liabilities_GA,ARIMA,265,4320171.679967605,10.984875374523027
fog_MC,total_liabilities_GA,ARIMA,266,51018.701175407274,48.403163894110335
fog_MC,total_liabilities_GA,ARIMA,267,587673.5698462023,114.0319301889637
fog_MC,total_liabilities_GA,ARIMA,269,10482724.754554212,17.59029115304101
fog_MC,total_liabilities_GA,ARIMA,270,38894034.12108958,5.7909597353281645
fog_MC,total_liabilities_GA,ARIMA,272,4452880.828380941,199.98525363505448
fog_MC,total_liabilities_GA,ARIMA,273,6794.0,200.0
fog_MC,total_liabilities_GA,ARIMA,274,438243.4178330534,200.0
fog_MC,total_liabilities_GA,STL-LSTM (full),1,6978935.223611444,5.0464498186804185
fog_MC,total_liabilities_GA,STL-LSTM (full),4,204961.77881722152,0.4505707516761809
fog_MC,total_liabilities_GA,STL-LSTM (full),5,9937.849865153432,199.99395723169678
fog_MC,total_liabilities_GA,STL-LSTM (full),7,898695.2265041322,15.939539188467473
fog_MC,total_liabilities_GA,STL-LSTM (full),8,46439.230183169246,196.0734004061124
fog_MC,total_liabilities_GA,STL-LSTM (full),9,538181.2362301648,86.94441283980713
fog_MC,total_liabilities_GA,STL-LSTM (full),11,87020.29745712876,71.97342597727621
fog_MC,total_liabilities_GA,STL-LSTM (full),13,8599186.213978723,14.992011287644956
fog_MC,total_liabilities_GA,STL-LSTM (full),14,533938.8265195191,197.53447730687344
fog_MC,total_liabilities_GA,STL-LSTM (full),15,94023.26702994108,16.35105828647283
fog_MC,total_liabilities_GA,STL-LSTM (full),16,291471.2792696059,15.31826413446179
fog_MC,total_liabilities_GA,STL-LSTM (full),17,408229.2385340929,16.682466688532713
fog_MC,total_liabilities_GA,STL-LSTM (full),18,88411.22640919685,3.0472931549395255
fog_MC,total_liabilities_GA,STL-LSTM (full),19,1270.7443736493587,52.0662907629528
fog_MC,total_liabilities_GA,STL-LSTM (full),21,128529.24895870686,14.32983468926898
fog_MC,total_liabilities_GA,STL-LSTM (full),22,971703.2295225412,28.410750114079836
fog_MC,total_liabilities_GA,STL-LSTM (full),26,35185.262009203434,29.29575210582545
fog_MC,total_liabilities_GA,STL-LSTM (full),27,11276470.254347324,3.0442492961252245
fog_MC,total_liabilities_GA,STL-LSTM (full),28,3663430.26504007,4.775558502274346
fog_MC,total_liabilities_GA,STL-LSTM (full),29,106880.74828463793,0.1894034022362704
fog_MC,total_liabilities_GA,STL-LSTM (full),30,32855514.28769493,11.439531794252346
fog_MC,total_liabilities_GA,STL-LSTM (full),32,3383303.2303670943,3.072539332212538
fog_MC,total_liabilities_GA,STL-LSTM (full),33,4161992.208014801,7.8232755211449705
fog_MC,total_liabilities_GA,STL-LSTM (full),36,67111.22993519902,17.891432172765825
fog_MC,total_liabilities_GA,STL-LSTM (full),37,8503446.291533351,18.047145135675503
fog_MC,total_liabilities_GA,STL-LSTM (full),39,4410220.214401916,7.175069655645207
fog_MC,total_liabilities_GA,STL-LSTM (full),40,1307041.2487274855,4.299542903866728
fog_MC,total_liabilities_GA,STL-LSTM (full),41,5714971.229868501,14.075250148049395
fog_MC,total_liabilities_GA,STL-LSTM (full),43,8902435.208642393,36.25221033025364
fog_MC,total_liabilities_GA,STL-LSTM (full),45,489530000.0335007,0.8998755913830435
fog_MC,total_liabilities_GA,STL-LSTM (full),46,200428.29415467381,6.592341742278219
fog_MC,total_liabilities_GA,STL-LSTM (full),47,126959.21186323464,16.548070237670977
fog_MC,total_liabilities_GA,STL-LSTM (full),49,255743.25309708714,5.181668556323916
fog_MC,total_liabilities_GA,STL-LSTM (full),50,115000.29236000776,4.231841257549293
fog_MC,total_liabilities_GA,STL-LSTM (full),53,90272.25210008025,9.771838036661018
fog_MC,total_liabilities_GA,STL-LSTM (full),55,131234.23440608382,23.25927995588627
fog_MC,total_liabilities_GA,STL-LSTM (full),56,977896.2134924233,22.733862573041712
fog_MC,total_liabilities_GA,STL-LSTM (full),57,882912.7902099192,2.6632235418804533
fog_MC,total_liabilities_GA,STL-LSTM (full),65,3884.041029226035,26.336015910593208
fog_MC,total_liabilities_GA,STL-LSTM (full),67,17778.1901691854,50.9168912678048
fog_MC,total_liabilities_GA,STL-LSTM (full),69,0.15941354632377625,200.0
fog_MC,total_liabilities_GA,STL-LSTM (full),70,255550.2241421938,3.603466207239805
fog_MC,total_liabilities_GA,STL-LSTM (full),71,539968.7481505275,164.38074050364736
fog_MC,total_liabilities_GA,STL-LSTM (full),72,12186.689330339432,155.40965280901608
fog_MC,total_liabilities_GA,STL-LSTM (full),74,71617.78856754303,14.899200056725789
fog_MC,total_liabilities_GA,STL-LSTM (full),75,6406.208886146545,200.0
fog_MC,total_liabilities_GA,STL-LSTM (full),76,238282.23222355545,54.17880327406881
fog_MC,total_liabilities_GA,STL-LSTM (full),78,635798.3063024879,17.991145852017308
fog_MC,total_liabilities_GA,STL-LSTM (full),79,16813.296097010374,3.8541951479957572
fog_MC,total_liabilities_GA,STL-LSTM (full),80,15000.309057354927,66.66758238587363
fog_MC,total_liabilities_GA,STL-LSTM (full),81,8923.25295600295,4.077176714302312
fog_MC,total_liabilities_GA,STL-LSTM (full),82,255.85611072182655,199.77529929981318
fog_MC,total_liabilities_GA,STL-LSTM (full),83,615.1751810610294,200.0
fog_MC,total_liabilities_GA,STL-LSTM (full),84,156944.20704254508,55.75181589227751
fog_MC,total_liabilities_GA,STL-LSTM (full),85,0.2571055591106415,200.0
fog_MC,total_liabilities_GA,STL-LSTM (full),86,7431233.785747483,31.920680748431806
fog_MC,total_liabilities_GA,STL-LSTM (full),87,373021.2022355497,39.7760895300293
fog_MC,total_liabilities_GA,STL-LSTM (full),88,3799.673729777336,62.21667320350808
fog_MC,total_liabilities_GA,STL-LSTM (full),89,0.19591477513313293,200.0
fog_MC,total_liabilities_GA,STL-LSTM (full),90,205968.70504069328,195.99706528835569
fog_MC,total_liabilities_GA,STL-LSTM (full),92,73401.21631555259,37.007286027601225
fog_MC,total_liabilities_GA,STL-LSTM (full),93,2938.300852358341,3.4393385133121392
fog_MC,total_liabilities_GA,STL-LSTM (full),95,2822004.2510143816,116.91504258889782
fog_MC,total_liabilities_GA,STL-LSTM (full),96,1127237.7075761259,121.8487631139461
fog_MC,total_liabilities_GA,STL-LSTM (full),97,905534.2423102558,8.805583390796855
fog_MC,total_liabilities_GA,STL-LSTM (full),99,373621.3056398034,199.5716078631219
fog_MC,total_liabilities_GA,STL-LSTM (full),101,2994.254674077034,13.958495640026406
fog_MC,total_liabilities_GA,STL-LSTM (full),103,1017.7639738023281,20.93682916275324
fog_MC,total_liabilities_GA,STL-LSTM (full),104,65536.74901485443,46.75798299608565
fog_MC,total_liabilities_GA,STL-LSTM (full),105,125124.29858997464,19.309002910850324
fog_MC,total_liabilities_GA,STL-LSTM (full),107,0.32145220041275024,200.0
fog_MC,total_liabilities_GA,STL-LSTM (full),108,138330.2317263782,77.52801828205742
fog_MC,total_liabilities_GA,STL-LSTM (full),110,834443.7034912109,192.94203194711704
fog_MC,total_liabilities_GA,STL-LSTM (full),111,9950.29884582758,66.66800153137102
fog_MC,total_liabilities_GA,STL-LSTM (full),113,2976314.212472528,4.439554070239475
fog_MC,total_liabilities_GA,STL-LSTM (full),115,2193287.787216753,4.631794531852188
fog_MC,total_liabilities_GA,STL-LSTM (full),116,13515948.21043107,7.821138126939384
fog_MC,total_liabilities_GA,STL-LSTM (full),117,2583249.766033113,1.4911427666011252
fog_MC,total_liabilities_GA,STL-LSTM (full),118,55317.71738642454,17.84625902301179
fog_MC,total_liabilities_GA,STL-LSTM (full),119,924424.7800387591,8.05520553211179
fog_MC,total_liabilities_GA,STL-LSTM (full),120,975692.2508499026,2.5156689044393414
fog_MC,total_liabilities_GA,STL-LSTM (full),121,150126.2353760004,60.23937647722574
fog_MC,total_liabilities_GA,STL-LSTM (full),123,805141.7704349011,173.82345900018424
fog_MC,total_liabilities_GA,STL-LSTM (full),124,13262.803238153458,78.4243034834262
fog_MC,total_liabilities_GA,STL-LSTM (full),128,282969.2897800803,0.26462735729639025
fog_MC,total_liabilities_GA,STL-LSTM (full),129,56671.30035212636,64.02259915328314
fog_MC,total_liabilities_GA,STL-LSTM (full),130,13757677.229451776,3.2465433317877004
fog_MC,total_liabilities_GA,STL-LSTM (full),131,167406.23006801307,56.97342853371844
fog_MC,total_liabilities_GA,STL-LSTM (full),132,1267772.2292936742,6.7908058760678625
fog_MC,total_liabilities_GA,STL-LSTM (full),134,136124.78603811562,1.2822749073294182
fog_MC,total_liabilities_GA,STL-LSTM (full),137,1085002.2332634032,2.9219462240075917
fog_MC,total_liabilities_GA,STL-LSTM (full),139,242.25783130526543,9.496103071031623
fog_MC,total_liabilities_GA,STL-LSTM (full),140,583268.7641785443,38.805456901560895
fog_MC,total_liabilities_GA,STL-LSTM (full),141,3056.237659215927,38.666393118580096
fog_MC,total_liabilities_GA,STL-LSTM (full),142,3695.753543138504,72.2797667497788
fog_MC,total_liabilities_GA,STL-LSTM (full),144,117543.28599792719,19.15631727884707
fog_MC,total_liabilities_GA,STL-LSTM (full),145,42008.256778240204,4.530036433983512
fog_MC,total_liabilities_GA,STL-LSTM (full),146,1648252.696825087,2.87842364744108
fog_MC,total_liabilities_GA,STL-LSTM (full),147,9337.289220154285,31.496327177113752
fog_MC,total_liabilities_GA,STL-LSTM (full),148,99.83214423060417,13.031489187648088
fog_MC,total_liabilities_GA,STL-LSTM (full),149,96649.76733927429,60.71647341255949
fog_MC,total_liabilities_GA,STL-LSTM (full),150,28212.232365220785,32.34156592757847
fog_MC,total_liabilities_GA,STL-LSTM (full),151,272005.7854604274,9.631083347438024
fog_MC,total_liabilities_GA,STL-LSTM (full),152,532691.7870437205,15.253798283133992
fog_MC,total_liabilities_GA,STL-LSTM (full),153,256889.2606560588,79.85053629822539
fog_MC,total_liabilities_GA,STL-LSTM (full),154,14709.215790107846,36.096582396546715
fog_MC,total_liabilities_GA,STL-LSTM (full),155,103067.30740940571,47.51317140808939
fog_MC,total_liabilities_GA,STL-LSTM (full),156,18530.295485764742,97.98609654847115
fog_MC,total_liabilities_GA,STL-LSTM (full),157,137381.2074226886,67.28712755614966
fog_MC,total_liabilities_GA,STL-LSTM (full),160,52323878.22532576,37.24486351951912
fog_MC,total_liabilities_GA,STL-LSTM (full),162,547412.7471175492,5.846576227610295
fog_MC,total_liabilities_GA,STL-LSTM (full),163,70719.79430565238,0.9035397394009419
fog_MC,total_liabilities_GA,STL-LSTM (full),166,23061.96982035041,72.44215137099636
fog_MC,total_liabilities_GA,STL-LSTM (full),168,83389.23047432303,140.5500855519403
fog_MC,total_liabilities_GA,STL-LSTM (full),169,4973.224629163742,170.04731206141963
fog_MC,total_liabilities_GA,STL-LSTM (full),170,5757.748777836561,32.39946024716714
fog_MC,total_liabilities_GA,STL-LSTM (full),171,6420.236952021718,11.338944063321238
fog_MC,total_liabilities_GA,STL-LSTM (full),172,360069.2137966603,53.28591159270014
fog_MC,total_liabilities_GA,STL-LSTM (full),173,0.22407563030719757,200.0
fog_MC,total_liabilities_GA,STL-LSTM (full),174,54652.26860514283,53.045450663151705
fog_MC,total_liabilities_GA,STL-LSTM (full),175,1784143.2590126991,6.621243598827414
fog_MC,total_liabilities_GA,STL-LSTM (full),176,484268.22603431344,98.25991895685995
fog_MC,total_liabilities_GA,STL-LSTM (full),177,564.253700196743,77.28159841275799
fog_MC,total_liabilities_GA,STL-LSTM (full),178,2364676.210399553,8.514416508125867
fog_MC,total_liabilities_GA,STL-LSTM (full),180,921624.2608931661,4.709357868922283
fog_MC,total_liabilities_GA,STL-LSTM (full),181,4770744.765673727,26.00563184899722
fog_MC,total_liabilities_GA,STL-LSTM (full),182,5002192.226753637,13.22725968353686
fog_MC,total_liabilities_GA,STL-LSTM (full),186,5134207.247075677,126.30547621973712
fog_MC,total_liabilities_GA,STL-LSTM (full),187,16325.212965086102,3.989040655307108
fog_MC,total_liabilities_GA,STL-LSTM (full),188,102173.7969981879,13.743213461676824
fog_MC,total_liabilities_GA,STL-LSTM (full),189,119528.23127305508,19.978573343427783
fog_MC,total_liabilities_GA,STL-LSTM (full),190,3427.2064357697964,200.0
fog_MC,total_liabilities_GA,STL-LSTM (full),192,875235.7508455515,10.077590806775023
fog_MC,total_liabilities_GA,STL-LSTM (full),193,668400.2211426198,9.083686919748672
fog_MC,total_liabilities_GA,STL-LSTM (full),196,12526818.706033677,90.16976969520742
fog_MC,total_liabilities_GA,STL-LSTM (full),198,11031.252946525812,19.279466182821444
fog_MC,total_liabilities_GA,STL-LSTM (full),199,884356.214479968,1.9675373028413015
fog_MC,total_liabilities_GA,STL-LSTM (full),200,0.16149717569351196,200.0
fog_MC,total_liabilities_GA,STL-LSTM (full),202,431366.3079574108,31.95700940415751
fog_MC,total_liabilities_GA,STL-LSTM (full),204,42315.78500159085,3.157043632856675
fog_MC,total_liabilities_GA,STL-LSTM (full),206,4418.301542550325,9.763306718275265
fog_MC,total_liabilities_GA,STL-LSTM (full),207,38729.22541809082,13.305737738432253
fog_MC,total_liabilities_GA,STL-LSTM (full),209,316.71234834194183,108.96923319755898
fog_MC,total_liabilities_GA,STL-LSTM (full),212,4064994.6913888156,124.1588000777893
fog_MC,total_liabilities_GA,STL-LSTM (full),213,127.67043194174767,6.0075544683031925
fog_MC,total_liabilities_GA,STL-LSTM (full),214,94836.71428480744,41.77614552760989
fog_MC,total_liabilities_GA,STL-LSTM (full),216,4881.2247813642025,3.7194928131924083
fog_MC,total_liabilities_GA,STL-LSTM (full),217,11337.762409299612,9.517364747800944
fog_MC,total_liabilities_GA,STL-LSTM (full),218,1341690.2282627523,38.10485357692251
fog_MC,total_liabilities_GA,STL-LSTM (full),221,565.7454736232758,16.983604315428554
fog_MC,total_liabilities_GA,STL-LSTM (full),223,2205417.230475113,1.9149221498218671
fog_MC,total_liabilities_GA,STL-LSTM (full),226,480335.23251876235,2.783793812927771
fog_MC,total_liabilities_GA,STL-LSTM (full),228,219509.78870423138,23.613890132700508
fog_MC,total_liabilities_GA,STL-LSTM (full),229,19390923.23234749,2.8566142477392553
fog_MC,total_liabilities_GA,STL-LSTM (full),230,0.302912175655365,200.0
fog_MC,total_liabilities_GA,STL-LSTM (full),231,15861.287034362555,4.745114354998702
fog_MC,total_liabilities_GA,STL-LSTM (full),234,166113.2170341462,29.96769564079144
fog_MC,total_liabilities_GA,STL-LSTM (full),235,8650733.212415487,5.606673106272294
fog_MC,total_liabilities_GA,STL-LSTM (full),236,4451433.213521674,9.970329459944107
fog_MC,total_liabilities_GA,STL-LSTM (full),237,324701.79349569976,76.6697396577967
fog_MC,total_liabilities_GA,STL-LSTM (full),239,5227981.696495831,10.86411896644566
fog_MC,total_liabilities_GA,STL-LSTM (full),241,49999.80810251832,199.9984648260385
fog_MC,total_liabilities_GA,STL-LSTM (full),242,7667858.771760076,38.53363707417017
fog_MC,total_liabilities_GA,STL-LSTM (full),244,15253913.234776556,10.784162967231186
fog_MC,total_liabilities_GA,STL-LSTM (full),245,145682.3003475666,36.607442336323295
fog_MC,total_liabilities_GA,STL-LSTM (full),246,1268758.2181820124,83.48141951464243
fog_MC,total_liabilities_GA,STL-LSTM (full),247,6780768.2341609895,21.785876449822297
fog_MC,total_liabilities_GA,STL-LSTM (full),248,918906.2143867314,76.25131587619799
fog_MC,total_liabilities_GA,STL-LSTM (full),249,0.1463945209980011,200.0
fog_MC,total_liabilities_GA,STL-LSTM (full),250,217279.23302407563,39.029466665956896
fog_MC,total_liabilities_GA,STL-LSTM (full),251,467470.2882120609,39.45638979766014
fog_MC,total_liabilities_GA,STL-LSTM (full),253,43.71543166041374,197.42963880867836
fog_MC,total_liabilities_GA,STL-LSTM (full),254,638662.2932369411,25.46855645306694
fog_MC,total_liabilities_GA,STL-LSTM (full),255,718013.2071624696,15.845715677453839
fog_MC,total_liabilities_GA,STL-LSTM (full),256,563713.2609885335,2.538259501757954
fog_MC,total_liabilities_GA,STL-LSTM (full),257,17414030.255704165,15.529949774378956
fog_MC,total_liabilities_GA,STL-LSTM (full),259,6576875.210497618,19.974059316474712
fog_MC,total_liabilities_GA,STL-LSTM (full),261,383447.2624053061,1.2841623860656115
fog_MC,total_liabilities_GA,STL-LSTM (full),262,1554586.255726695,2.2235715441594572
fog_MC,total_liabilities_GA,STL-LSTM (full),263,32546.30271178484,5.799049227967274
fog_MC,total_liabilities_GA,STL-LSTM (full),264,1237.3021373152733,5.651677969173147
fog_MC,total_liabilities_GA,STL-LSTM (full),265,4320173.785337329,10.984881021861804
fog_MC,total_liabilities_GA,STL-LSTM (full),266,46635.70419293642,43.34368705431707
fog_MC,total_liabilities_GA,STL-LSTM (full),267,65630.24869389832,25.80443136738861
fog_MC,total_liabilities_GA,STL-LSTM (full),269,4436040.233367488,7.841618393925244
fog_MC,total_liabilities_GA,STL-LSTM (full),270,38894000.74373126,5.790954621857114
fog_MC,total_liabilities_GA,STL-LSTM (full),272,685042.2382165492,14.284908626052504
fog_MC,total_liabilities_GA,STL-LSTM (full),273,6793.82279497385,199.98956724143028
fog_MC,total_liabilities_GA,STL-LSTM (full),274,50209.22755341232,11.56011350793022
fog_MC,total_liabilities_GA,MTL-LSTM (full),1,6978935.256334037,5.046449841745004
fog_MC,total_liabilities_GA,MTL-LSTM (full),4,204961.9651228711,0.45057116215754245
fog_MC,total_liabilities_GA,MTL-LSTM (full),5,9937.977373544127,199.99908929747
fog_MC,total_liabilities_GA,MTL-LSTM (full),7,898694.9818951394,15.939535195771287
fog_MC,total_liabilities_GA,MTL-LSTM (full),8,46439.15755811334,196.0733943859607
fog_MC,total_liabilities_GA,MTL-LSTM (full),9,538181.1785578281,86.94440757305682
fog_MC,total_liabilities_GA,MTL-LSTM (full),11,87020.19754324853,71.97337307824169
fog_MC,total_liabilities_GA,MTL-LSTM (full),13,8599186.26339224,14.99201136733587
fog_MC,total_liabilities_GA,MTL-LSTM (full),14,533938.8141768277,197.53446823063138
fog_MC,total_liabilities_GA,MTL-LSTM (full),15,94023.25861242414,16.351056942306645
fog_MC,total_liabilities_GA,MTL-LSTM (full),16,291471.052504994,15.318253129639192
fog_MC,total_liabilities_GA,MTL-LSTM (full),17,408228.9945099442,16.68245754817912
fog_MC,total_liabilities_GA,MTL-LSTM (full),18,88411.0830367282,3.0472882885759436
fog_MC,total_liabilities_GA,MTL-LSTM (full),19,1270.828490614891,52.07063460775546
fog_MC,total_liabilities_GA,MTL-LSTM (full),21,128529.03274261206,14.329812310334214
fog_MC,total_liabilities_GA,MTL-LSTM (full),22,971703.0578231215,28.410745807049086
fog_MC,total_liabilities_GA,MTL-LSTM (full),26,35185.14809811115,29.29567115441543
fog_MC,total_liabilities_GA,MTL-LSTM (full),27,11276469.967874587,3.044249219964862
fog_MC,total_liabilities_GA,MTL-LSTM (full),28,3663429.921161905,4.7755580647068685
fog_MC,total_liabilities_GA,MTL-LSTM (full),29,106880.8948462978,0.18940366220418794
fog_MC,total_liabilities_GA,MTL-LSTM (full),30,32855514.317587018,11.439531804064783
fog_MC,total_liabilities_GA,MTL-LSTM (full),32,3383303.208886236,3.072539313004436
fog_MC,total_liabilities_GA,MTL-LSTM (full),33,4161992.1112210155,7.823275346319128
fog_MC,total_liabilities_GA,MTL-LSTM (full),36,67111.07550673932,17.891394686021805
fog_MC,total_liabilities_GA,MTL-LSTM (full),37,8503446.15032357,18.047144863024442
fog_MC,total_liabilities_GA,MTL-LSTM (full),39,4410220.100300968,7.17506947667189
fog_MC,total_liabilities_GA,MTL-LSTM (full),40,1307041.1522016823,4.2995425931688676
fog_MC,total_liabilities_GA,MTL-LSTM (full),41,5714971.132783651,14.07524992576921
fog_MC,total_liabilities_GA,MTL-LSTM (full),43,8902435.054705124,36.25220981702025
fog_MC,total_liabilities_GA,MTL-LSTM (full),45,489530000.08675385,0.8998755914804955
fog_MC,total_liabilities_GA,MTL-LSTM (full),46,200428.15572164953,6.592337339122241
fog_MC,total_liabilities_GA,MTL-LSTM (full),47,126959.35788443685,16.548087695542982
fog_MC,total_liabilities_GA,MTL-LSTM (full),49,255743.06420260668,5.181664828249739
fog_MC,total_liabilities_GA,MTL-LSTM (full),50,115000.06433779746,4.231833044212084
fog_MC,total_liabilities_GA,MTL-LSTM (full),53,90271.9895118624,9.771811000682279
fog_MC,total_liabilities_GA,MTL-LSTM (full),55,131234.08092802018,23.25925591767661
fog_MC,total_liabilities_GA,MTL-LSTM (full),56,977896.0204166826,22.733858594682705
fog_MC,total_liabilities_GA,MTL-LSTM (full),57,882912.7927610874,2.663223549678285
fog_MC,total_liabilities_GA,MTL-LSTM (full),65,3884.281876772642,26.33743393828486
fog_MC,total_liabilities_GA,MTL-LSTM (full),67,17778.17291638255,50.91685443519061
fog_MC,total_liabilities_GA,MTL-LSTM (full),69,0.12603604793548584,200.0
fog_MC,total_liabilities_GA,MTL-LSTM (full),70,255550.1436714828,3.6034650929815726
fog_MC,total_liabilities_GA,MTL-LSTM (full),71,539969.0230917986,164.38089299592252
fog_MC,total_liabilities_GA,MTL-LSTM (full),72,12187.225514605641,155.4218040431024
fog_MC,total_liabilities_GA,MTL-LSTM (full),74,71618.0138573777,14.899250417053352
fog_MC,total_liabilities_GA,MTL-LSTM (full),75,6406.192154973745,200.0
fog_MC,total_liabilities_GA,MTL-LSTM (full),76,238282.05553476885,54.17877398284712
fog_MC,total_liabilities_GA,MTL-LSTM (full),78,635798.1016483307,17.991140581872347
fog_MC,total_liabilities_GA,MTL-LSTM (full),79,16812.88971211016,3.854103785567828
fog_MC,total_liabilities_GA,MTL-LSTM (full),80,15000.141076892614,66.66708467096394
fog_MC,total_liabilities_GA,MTL-LSTM (full),81,8923.274724513292,4.0771864579159445
fog_MC,total_liabilities_GA,MTL-LSTM (full),82,255.72224128246307,199.56647237914538
fog_MC,total_liabilities_GA,MTL-LSTM (full),83,615.2505806982517,200.0
fog_MC,total_liabilities_GA,MTL-LSTM (full),84,156944.09958375245,55.75178836038116
fog_MC,total_liabilities_GA,MTL-LSTM (full),85,0.0005200862651690841,200.0
fog_MC,total_liabilities_GA,MTL-LSTM (full),86,7431233.797421411,31.920680806580197
fog_MC,total_liabilities_GA,MTL-LSTM (full),87,373021.06884253025,39.7760781349059
fog_MC,total_liabilities_GA,MTL-LSTM (full),88,3799.8813308626413,62.22113005114619
fog_MC,total_liabilities_GA,MTL-LSTM (full),89,0.12183080613613129,200.0
fog_MC,total_liabilities_GA,MTL-LSTM (full),90,205968.72154548764,195.99709638549604
fog_MC,total_liabilities_GA,MTL-LSTM (full),92,73400.96027191356,37.00718082258515
fog_MC,total_liabilities_GA,MTL-LSTM (full),93,2938.0725841894746,3.439075915437758
fog_MC,total_liabilities_GA,MTL-LSTM (full),95,2822004.1938069314,116.91504160430257
fog_MC,total_liabilities_GA,MTL-LSTM (full),96,1127237.951158069,121.84880548532658
fog_MC,total_liabilities_GA,MTL-LSTM (full),97,905534.0853726715,8.80558193189716
fog_MC,total_liabilities_GA,MTL-LSTM (full),99,373620.9916881444,199.5716075039174
fog_MC,total_liabilities_GA,MTL-LSTM (full),101,2994.0161598734558,13.957461340354346
fog_MC,total_liabilities_GA,MTL-LSTM (full),103,1018.096783451736,20.94439248723993
fog_MC,total_liabilities_GA,MTL-LSTM (full),104,65536.97110689245,46.75817849548346
fog_MC,total_liabilities_GA,MTL-LSTM (full),105,125124.15380229056,19.308982724566242
fog_MC,total_liabilities_GA,MTL-LSTM (full),107,0.12395553290843964,200.0
fog_MC,total_liabilities_GA,MTL-LSTM (full),108,138330.08528733253,77.52796802403495
fog_MC,total_liabilities_GA,MTL-LSTM (full),110,834443.960846778,192.94214885989865
fog_MC,total_liabilities_GA,MTL-LSTM (full),111,9950.03329642117,66.66681539423352
fog_MC,total_liabilities_GA,MTL-LSTM (full),113,2976314.221998781,4.43955408413368
fog_MC,total_liabilities_GA,MTL-LSTM (full),115,2193287.884776354,4.63179474265034
fog_MC,total_liabilities_GA,MTL-LSTM (full),116,13515948.219152391,7.82113813178871
fog_MC,total_liabilities_GA,MTL-LSTM (full),117,2583249.8508663177,1.491142815934936
fog_MC,total_liabilities_GA,MTL-LSTM (full),118,55317.75648538768,17.84627276242926
fog_MC,total_liabilities_GA,MTL-LSTM (full),119,924424.5981097817,8.055203882979434
fog_MC,total_liabilities_GA,MTL-LSTM (full),120,975692.120766297,2.515668573258016
fog_MC,total_liabilities_GA,MTL-LSTM (full),121,150126.08854289353,60.23933530514424
fog_MC,total_liabilities_GA,MTL-LSTM (full),123,805141.924594894,173.8235212079122
fog_MC,total_liabilities_GA,MTL-LSTM (full),124,13262.683226525784,78.42331558049318
fog_MC,total_liabilities_GA,MTL-LSTM (full),128,282969.032468915,0.2646271169823995
fog_MC,total_liabilities_GA,MTL-LSTM (full),129,56671.27682381868,64.02258108164126
fog_MC,total_liabilities_GA,MTL-LSTM (full),130,13757677.125404418,3.2465433076331194
fog_MC,total_liabilities_GA,MTL-LSTM (full),131,167406.10305798054,56.97339762182608
fog_MC,total_liabilities_GA,MTL-LSTM (full),132,1267772.011342775,6.7908047482563
fog_MC,total_liabilities_GA,MTL-LSTM (full),134,136124.9561913684,1.2822765204236173
fog_MC,total_liabilities_GA,MTL-LSTM (full),137,1085002.0412721336,2.9219457145226677
fog_MC,total_liabilities_GA,MTL-LSTM (full),139,242.2608397603035,9.496215398179626
fog_MC,total_liabilities_GA,MTL-LSTM (full),140,583268.847637862,38.805463531555496
fog_MC,total_liabilities_GA,MTL-LSTM (full),141,3055.6506067216396,38.66040163390673
fog_MC,total_liabilities_GA,MTL-LSTM (full),142,3695.7592767477036,72.27991941054806
fog_MC,total_liabilities_GA,MTL-LSTM (full),144,117543.23890641332,19.156310339314643
fog_MC,total_liabilities_GA,MTL-LSTM (full),145,42008.065616473556,4.530016286623282
fog_MC,total_liabilities_GA,MTL-LSTM (full),146,1648252.9764457345,2.878424142784072
fog_MC,total_liabilities_GA,MTL-LSTM (full),147,9337.178921937943,31.4960137130387
fog_MC,total_liabilities_GA,MTL-LSTM (full),148,100.00816856883466,13.055966293946675
fog_MC,total_liabilities_GA,MTL-LSTM (full),149,96650.02105845138,60.7166811897374
fog_MC,total_liabilities_GA,MTL-LSTM (full),150,28212.059889364988,32.341400179791115
fog_MC,total_liabilities_GA,MTL-LSTM (full),151,272005.8342150152,9.631085156852977
fog_MC,total_liabilities_GA,MTL-LSTM (full),152,532691.8247640878,15.253799445649467
fog_MC,total_liabilities_GA,MTL-LSTM (full),153,256889.1226158291,79.85051052139607
fog_MC,total_liabilities_GA,MTL-LSTM (full),154,14709.113715544343,36.09637711370319
fog_MC,total_liabilities_GA,MTL-LSTM (full),155,103067.24494604766,47.51314945372761
fog_MC,total_liabilities_GA,MTL-LSTM (full),156,18530.07081089914,97.98549055415205
fog_MC,total_liabilities_GA,MTL-LSTM (full),157,137381.26263529062,67.28714550042271
fog_MC,total_liabilities_GA,MTL-LSTM (full),160,52323878.06696245,37.244863427786086
fog_MC,total_liabilities_GA,MTL-LSTM (full),162,547412.9205469266,5.846578134049811
fog_MC,total_liabilities_GA,MTL-LSTM (full),163,70719.91333210468,0.903541266992871
fog_MC,total_liabilities_GA,MTL-LSTM (full),166,23061.841799229383,72.44160357355688
fog_MC,total_liabilities_GA,MTL-LSTM (full),168,83388.92880328745,140.54993441274527
fog_MC,total_liabilities_GA,MTL-LSTM (full),169,4972.991983300075,170.04612068195212
fog_MC,total_liabilities_GA,MTL-LSTM (full),170,5757.79251947999,32.39974626019345
fog_MC,total_liabilities_GA,MTL-LSTM (full),171,6420.235212370753,11.338941165070533
fog_MC,total_liabilities_GA,MTL-LSTM (full),172,360069.05885689333,53.285894772499134
fog_MC,total_liabilities_GA,MTL-LSTM (full),173,0.11283531039953232,200.0
fog_MC,total_liabilities_GA,MTL-LSTM (full),174,54652.123729132116,53.04534734187284
fog_MC,total_liabilities_GA,MTL-LSTM (full),175,1784143.0828146413,6.621242966576118
fog_MC,total_liabilities_GA,MTL-LSTM (full),176,484268.08040858805,98.259903925763
fog_MC,total_liabilities_GA,MTL-LSTM (full),177,564.1482704728842,77.27273755427302
fog_MC,total_liabilities_GA,MTL-LSTM (full),178,2364676.2894926667,8.514416780789972
fog_MC,total_liabilities_GA,MTL-LSTM (full),180,921624.1991230249,4.7093575607185985
fog_MC,total_liabilities_GA,MTL-LSTM (full),181,4770744.888062157,26.005632602892213
fog_MC,total_liabilities_GA,MTL-LSTM (full),182,5002192.13759315,13.227259463363165
fog_MC,total_liabilities_GA,MTL-LSTM (full),186,5134207.149453253,126.30547533481796
fog_MC,total_liabilities_GA,MTL-LSTM (full),187,16325.202847868204,3.989038232487528
fog_MC,total_liabilities_GA,MTL-LSTM (full),188,102174.06605330855,13.743252138646353
fog_MC,total_liabilities_GA,MTL-LSTM (full),189,119527.82250717282,19.978511845147533
fog_MC,total_liabilities_GA,MTL-LSTM (full),190,3427.0984332636,200.0
fog_MC,total_liabilities_GA,MTL-LSTM (full),192,875235.6739721298,10.077589877043374
fog_MC,total_liabilities_GA,MTL-LSTM (full),193,668400.0442869589,9.083684625409678
fog_MC,total_liabilities_GA,MTL-LSTM (full),196,12526818.814749539,90.16977083057178
fog_MC,total_liabilities_GA,MTL-LSTM (full),198,11031.20319995284,19.279387621094184
fog_MC,total_liabilities_GA,MTL-LSTM (full),199,884356.1196860895,1.967537094016331
fog_MC,total_liabilities_GA,MTL-LSTM (full),200,0.09027145802974701,200.0
fog_MC,total_liabilities_GA,MTL-LSTM (full),202,431366.23376211524,31.957004785809062
fog_MC,total_liabilities_GA,MTL-LSTM (full),204,42315.800740361214,3.157044825610649
fog_MC,total_liabilities_GA,MTL-LSTM (full),206,4418.013619706035,9.762701539931076
fog_MC,total_liabilities_GA,MTL-LSTM (full),207,38729.20681849122,13.30573177351076
fog_MC,total_liabilities_GA,MTL-LSTM (full),209,316.8010307252407,109.01637734167227
fog_MC,total_liabilities_GA,MTL-LSTM (full),212,4064994.9079201967,124.15881079708385
fog_MC,total_liabilities_GA,MTL-LSTM (full),213,127.8886606246233,6.01813225172678
fog_MC,total_liabilities_GA,MTL-LSTM (full),214,94837.25453615189,41.77643322220004
fog_MC,total_liabilities_GA,MTL-LSTM (full),216,4880.957290265709,3.71929277548472
fog_MC,total_liabilities_GA,MTL-LSTM (full),217,11337.742770045996,9.51734747732397
fog_MC,total_liabilities_GA,MTL-LSTM (full),218,1341689.915379852,38.104846383861876
fog_MC,total_liabilities_GA,MTL-LSTM (full),221,565.8620201200247,16.9874001958218
fog_MC,total_liabilities_GA,MTL-LSTM (full),223,2205417.1530056,1.914922083200591
fog_MC,total_liabilities_GA,MTL-LSTM (full),226,480335.2206361741,2.7837937450205
fog_MC,total_liabilities_GA,MTL-LSTM (full),228,219509.83285543323,23.613895443072792
fog_MC,total_liabilities_GA,MTL-LSTM (full),229,19390922.987597704,2.8566142121984193
fog_MC,total_liabilities_GA,MTL-LSTM (full),230,0.33316153287887573,200.0
fog_MC,total_liabilities_GA,MTL-LSTM (full),231,15861.027061874047,4.745038425989486
fog_MC,total_liabilities_GA,MTL-LSTM (full),234,166113.3051637113,29.967709157538835
fog_MC,total_liabilities_GA,MTL-LSTM (full),235,8650733.287456632,5.6066731535442
fog_MC,total_liabilities_GA,MTL-LSTM (full),236,4451432.982236639,9.970328967736181
fog_MC,total_liabilities_GA,MTL-LSTM (full),237,324701.8384822458,76.66975435225702
fog_MC,total_liabilities_GA,MTL-LSTM (full),239,5227981.854207307,10.86411931198416
fog_MC,total_liabilities_GA,MTL-LSTM (full),241,49999.71720409393,199.99773764554715
fog_MC,total_liabilities_GA,MTL-LSTM (full),242,7667858.580326945,38.53363592680243
fog_MC,total_liabilities_GA,MTL-LSTM (full),244,15253913.031600982,10.784162831335975
fog_MC,total_liabilities_GA,MTL-LSTM (full),245,145682.32355076075,36.60744709967483
fog_MC,total_liabilities_GA,MTL-LSTM (full),246,1268757.96538309,83.48140982402606
fog_MC,total_liabilities_GA,MTL-LSTM (full),247,6780768.09653952,21.785876055823902
fog_MC,total_liabilities_GA,MTL-LSTM (full),248,918906.225941211,76.25131646944716
fog_MC,total_liabilities_GA,MTL-LSTM (full),249,0.30226173996925354,200.0
fog_MC,total_liabilities_GA,MTL-LSTM (full),250,217279.07364408672,39.029443623719914
fog_MC,total_liabilities_GA,MTL-LSTM (full),251,467469.96975644864,39.45636822144185
fog_MC,total_liabilities_GA,MTL-LSTM (full),253,43.78388610482216,198.04493089835822
fog_MC,total_liabilities_GA,MTL-LSTM (full),254,638662.0806006119,25.468549053365052
fog_MC,total_liabilities_GA,MTL-LSTM (full),255,718013.3249396682,15.845718070728113
fog_MC,total_liabilities_GA,MTL-LSTM (full),256,563712.9019824788,2.538257905759336
fog_MC,total_liabilities_GA,MTL-LSTM (full),257,17414030.206106037,15.52994973358161
fog_MC,total_liabilities_GA,MTL-LSTM (full),259,6576875.148493931,19.974059146974852
fog_MC,total_liabilities_GA,MTL-LSTM (full),261,383447.21559257805,1.284162230296716
fog_MC,total_liabilities_GA,MTL-LSTM (full),262,1554586.155789733,2.2235714028058284
fog_MC,total_liabilities_GA,MTL-LSTM (full),263,32546.200091078877,5.799031473341213
fog_MC,total_liabilities_GA,MTL-LSTM (full),264,1237.2125497162342,5.651280318949839
fog_MC,total_liabilities_GA,MTL-LSTM (full),265,4320173.862327516,10.984881228376448
fog_MC,total_liabilities_GA,MTL-LSTM (full),266,46636.21956065297,43.34426984909515
fog_MC,total_liabilities_GA,MTL-LSTM (full),267,65630.15095296502,25.804397895985705
fog_MC,total_liabilities_GA,MTL-LSTM (full),269,4436040.0610466525,7.841618101255817
fog_MC,total_liabilities_GA,MTL-LSTM (full),270,38894000.9205631,5.790954648948069
fog_MC,total_liabilities_GA,MTL-LSTM (full),272,685041.9988206504,14.28490399057973
fog_MC,total_liabilities_GA,MTL-LSTM (full),273,6794.07173191756,200.0
fog_MC,total_liabilities_GA,MTL-LSTM (full),274,50209.21154168248,11.560110034491363
fog_MC,tot_fnp,ARIMA,1,4946376.507582068,0.8752575483511122
fog_MC,tot_fnp,ARIMA,4,8206764.254731953,3.5763174268674223
fog_MC,tot_fnp,ARIMA,5,205784.0,200.0
fog_MC,tot_fnp,ARIMA,7,15511700.785590716,54.62765446332901
fog_MC,tot_fnp,ARIMA,8,0.0,0.0
fog_MC,tot_fnp,ARIMA,9,13289381.777272008,200.0
fog_MC,tot_fnp,ARIMA,11,0.0,0.0
fog_MC,tot_fnp,ARIMA,13,13328431.409214258,2.3820424150227026
fog_MC,tot_fnp,ARIMA,14,305716.0399597059,14.16978951716828
fog_MC,tot_fnp,ARIMA,15,13124836.846817054,29.42575594861308
fog_MC,tot_fnp,ARIMA,16,81845125.00000001,200.0
fog_MC,tot_fnp,ARIMA,17,105318.728370063,0.2834709497648638
fog_MC,tot_fnp,ARIMA,18,664991.0,1.4620111220098981
fog_MC,tot_fnp,ARIMA,19,64328.54568553995,1.2523190540641416
fog_MC,tot_fnp,ARIMA,21,372656.0748373121,0.6505964117809865
fog_MC,tot_fnp,ARIMA,22,37452.3502664417,0.07859415239141472
fog_MC,tot_fnp,ARIMA,26,0.0,0.0
fog_MC,tot_fnp,ARIMA,27,11526587.164251924,1.248829325108341
fog_MC,tot_fnp,ARIMA,28,12170571.934294283,7.039023947257483
fog_MC,tot_fnp,ARIMA,29,21298933.632784605,5.606368293694237
fog_MC,tot_fnp,ARIMA,30,16555096.217720628,3.2321989807134854
fog_MC,tot_fnp,ARIMA,32,6952835.430267334,4.112135388576788
fog_MC,tot_fnp,ARIMA,33,24698524.58307065,18.77218933140588
fog_MC,tot_fnp,ARIMA,36,270396.38512868155,4.24116876650706
fog_MC,tot_fnp,ARIMA,37,3273372.6510719955,2.143397211539938
fog_MC,tot_fnp,ARIMA,39,10595464.430706978,3.925043316762817
fog_MC,tot_fnp,ARIMA,40,10670896.869890809,6.03638933337112
fog_MC,tot_fnp,ARIMA,41,3715325.5661197007,2.6768071412359555
fog_MC,tot_fnp,ARIMA,43,2325014.0,2.230290036009518
fog_MC,tot_fnp,ARIMA,45,887474960.6443329,2.688212105812603
fog_MC,tot_fnp,ARIMA,46,571441.8141391128,1.2437049721420752
fog_MC,tot_fnp,ARIMA,47,602146.5187879615,6.537208626202151
fog_MC,tot_fnp,ARIMA,49,31171377.0,200.0
fog_MC,tot_fnp,ARIMA,50,516564.61410337687,1.1727123288867705
fog_MC,tot_fnp,ARIMA,53,408738.59840616025,2.813409332657001
fog_MC,tot_fnp,ARIMA,55,414944.55833602324,1.374281220049755
fog_MC,tot_fnp,ARIMA,56,154877.03246580996,1.8410495558230193
fog_MC,tot_fnp,ARIMA,57,6390006.320995629,3.511792513610589
fog_MC,tot_fnp,ARIMA,65,0.0,0.0
fog_MC,tot_fnp,ARIMA,67,0.0,0.0
fog_MC,tot_fnp,ARIMA,69,110010.55534473388,3.340347326929856
fog_MC,tot_fnp,ARIMA,70,1373909.6996848658,2.3393472468671805
fog_MC,tot_fnp,ARIMA,71,1424888.4617128558,7.7164378650966245
fog_MC,tot_fnp,ARIMA,72,31441101.91562693,83.59277322969281
fog_MC,tot_fnp,ARIMA,74,488528.1256562676,6.362422708225925
fog_MC,tot_fnp,ARIMA,75,0.0,0.0
fog_MC,tot_fnp,ARIMA,76,236492.52076066472,2.0407079838752824
fog_MC,tot_fnp,ARIMA,78,4690620.0,3.089603215976973
fog_MC,tot_fnp,ARIMA,79,475962.69715529867,4.667641457293506
fog_MC,tot_fnp,ARIMA,80,1595313.6076481696,23.99874299236668
fog_MC,tot_fnp,ARIMA,81,102645.60583252553,2.0000526464226365
fog_MC,tot_fnp,ARIMA,82,437551.274274949,1.9760957089852493
fog_MC,tot_fnp,ARIMA,83,96229.0,2.5280885962000514
fog_MC,tot_fnp,ARIMA,84,161347.86608495377,1.123583848372111
fog_MC,tot_fnp,ARIMA,85,0.0,0.0
fog_MC,tot_fnp,ARIMA,86,795404.3091383725,0.6033210802860671
fog_MC,tot_fnp,ARIMA,87,647853.7629280426,2.6588610089246654
fog_MC,tot_fnp,ARIMA,88,646619.0448868703,6.788462152192043
fog_MC,tot_fnp,ARIMA,89,236368.0260167662,21.709797292031922
fog_MC,tot_fnp,ARIMA,90,197543.7313586548,1.4519584892682447
fog_MC,tot_fnp,ARIMA,92,204798.76935747897,164.26397911890987
fog_MC,tot_fnp,ARIMA,93,235542.32441327907,5.066747867662632
fog_MC,tot_fnp,ARIMA,95,13981166.977505904,67.07815367992019
fog_MC,tot_fnp,ARIMA,96,9097557.0,200.0
fog_MC,tot_fnp,ARIMA,97,2169680.388303444,2.0514481644753073
fog_MC,tot_fnp,ARIMA,99,1179786.4120543536,81.71036748612866
fog_MC,tot_fnp,ARIMA,101,0.0,0.0
fog_MC,tot_fnp,ARIMA,103,110550.0,9.785645241812986
fog_MC,tot_fnp,ARIMA,104,751832.9607998282,1.5141466167653657
fog_MC,tot_fnp,ARIMA,105,825670.106769912,2.6504251133260146
fog_MC,tot_fnp,ARIMA,107,0.0,0.0
fog_MC,tot_fnp,ARIMA,108,0.0,0.0
fog_MC,tot_fnp,ARIMA,110,4359070.865411673,13.080161034328016
fog_MC,tot_fnp,ARIMA,111,284918.0,2.2914691716335485
fog_MC,tot_fnp,ARIMA,113,20451689.323227465,5.131254073858104
fog_MC,tot_fnp,ARIMA,115,13776707.588923872,4.75771719322397
fog_MC,tot_fnp,ARIMA,116,11645797.612477899,1.8770943153846031
fog_MC,tot_fnp,ARIMA,117,35524038.41925156,9.991197506949643
fog_MC,tot_fnp,ARIMA,118,1098444.3763965443,6.638504708820757
fog_MC,tot_fnp,ARIMA,119,27999.576705031097,0.046862557247826966
fog_MC,tot_fnp,ARIMA,120,52686.56505557895,0.052292099455595945
fog_MC,tot_fnp,ARIMA,121,87405.19979468733,0.9839968822177303
fog_MC,tot_fnp,ARIMA,123,0.0,0.0
fog_MC,tot_fnp,ARIMA,124,0.0,0.0
fog_MC,tot_fnp,ARIMA,128,204795.7850252986,0.11191125273897311
fog_MC,tot_fnp,ARIMA,129,1225460.2107942924,13.471359707121938
fog_MC,tot_fnp,ARIMA,130,274295656.87387085,22.25957324494295
fog_MC,tot_fnp,ARIMA,131,321583.0,6.571760066988086
fog_MC,tot_fnp,ARIMA,132,5312975.203899175,5.683964886353359
fog_MC,tot_fnp,ARIMA,134,2215466.176794216,3.2799015915232688
fog_MC,tot_fnp,ARIMA,137,1523685.3256504834,0.9861644838884862
fog_MC,tot_fnp,ARIMA,139,268483.58026975347,10.455411009559686
fog_MC,tot_fnp,ARIMA,140,1207194.796879109,4.249137721964386
fog_MC,tot_fnp,ARIMA,141,0.0,0.0
fog_MC,tot_fnp,ARIMA,142,308641.8041501972,15.040282589502919
fog_MC,tot_fnp,ARIMA,144,276351.0325297378,1.125838252756298
fog_MC,tot_fnp,ARIMA,145,201034.89071110543,4.2373399146118995
fog_MC,tot_fnp,ARIMA,146,55707666.977246776,103.30545015074621
fog_MC,tot_fnp,ARIMA,147,7333405.336360094,200.0
fog_MC,tot_fnp,ARIMA,148,414289.5298836902,10.632189962362169
fog_MC,tot_fnp,ARIMA,149,13189.820064204745,0.2740497017567573
fog_MC,tot_fnp,ARIMA,150,0.0,0.0
fog_MC,tot_fnp,ARIMA,151,39320.25562899187,0.43695027434238504
fog_MC,tot_fnp,ARIMA,152,1622240.0623355284,4.224750391880764
fog_MC,tot_fnp,ARIMA,153,0.0,0.0
fog_MC,tot_fnp,ARIMA,154,0.0,0.0
fog_MC,tot_fnp,ARIMA,155,0.0,0.0
fog_MC,tot_fnp,ARIMA,156,632984.0983093865,2.9749898438769735
fog_MC,tot_fnp,ARIMA,157,48666.06716268882,0.34091312049378486
fog_MC,tot_fnp,ARIMA,160,14808373.36840558,4.090431547184985
fog_MC,tot_fnp,ARIMA,162,31836556.0,200.0
fog_MC,tot_fnp,ARIMA,163,2834485.2440724075,3.907490947713279
fog_MC,tot_fnp,ARIMA,166,0.0,0.0
fog_MC,tot_fnp,ARIMA,168,4507411.133542523,31.600872253450383
fog_MC,tot_fnp,ARIMA,169,123854.99803972896,1.6463985445794884
fog_MC,tot_fnp,ARIMA,170,3551496.0,200.0
fog_MC,tot_fnp,ARIMA,171,0.0,0.0
fog_MC,tot_fnp,ARIMA,172,786494.450828854,2.8755729316875964
fog_MC,tot_fnp,ARIMA,173,771196.2081592828,6.916705624372657
fog_MC,tot_fnp,ARIMA,174,0.0,0.0
fog_MC,tot_fnp,ARIMA,175,2417178.047205612,2.6682375631181747
fog_MC,tot_fnp,ARIMA,176,956912.0,11.308510229706773
fog_MC,tot_fnp,ARIMA,177,572198.9925703517,177.2158559188232
fog_MC,tot_fnp,ARIMA,178,4556796.68072322,2.6044438721009384
fog_MC,tot_fnp,ARIMA,180,3031866.037944734,3.341374409212038
fog_MC,tot_fnp,ARIMA,181,9498367.04107064,23.93956746942831
fog_MC,tot_fnp,ARIMA,182,23631761.519349396,7.4614793491549145
fog_MC,tot_fnp,ARIMA,186,435750.0,2.330486209217494
fog_MC,tot_fnp,ARIMA,187,308937.3235208329,16.986885884025888
fog_MC,tot_fnp,ARIMA,188,48788.245085729286,2.8956546785077304
fog_MC,tot_fnp,ARIMA,189,1670347.5111840256,5.987906359554694
fog_MC,tot_fnp,ARIMA,190,0.0,0.0
fog_MC,tot_fnp,ARIMA,192,4346536.207309723,5.6271699759530405
fog_MC,tot_fnp,ARIMA,193,2910739.0,3.1352145118752
fog_MC,tot_fnp,ARIMA,196,6238727.149968721,14.642599760120726
fog_MC,tot_fnp,ARIMA,198,0.0,0.0
fog_MC,tot_fnp,ARIMA,199,1056890.3303501606,0.4332057251186067
fog_MC,tot_fnp,ARIMA,200,4730193.905419286,43.34422966182374
fog_MC,tot_fnp,ARIMA,202,491356.9477189742,3.28816670269881
fog_MC,tot_fnp,ARIMA,204,8799454.0,200.0
fog_MC,tot_fnp,ARIMA,206,1069490.6606368627,8.003609229444852
fog_MC,tot_fnp,ARIMA,207,2908466.2372104432,43.92192852680866
fog_MC,tot_fnp,ARIMA,209,0.0,0.0
fog_MC,tot_fnp,ARIMA,212,842277.0,2.1273219125886254
fog_MC,tot_fnp,ARIMA,213,274394.7291776892,4.711257564314793
fog_MC,tot_fnp,ARIMA,214,120619.49188836548,5.960433619670886
fog_MC,tot_fnp,ARIMA,216,0.0,0.0
fog_MC,tot_fnp,ARIMA,217,0.0,0.0
fog_MC,tot_fnp,ARIMA,218,990702.7953656837,1.6592393325535537
fog_MC,tot_fnp,ARIMA,221,108646.0716877681,61.88013641322725
fog_MC,tot_fnp,ARIMA,223,2589087.353889346,0.6388963944160402
fog_MC,tot_fnp,ARIMA,226,2317083.3779073283,3.5913638032946045
fog_MC,tot_fnp,ARIMA,228,235173.0,1.2945014992923598
fog_MC,tot_fnp,ARIMA,229,9716347.0,0.2962061089280998
fog_MC,tot_fnp,ARIMA,230,1602667.7876361497,7.598155620313751
fog_MC,tot_fnp,ARIMA,231,97805.4125747364,0.8085563528875832
fog_MC,tot_fnp,ARIMA,234,252627.80082333833,6.098617623737545
fog_MC,tot_fnp,ARIMA,235,42101534.87923288,8.48003521450032
fog_MC,tot_fnp,ARIMA,236,122773100.39213921,81.90033254932663
fog_MC,tot_fnp,ARIMA,237,107542.19977941737,0.4275801587155458
fog_MC,tot_fnp,ARIMA,239,2559646.593195051,1.0599632509442143
fog_MC,tot_fnp,ARIMA,241,158118.07231367473,3.143107376378312
fog_MC,tot_fnp,ARIMA,242,3602396.0898612738,4.685264739226111
fog_MC,tot_fnp,ARIMA,244,315468272.0,200.0
fog_MC,tot_fnp,ARIMA,245,51753.99787192233,0.4293395522948603
fog_MC,tot_fnp,ARIMA,246,2027217.2164236754,3.51668337009853
fog_MC,tot_fnp,ARIMA,247,2230897.0,2.0459525372947667
fog_MC,tot_fnp,ARIMA,248,2002385.6623317003,4.528691799573012
fog_MC,tot_fnp,ARIMA,249,0.0,0.0
fog_MC,tot_fnp,ARIMA,250,1878071.0,4.895246276511608
fog_MC,tot_fnp,ARIMA,251,633372.6370605305,1.1430175284992512
fog_MC,tot_fnp,ARIMA,253,1372195.6296936288,200.0
fog_MC,tot_fnp,ARIMA,254,1092474.8806778193,5.2383193224995575
fog_MC,tot_fnp,ARIMA,255,1822826.7252864465,6.464656447954578
fog_MC,tot_fnp,ARIMA,256,260816.5081358552,0.2328301614814292
fog_MC,tot_fnp,ARIMA,257,19844891.0,8.839143162116764
fog_MC,tot_fnp,ARIMA,259,118844652.0,200.0
fog_MC,tot_fnp,ARIMA,261,5478133.224057585,3.1731460709162542
fog_MC,tot_fnp,ARIMA,262,1430505.8922165185,2.5739699152996653
fog_MC,tot_fnp,ARIMA,263,16026325.931903215,200.0
fog_MC,tot_fnp,ARIMA,264,0.0,0.0
fog_MC,tot_fnp,ARIMA,265,135018230.40947717,51.42268355529589
fog_MC,tot_fnp,ARIMA,266,0.0,0.0
fog_MC,tot_fnp,ARIMA,267,18997542.0,200.0
fog_MC,tot_fnp,ARIMA,269,2464563.1984750926,1.9982773065584916
fog_MC,tot_fnp,ARIMA,270,165693062.66304755,8.148987937202783
fog_MC,tot_fnp,ARIMA,272,199442.27113380097,2.1685270555959884
fog_MC,tot_fnp,ARIMA,273,471363.0,1.8939995061311998
fog_MC,tot_fnp,ARIMA,274,371367.76009353995,3.8688481557017553
fog_MC,tot_fnp,STL-LSTM (full),1,9935301.672533035,1.7815001855772155
fog_MC,tot_fnp,STL-LSTM (full),4,1256663.6714763045,0.5591544714190174
fog_MC,tot_fnp,STL-LSTM (full),5,205783.9236798063,199.99985164995257
fog_MC,tot_fnp,STL-LSTM (full),7,17674103.329861164,59.95992313195275
fog_MC,tot_fnp,STL-LSTM (full),8,0.004124555736780167,200.0
fog_MC,tot_fnp,STL-LSTM (full),9,108475.96208806336,0.8933203556927647
fog_MC,tot_fnp,STL-LSTM (full),11,0.08547855913639069,200.0
fog_MC,tot_fnp,STL-LSTM (full),13,4123068.6648242474,0.748543447273921
fog_MC,tot_fnp,STL-LSTM (full),14,173536.57782235742,7.8042732479965125
fog_MC,tot_fnp,STL-LSTM (full),15,12136717.317906946,27.51518099762506
fog_MC,tot_fnp,STL-LSTM (full),16,81845124.8276322,199.99999915759042
fog_MC,tot_fnp,STL-LSTM (full),17,105317.32513481379,0.2834671782357904
fog_MC,tot_fnp,STL-LSTM (full),18,664990.6765276194,1.4620104056433765
fog_MC,tot_fnp,STL-LSTM (full),19,64328.662110596895,1.2523213347665283
fog_MC,tot_fnp,STL-LSTM (full),21,1066079.7945962846,1.8725350367908142
fog_MC,tot_fnp,STL-LSTM (full),22,37452.66965150833,0.07859482288773276
fog_MC,tot_fnp,STL-LSTM (full),26,0.03652363270521164,200.0
fog_MC,tot_fnp,STL-LSTM (full),27,82091918.68095767,9.247618763684864
fog_MC,tot_fnp,STL-LSTM (full),28,981679.3242816329,0.5867534018451839
fog_MC,tot_fnp,STL-LSTM (full),29,4858129.322469711,1.23621364929997
fog_MC,tot_fnp,STL-LSTM (full),30,863312.6742976904,0.17146782467627092
fog_MC,tot_fnp,STL-LSTM (full),32,751764.3252466321,0.45292365642031357
fog_MC,tot_fnp,STL-LSTM (full),33,12083927.594294488,8.764277149627851
fog_MC,tot_fnp,STL-LSTM (full),36,270396.583183378,4.241171938871816
fog_MC,tot_fnp,STL-LSTM (full),37,1777945.6797710955,1.1837720965590623
fog_MC,tot_fnp,STL-LSTM (full),39,238895.67146211863,0.09031017142945286
fog_MC,tot_fnp,STL-LSTM (full),40,3804000.6715436876,2.2437358354704435
fog_MC,tot_fnp,STL-LSTM (full),41,1235245.6652713418,0.906125995693882
fog_MC,tot_fnp,STL-LSTM (full),43,2325013.659554392,2.2302897057922992
fog_MC,tot_fnp,STL-LSTM (full),45,1461700999.674736,4.466419048099956
fog_MC,tot_fnp,STL-LSTM (full),46,1599730.6712095141,3.5659602005214985
fog_MC,tot_fnp,STL-LSTM (full),47,236683.67767766118,2.519574340523104
fog_MC,tot_fnp,STL-LSTM (full),49,1573137.6690742373,5.17738226454349
fog_MC,tot_fnp,STL-LSTM (full),50,937124.6763336957,2.1376786251080953
fog_MC,tot_fnp,STL-LSTM (full),53,408739.67755639553,2.8134168651002507
fog_MC,tot_fnp,STL-LSTM (full),55,1121224.6655694246,3.7574012106175463
fog_MC,tot_fnp,STL-LSTM (full),56,263127.6681855917,3.1480979873513886
fog_MC,tot_fnp,STL-LSTM (full),57,1370440.6641712189,0.769571896907749
fog_MC,tot_fnp,STL-LSTM (full),65,0.1547297239303589,200.0
fog_MC,tot_fnp,STL-LSTM (full),67,0.17160359025001526,200.0
fog_MC,tot_fnp,STL-LSTM (full),69,110010.68788322806,3.3403514185270864
fog_MC,tot_fnp,STL-LSTM (full),70,844735.6773010194,1.4660166882049541
fog_MC,tot_fnp,STL-LSTM (full),71,242215.67806705832,1.2710089296040439
fog_MC,tot_fnp,STL-LSTM (full),72,160240.58821588755,0.7346592103276027
fog_MC,tot_fnp,STL-LSTM (full),74,284848.68086463213,3.661211904983893
fog_MC,tot_fnp,STL-LSTM (full),75,0.15415339171886444,200.0
fog_MC,tot_fnp,STL-LSTM (full),76,236492.6718940735,2.040709301321272
fog_MC,tot_fnp,STL-LSTM (full),78,4690619.596125752,3.0896029458447978
fog_MC,tot_fnp,STL-LSTM (full),79,102028.67320013046,0.9825529963141939
fog_MC,tot_fnp,STL-LSTM (full),80,1595594.6666981876,24.003478480644695
fog_MC,tot_fnp,STL-LSTM (full),81,125123.58717161417,2.443387598368636
fog_MC,tot_fnp,STL-LSTM (full),82,477422.6801660657,2.201654434953928
fog_MC,tot_fnp,STL-LSTM (full),83,96228.67124578357,2.528079850131076
fog_MC,tot_fnp,STL-LSTM (full),84,350785.67808258533,2.4589981355197
fog_MC,tot_fnp,STL-LSTM (full),85,0.14542622864246368,200.0
fog_MC,tot_fnp,STL-LSTM (full),86,5052688.685523689,3.8954032049121623
fog_MC,tot_fnp,STL-LSTM (full),87,129838.3271959126,0.5385956026353578
fog_MC,tot_fnp,STL-LSTM (full),88,27697.676515311003,0.30145138740478816
fog_MC,tot_fnp,STL-LSTM (full),89,84326.32808208466,8.32654295847969
fog_MC,tot_fnp,STL-LSTM (full),90,197543.68438789248,1.4519581415239178
fog_MC,tot_fnp,STL-LSTM (full),92,204793.77263104916,164.25667987127287
fog_MC,tot_fnp,STL-LSTM (full),93,135566.68286585808,3.037410174117654
fog_MC,tot_fnp,STL-LSTM (full),95,10345118.317695111,54.376225521095456
fog_MC,tot_fnp,STL-LSTM (full),96,716449.6764076054,8.197991141011322
fog_MC,tot_fnp,STL-LSTM (full),97,2115398.3159922063,2.000637485315724
fog_MC,tot_fnp,STL-LSTM (full),99,138245.5790502131,7.036708325301748
fog_MC,tot_fnp,STL-LSTM (full),101,0.0707608014345169,200.0
fog_MC,tot_fnp,STL-LSTM (full),103,110549.66487541795,9.785614125888163
fog_MC,tot_fnp,STL-LSTM (full),104,1510899.6762706935,3.066299069182369
fog_MC,tot_fnp,STL-LSTM (full),105,503094.67447924614,1.650140909761643
fog_MC,tot_fnp,STL-LSTM (full),107,0.006049054674804211,200.0
fog_MC,tot_fnp,STL-LSTM (full),108,0.08421413600444794,200.0
fog_MC,tot_fnp,STL-LSTM (full),110,1048897.5802003443,2.998486013788572
fog_MC,tot_fnp,STL-LSTM (full),111,284917.6734198332,2.2914665150009013
fog_MC,tot_fnp,STL-LSTM (full),113,10121956.678768098,2.6408492658311666
fog_MC,tot_fnp,STL-LSTM (full),115,3667167.5870817304,1.2447098716296447
fog_MC,tot_fnp,STL-LSTM (full),116,10421142.675961494,1.7101144829977888
fog_MC,tot_fnp,STL-LSTM (full),117,35524101.68276352,9.991216188789444
fog_MC,tot_fnp,STL-LSTM (full),118,67054.67851823568,0.42004172651513944
fog_MC,tot_fnp,STL-LSTM (full),119,1870960.670825541,3.18045578451933
fog_MC,tot_fnp,STL-LSTM (full),120,4994156.67619738,5.08409799665709
fog_MC,tot_fnp,STL-LSTM (full),121,18115.95541395992,0.20274293941901006
fog_MC,tot_fnp,STL-LSTM (full),123,0.07797442376613617,200.0
fog_MC,tot_fnp,STL-LSTM (full),124,0.15477636456489563,200.0
fog_MC,tot_fnp,STL-LSTM (full),128,2301110.6686005592,1.2661174740464418
fog_MC,tot_fnp,STL-LSTM (full),129,1225461.6971702576,13.47137714728528
fog_MC,tot_fnp,STL-LSTM (full),130,20984832.674337864,1.9347652958037282
fog_MC,tot_fnp,STL-LSTM (full),131,321582.66286098957,6.571752950945085
fog_MC,tot_fnp,STL-LSTM (full),132,3391362.6757947803,3.8053514807152697
fog_MC,tot_fnp,STL-LSTM (full),134,451743.6700107455,0.6822570137759976
fog_MC,tot_fnp,STL-LSTM (full),137,2893251.66777727,1.8997338513451427
fog_MC,tot_fnp,STL-LSTM (full),139,268483.6684669554,10.45541462372734
fog_MC,tot_fnp,STL-LSTM (full),140,1207192.5768770576,4.249129741888017
fog_MC,tot_fnp,STL-LSTM (full),141,0.010505884885787964,200.0
fog_MC,tot_fnp,STL-LSTM (full),142,308641.5868934989,15.040271206306603
fog_MC,tot_fnp,STL-LSTM (full),144,276352.6640102267,1.1258449367291823
fog_MC,tot_fnp,STL-LSTM (full),145,45830.41650480032,0.982060037324302
fog_MC,tot_fnp,STL-LSTM (full),146,55707666.405981004,103.30544963857109
fog_MC,tot_fnp,STL-LSTM (full),147,28808.68049928546,0.4132038794062183
fog_MC,tot_fnp,STL-LSTM (full),148,197422.9730951637,5.211627064527128
fog_MC,tot_fnp,STL-LSTM (full),149,252713.67895057797,5.399890133723277
fog_MC,tot_fnp,STL-LSTM (full),150,0.12260548770427704,200.0
fog_MC,tot_fnp,STL-LSTM (full),151,48201.674918591976,0.5382634999077579
fog_MC,tot_fnp,STL-LSTM (full),152,488104.67515808344,1.3070739216736595
fog_MC,tot_fnp,STL-LSTM (full),153,0.052445970475673676,200.0
fog_MC,tot_fnp,STL-LSTM (full),154,0.18041196465492249,200.0
fog_MC,tot_fnp,STL-LSTM (full),155,0.030828405171632767,200.0
fog_MC,tot_fnp,STL-LSTM (full),156,482887.68873885274,2.3306612905398616
fog_MC,tot_fnp,STL-LSTM (full),157,89642.67596429586,0.6288629957224741
fog_MC,tot_fnp,STL-LSTM (full),160,28725304.67634654,8.090125236966037
fog_MC,tot_fnp,STL-LSTM (full),162,1953625.6834923327,6.330660866079861
fog_MC,tot_fnp,STL-LSTM (full),163,2037201.6810871959,2.9059734029383217
fog_MC,tot_fnp,STL-LSTM (full),166,0.1602182388305664,200.0
fog_MC,tot_fnp,STL-LSTM (full),168,192824.6710576713,1.6185463392995967
fog_MC,tot_fnp,STL-LSTM (full),169,368091.6736924052,5.058420728855085
fog_MC,tot_fnp,STL-LSTM (full),170,289976.6653869748,8.512432488263151
fog_MC,tot_fnp,STL-LSTM (full),171,0.17869265377521515,200.0
fog_MC,tot_fnp,STL-LSTM (full),172,202751.33076372743,0.7492933250322112
fog_MC,tot_fnp,STL-LSTM (full),173,296135.6729789376,2.600580267255068
fog_MC,tot_fnp,STL-LSTM (full),174,0.09948123246431351,200.0
fog_MC,tot_fnp,STL-LSTM (full),175,2417220.6135962903,2.6682851775357515
fog_MC,tot_fnp,STL-LSTM (full),176,956911.661367476,11.308506001569823
fog_MC,tot_fnp,STL-LSTM (full),177,45318.96485320851,7.174792364666217
fog_MC,tot_fnp,STL-LSTM (full),178,1861453.3259944916,1.072174972380219
fog_MC,tot_fnp,STL-LSTM (full),180,4616537.664113939,5.13263669628644
fog_MC,tot_fnp,STL-LSTM (full),181,802674.6213459969,1.8232543281690674
fog_MC,tot_fnp,STL-LSTM (full),182,822499.6648505926,0.27012396241581116
fog_MC,tot_fnp,STL-LSTM (full),186,435749.68399494886,2.3304844994600944
fog_MC,tot_fnp,STL-LSTM (full),187,308937.68075186014,16.986907194646424
fog_MC,tot_fnp,STL-LSTM (full),188,401849.70548543334,26.641725428800683
fog_MC,tot_fnp,STL-LSTM (full),189,1670347.6820987165,5.987906990598183
fog_MC,tot_fnp,STL-LSTM (full),190,0.07516633719205856,200.0
fog_MC,tot_fnp,STL-LSTM (full),192,2748897.6803886592,3.522386392928341
fog_MC,tot_fnp,STL-LSTM (full),193,2910738.679161012,3.135214160875816
fog_MC,tot_fnp,STL-LSTM (full),196,6238732.609906435,14.642613513069957
fog_MC,tot_fnp,STL-LSTM (full),198,0.006053161807358265,200.0
fog_MC,tot_fnp,STL-LSTM (full),199,2754534.3240086436,1.120297175893398
fog_MC,tot_fnp,STL-LSTM (full),200,70141.60489946604,0.8239429393411962
fog_MC,tot_fnp,STL-LSTM (full),202,541222.671023488,3.75148314000226
fog_MC,tot_fnp,STL-LSTM (full),204,133627.67879071832,1.5302093792155755
fog_MC,tot_fnp,STL-LSTM (full),206,1141699.6844390333,8.567138190235706
fog_MC,tot_fnp,STL-LSTM (full),207,46618.57033199072,0.9062077895081794
fog_MC,tot_fnp,STL-LSTM (full),209,0.07459062337875366,200.0
fog_MC,tot_fnp,STL-LSTM (full),212,842276.6753973067,2.127321084025855
fog_MC,tot_fnp,STL-LSTM (full),213,93496.66356152296,1.6576571251001346
fog_MC,tot_fnp,STL-LSTM (full),214,93923.96932420693,4.672085866881357
fog_MC,tot_fnp,STL-LSTM (full),216,0.053839415311813354,200.0
fog_MC,tot_fnp,STL-LSTM (full),217,0.0908411294221878,200.0
fog_MC,tot_fnp,STL-LSTM (full),218,286861.317283988,0.47535280508838734
fog_MC,tot_fnp,STL-LSTM (full),221,88744.61129766703,115.43309588654797
fog_MC,tot_fnp,STL-LSTM (full),223,9391335.317045808,2.298165763578057
fog_MC,tot_fnp,STL-LSTM (full),226,725212.6599549353,1.1511850256390341
fog_MC,tot_fnp,STL-LSTM (full),228,235172.67763248086,1.2944997133465055
fog_MC,tot_fnp,STL-LSTM (full),229,9716346.665342331,0.29620609871083836
fog_MC,tot_fnp,STL-LSTM (full),230,42077.318572700024,0.20714928803396365
fog_MC,tot_fnp,STL-LSTM (full),231,76450.68143808842,0.6314596200223986
fog_MC,tot_fnp,STL-LSTM (full),234,23679.583041846752,0.5562697947248488
fog_MC,tot_fnp,STL-LSTM (full),235,4054650.0376030207,0.8564951920414346
fog_MC,tot_fnp,STL-LSTM (full),236,2062841.5832734704,0.9810879100251721
fog_MC,tot_fnp,STL-LSTM (full),237,865027.668363899,3.507096057783178
fog_MC,tot_fnp,STL-LSTM (full),239,11860806.678578466,5.008069958185928
fog_MC,tot_fnp,STL-LSTM (full),241,245521.67017167807,5.084517979207459
fog_MC,tot_fnp,STL-LSTM (full),242,3602399.858025834,4.685269754898107
fog_MC,tot_fnp,STL-LSTM (full),244,11518226.684945703,3.719046196396932
fog_MC,tot_fnp,STL-LSTM (full),245,51754.66981443763,0.42934513854563683
fog_MC,tot_fnp,STL-LSTM (full),246,612222.573539257,1.0491669028255344
fog_MC,tot_fnp,STL-LSTM (full),247,2230896.614100158,2.0459521797661617
fog_MC,tot_fnp,STL-LSTM (full),248,498584.6760151684,1.1604422364274505
fog_MC,tot_fnp,STL-LSTM (full),249,0.059741534292697906,200.0
fog_MC,tot_fnp,STL-LSTM (full),250,1878070.594163984,4.895245192796795
fog_MC,tot_fnp,STL-LSTM (full),251,209615.6807525456,0.3811829373823605
fog_MC,tot_fnp,STL-LSTM (full),253,1372194.0420502722,200.0
fog_MC,tot_fnp,STL-LSTM (full),254,598028.6701566279,2.988619951833779
fog_MC,tot_fnp,STL-LSTM (full),255,65279.32018336654,0.23896053792016397
fog_MC,tot_fnp,STL-LSTM (full),256,1069686.6751820743,0.9606110428243987
fog_MC,tot_fnp,STL-LSTM (full),257,19844890.66903311,8.839143008185122
fog_MC,tot_fnp,STL-LSTM (full),259,284606.68789976835,0.23976500138547366
fog_MC,tot_fnp,STL-LSTM (full),261,5478147.675097644,3.1731545743221115
fog_MC,tot_fnp,STL-LSTM (full),262,1418187.6718920171,2.551522450491349
fog_MC,tot_fnp,STL-LSTM (full),263,2121674.5984086394,14.398474216430149
fog_MC,tot_fnp,STL-LSTM (full),264,0.07874617725610733,200.0
fog_MC,tot_fnp,STL-LSTM (full),265,27422477.6851781,15.121704140698947
fog_MC,tot_fnp,STL-LSTM (full),266,0.24123136699199677,200.0
fog_MC,tot_fnp,STL-LSTM (full),267,43711.68826895952,0.23035629863349064
fog_MC,tot_fnp,STL-LSTM (full),269,2465606.6722792685,2.0398947421269393
fog_MC,tot_fnp,STL-LSTM (full),270,55165860.39443922,2.788925734672086
fog_MC,tot_fnp,STL-LSTM (full),272,199441.67456120253,2.1685204987576996
fog_MC,tot_fnp,STL-LSTM (full),273,471363.0316188298,1.893999634383033
fog_MC,tot_fnp,STL-LSTM (full),274,170665.6842341423,1.7595717107907143
fog_MC,tot_fnp,MTL-LSTM (full),1,9935301.962005258,1.7815002379448621
fog_MC,tot_fnp,MTL-LSTM (full),4,1256663.8261337876,0.5591545404264984
fog_MC,tot_fnp,MTL-LSTM (full),5,205784.05168070644,200.0
fog_MC,tot_fnp,MTL-LSTM (full),7,17674103.080955133,59.95992254068874
fog_MC,tot_fnp,MTL-LSTM (full),8,0.2572630047798157,200.0
fog_MC,tot_fnp,MTL-LSTM (full),9,108476.09947087616,0.8933214820131784
fog_MC,tot_fnp,MTL-LSTM (full),11,0.023727547377347946,200.0
fog_MC,tot_fnp,MTL-LSTM (full),13,4123068.807786703,0.748543473325908
fog_MC,tot_fnp,MTL-LSTM (full),14,173536.93010883033,7.804289709212686
fog_MC,tot_fnp,MTL-LSTM (full),15,12136717.170058593,27.515180708551412
fog_MC,tot_fnp,MTL-LSTM (full),16,81845124.9633346,199.99999982080595
fog_MC,tot_fnp,MTL-LSTM (full),17,105316.90457126498,0.2834660478710198
fog_MC,tot_fnp,MTL-LSTM (full),18,664990.7885402739,1.4620106537081892
fog_MC,tot_fnp,MTL-LSTM (full),19,64328.92100737989,1.2523264064113095
fog_MC,tot_fnp,MTL-LSTM (full),21,1066080.0696843863,1.8725355244981507
fog_MC,tot_fnp,MTL-LSTM (full),22,37453.10882438719,0.07859574485883085
fog_MC,tot_fnp,MTL-LSTM (full),26,0.19754230976104736,200.0
fog_MC,tot_fnp,MTL-LSTM (full),27,82091918.95722306,9.247618796245021
fog_MC,tot_fnp,MTL-LSTM (full),28,981679.0640955567,0.5867532467872358
fog_MC,tot_fnp,MTL-LSTM (full),29,4858129.103847206,1.2362135940125152
fog_MC,tot_fnp,MTL-LSTM (full),30,863312.8401242495,0.17146785764033798
fog_MC,tot_fnp,MTL-LSTM (full),32,751763.9978960156,0.452923459644449
fog_MC,tot_fnp,MTL-LSTM (full),33,12083927.904475927,8.764277384455909
fog_MC,tot_fnp,MTL-LSTM (full),36,270396.8036585748,4.241175470359733
fog_MC,tot_fnp,MTL-LSTM (full),37,1777945.924675405,1.1837722605836631
fog_MC,tot_fnp,MTL-LSTM (full),39,238895.84336712956,0.0903102364443656
fog_MC,tot_fnp,MTL-LSTM (full),40,3804001.0979110003,2.243736089778504
fog_MC,tot_fnp,MTL-LSTM (full),41,1235245.9426396787,0.9061262000818464
fog_MC,tot_fnp,MTL-LSTM (full),43,2325013.9057563692,2.2302899445973545
fog_MC,tot_fnp,MTL-LSTM (full),45,1461701000.0833015,4.466419049376261
fog_MC,tot_fnp,MTL-LSTM (full),46,1599730.9129478335,3.565960748988221
fog_MC,tot_fnp,MTL-LSTM (full),47,236683.8962660432,2.5195766967817366
fog_MC,tot_fnp,MTL-LSTM (full),49,1573138.1204705238,5.177383788599666
fog_MC,tot_fnp,MTL-LSTM (full),50,937125.0707015544,2.13767953431732
fog_MC,tot_fnp,MTL-LSTM (full),53,408740.01794359647,2.81341924099502
fog_MC,tot_fnp,MTL-LSTM (full),55,1121224.97186191,3.7574022563357525
fog_MC,tot_fnp,MTL-LSTM (full),56,263127.8498659432,3.148100195216087
fog_MC,tot_fnp,MTL-LSTM (full),57,1370440.7227040827,0.7695719299033947
fog_MC,tot_fnp,MTL-LSTM (full),65,0.12326087802648544,200.0
fog_MC,tot_fnp,MTL-LSTM (full),67,0.09417174756526947,200.0
fog_MC,tot_fnp,MTL-LSTM (full),69,110010.94486207515,3.3403593517242127
fog_MC,tot_fnp,MTL-LSTM (full),70,844735.9545958191,1.466017172970346
fog_MC,tot_fnp,MTL-LSTM (full),71,242215.94577689096,1.27101034331917
fog_MC,tot_fnp,MTL-LSTM (full),72,160241.12343432754,0.7346616731712388
fog_MC,tot_fnp,MTL-LSTM (full),74,284848.9211941585,3.6612150505304584
fog_MC,tot_fnp,MTL-LSTM (full),75,0.024782994762063026,200.0
fog_MC,tot_fnp,MTL-LSTM (full),76,236492.94519159943,2.040711683684901
fog_MC,tot_fnp,MTL-LSTM (full),78,4690619.999855667,3.0896032158804356
fog_MC,tot_fnp,MTL-LSTM (full),79,102029.06401566416,0.982556778422259
fog_MC,tot_fnp,MTL-LSTM (full),80,1595594.9110592306,24.003482597905247
fog_MC,tot_fnp,MTL-LSTM (full),81,125123.92214275897,2.4433942195302807
fog_MC,tot_fnp,MTL-LSTM (full),82,477422.70290249586,2.2016545409581334
fog_MC,tot_fnp,MTL-LSTM (full),83,96229.04412737116,2.528089770150168
fog_MC,tot_fnp,MTL-LSTM (full),84,350785.9548930116,2.4590000998109494
fog_MC,tot_fnp,MTL-LSTM (full),85,0.06940437108278275,200.0
fog_MC,tot_fnp,MTL-LSTM (full),86,5052688.844774842,3.8954033300791795
fog_MC,tot_fnp,MTL-LSTM (full),87,129838.12345274538,0.5385947597435681
fog_MC,tot_fnp,MTL-LSTM (full),88,27697.945485644042,0.3014543191919304
fog_MC,tot_fnp,MTL-LSTM (full),89,84326.25974741578,8.32653649190011
fog_MC,tot_fnp,MTL-LSTM (full),90,197543.7294678092,1.4519584752695187
fog_MC,tot_fnp,MTL-LSTM (full),92,204793.92222587764,164.25689839603868
fog_MC,tot_fnp,MTL-LSTM (full),93,135566.91464755684,3.0374154461212295
fog_MC,tot_fnp,MTL-LSTM (full),95,10345118.162478775,54.3762249270587
fog_MC,tot_fnp,MTL-LSTM (full),96,716449.9549071789,8.197994458373081
fog_MC,tot_fnp,MTL-LSTM (full),97,2115398.166253969,2.0006373451174193
fog_MC,tot_fnp,MTL-LSTM (full),99,138245.94214978814,7.03672745734866
fog_MC,tot_fnp,MTL-LSTM (full),101,0.20648586750030518,200.0
fog_MC,tot_fnp,MTL-LSTM (full),103,110549.97074880637,9.785642525873559
fog_MC,tot_fnp,MTL-LSTM (full),104,1510899.9065909535,3.066299543772698
fog_MC,tot_fnp,MTL-LSTM (full),105,503094.71658459306,1.6501410490058372
fog_MC,tot_fnp,MTL-LSTM (full),107,0.0862446054816246,200.0
fog_MC,tot_fnp,MTL-LSTM (full),108,0.14554952085018158,200.0
fog_MC,tot_fnp,MTL-LSTM (full),110,1048897.9333217517,2.9984870383919797
fog_MC,tot_fnp,MTL-LSTM (full),111,284917.9104670137,2.291468443309294
fog_MC,tot_fnp,MTL-LSTM (full),113,10121956.69166404,2.6408492692401837
fog_MC,tot_fnp,MTL-LSTM (full),115,3667167.93805331,1.2447099914977955
fog_MC,tot_fnp,MTL-LSTM (full),116,10421142.759546041,1.7101144968313344
fog_MC,tot_fnp,MTL-LSTM (full),117,35524102.00025648,9.99121628254575
fog_MC,tot_fnp,MTL-LSTM (full),118,67054.90061558783,0.42004312069205224
fog_MC,tot_fnp,MTL-LSTM (full),119,1870960.655977726,3.1804557588780806
fog_MC,tot_fnp,MTL-LSTM (full),120,4994157.033273131,5.084098369404042
fog_MC,tot_fnp,MTL-LSTM (full),121,18115.88995680958,0.20274220760432907
fog_MC,tot_fnp,MTL-LSTM (full),123,0.009925557300448418,200.0
fog_MC,tot_fnp,MTL-LSTM (full),124,0.06234373897314072,200.0
fog_MC,tot_fnp,MTL-LSTM (full),128,2301110.876321554,1.2661175890622576
fog_MC,tot_fnp,MTL-LSTM (full),129,1225461.8053838164,13.471378416992504
fog_MC,tot_fnp,MTL-LSTM (full),130,20984832.956109524,1.9347653220339032
fog_MC,tot_fnp,MTL-LSTM (full),131,321582.914280504,6.571758257693948
fog_MC,tot_fnp,MTL-LSTM (full),132,3391362.7783421725,3.805351597970102
fog_MC,tot_fnp,MTL-LSTM (full),134,451743.7482639253,0.6822571323629502
fog_MC,tot_fnp,MTL-LSTM (full),137,2893251.8247981668,1.8997339554257346
fog_MC,tot_fnp,MTL-LSTM (full),139,268483.92174209654,10.45542500250199
fog_MC,tot_fnp,MTL-LSTM (full),140,1207192.83539626,4.249130671167747
fog_MC,tot_fnp,MTL-LSTM (full),141,0.08806769549846649,200.0
fog_MC,tot_fnp,MTL-LSTM (full),142,308641.9419603944,15.040289810088877
fog_MC,tot_fnp,MTL-LSTM (full),144,276352.8963969946,1.125845888788937
fog_MC,tot_fnp,MTL-LSTM (full),145,45830.1354008317,0.9820540433696126
fog_MC,tot_fnp,MTL-LSTM (full),146,55707665.9931646,103.30544926845565
fog_MC,tot_fnp,MTL-LSTM (full),147,28808.97334575653,0.4132080883910678
fog_MC,tot_fnp,MTL-LSTM (full),148,197422.99012817163,5.211627502452416
fog_MC,tot_fnp,MTL-LSTM (full),149,252713.96868264675,5.39989649175903
fog_MC,tot_fnp,MTL-LSTM (full),150,0.08367933332920074,200.0
fog_MC,tot_fnp,MTL-LSTM (full),151,48201.8511159271,0.5382654727819688
fog_MC,tot_fnp,MTL-LSTM (full),152,488104.8650663197,1.3070744335440692
fog_MC,tot_fnp,MTL-LSTM (full),153,0.19160345196723938,200.0
fog_MC,tot_fnp,MTL-LSTM (full),154,0.03273391351103783,200.0
fog_MC,tot_fnp,MTL-LSTM (full),155,0.01170637272298336,200.0
fog_MC,tot_fnp,MTL-LSTM (full),156,482887.85824611783,2.330662118201934
fog_MC,tot_fnp,MTL-LSTM (full),157,89642.90400777012,0.6288646005275763
fog_MC,tot_fnp,MTL-LSTM (full),160,28725304.88391775,8.090125297790628
fog_MC,tot_fnp,MTL-LSTM (full),162,1953625.8567196429,6.330661445185546
fog_MC,tot_fnp,MTL-LSTM (full),163,2037201.789652735,2.9059735600521606
fog_MC,tot_fnp,MTL-LSTM (full),166,0.052624065428972244,200.0
fog_MC,tot_fnp,MTL-LSTM (full),168,192824.83384783566,1.618547716798262
fog_MC,tot_fnp,MTL-LSTM (full),169,368091.9610675089,5.058424777929114
fog_MC,tot_fnp,MTL-LSTM (full),170,289976.92369544506,8.512440393797906
fog_MC,tot_fnp,MTL-LSTM (full),171,0.1113896369934082,200.0
fog_MC,tot_fnp,MTL-LSTM (full),172,202751.023301363,0.7492921930229233
fog_MC,tot_fnp,MTL-LSTM (full),173,296135.8474699855,2.6005818195111847
fog_MC,tot_fnp,MTL-LSTM (full),174,0.15626578032970428,200.0
fog_MC,tot_fnp,MTL-LSTM (full),175,2417220.8330501914,2.668285423015154
fog_MC,tot_fnp,MTL-LSTM (full),176,956911.7899290025,11.30850760677811
fog_MC,tot_fnp,MTL-LSTM (full),177,45318.914765805006,7.174784719415999
fog_MC,tot_fnp,MTL-LSTM (full),178,1861453.0276484191,1.072174801457663
fog_MC,tot_fnp,MTL-LSTM (full),180,4616537.77951093,5.132636827876593
fog_MC,tot_fnp,MTL-LSTM (full),181,802674.9721568599,1.8232551322911066
fog_MC,tot_fnp,MTL-LSTM (full),182,822499.7969213724,0.27012400584885793
fog_MC,tot_fnp,MTL-LSTM (full),186,435749.8332885355,2.330485307218744
fog_MC,tot_fnp,MTL-LSTM (full),187,308938.1588270515,16.986935714233343
fog_MC,tot_fnp,MTL-LSTM (full),188,401849.8999940604,26.64174004207249
fog_MC,tot_fnp,MTL-LSTM (full),189,1670348.100320004,5.98790853473591
fog_MC,tot_fnp,MTL-LSTM (full),190,0.09125454723834991,200.0
fog_MC,tot_fnp,MTL-LSTM (full),192,2748897.633503258,3.5223863317921684
fog_MC,tot_fnp,MTL-LSTM (full),193,2910738.942918092,3.1352144494273197
fog_MC,tot_fnp,MTL-LSTM (full),196,6238733.058736183,14.64261464362006
fog_MC,tot_fnp,MTL-LSTM (full),198,0.004915428347885609,200.0
fog_MC,tot_fnp,MTL-LSTM (full),199,2754534.06453079,1.1202970709522486
fog_MC,tot_fnp,MTL-LSTM (full),200,70141.89935292304,0.8239464124916486
fog_MC,tot_fnp,MTL-LSTM (full),202,541222.9193688557,3.7514848936964733
fog_MC,tot_fnp,MTL-LSTM (full),204,133627.82635943592,1.5302110819969945
fog_MC,tot_fnp,MTL-LSTM (full),206,1141700.2503554225,8.567142618688894
fog_MC,tot_fnp,MTL-LSTM (full),207,46618.89087854326,0.9062140487729764
fog_MC,tot_fnp,MTL-LSTM (full),209,0.04393114522099495,200.0
fog_MC,tot_fnp,MTL-LSTM (full),212,842276.7469936311,2.1273212667786474
fog_MC,tot_fnp,MTL-LSTM (full),213,93496.88638232648,1.6576611083638257
fog_MC,tot_fnp,MTL-LSTM (full),214,93924.04719217867,4.672089649804769
fog_MC,tot_fnp,MTL-LSTM (full),216,0.05932033061981201,200.0
fog_MC,tot_fnp,MTL-LSTM (full),217,0.12056832015514374,200.0
fog_MC,tot_fnp,MTL-LSTM (full),218,286860.9240259081,0.47535215497623484
fog_MC,tot_fnp,MTL-LSTM (full),221,88745.16088449955,115.43422335263082
fog_MC,tot_fnp,MTL-LSTM (full),223,9391335.234922051,2.298165743712373
fog_MC,tot_fnp,MTL-LSTM (full),226,725212.9469563514,1.1511854838404167
fog_MC,tot_fnp,MTL-LSTM (full),228,235172.97000661492,1.2945013331262327
fog_MC,tot_fnp,MTL-LSTM (full),229,9716346.99336052,0.2962061087253932
fog_MC,tot_fnp,MTL-LSTM (full),230,42077.2220299989,0.20714881324044324
fog_MC,tot_fnp,MTL-LSTM (full),231,76450.84617772698,0.6314609850183773
fog_MC,tot_fnp,MTL-LSTM (full),234,23679.852107688785,0.5562761330754269
fog_MC,tot_fnp,MTL-LSTM (full),235,4054650.0921607614,0.8564952036154436
fog_MC,tot_fnp,MTL-LSTM (full),236,2062841.8701677918,0.981088047141507
fog_MC,tot_fnp,MTL-LSTM (full),237,865027.7540410012,3.50709641123644
fog_MC,tot_fnp,MTL-LSTM (full),239,11860807.04370591,5.008070116216677
fog_MC,tot_fnp,MTL-LSTM (full),241,245522.0268475227,5.084525553403692
fog_MC,tot_fnp,MTL-LSTM (full),242,3602399.7317780256,4.685269586854062
fog_MC,tot_fnp,MTL-LSTM (full),244,11518227.019017935,3.719046306269169
fog_MC,tot_fnp,MTL-LSTM (full),245,51754.71013191342,0.4293454737283824
fog_MC,tot_fnp,MTL-LSTM (full),246,612222.8147762269,1.0491673184024266
fog_MC,tot_fnp,MTL-LSTM (full),247,2230896.990051076,2.0459525280772843
fog_MC,tot_fnp,MTL-LSTM (full),248,498584.9236807972,1.1604428162070464
fog_MC,tot_fnp,MTL-LSTM (full),249,0.03273139148950577,200.0
fog_MC,tot_fnp,MTL-LSTM (full),250,1878071.0689699799,4.895246460683999
fog_MC,tot_fnp,MTL-LSTM (full),251,209616.07381170243,0.38118365351677513
fog_MC,tot_fnp,MTL-LSTM (full),253,1372193.910088405,200.0
fog_MC,tot_fnp,MTL-LSTM (full),254,598028.955403287,2.9886213986419445
fog_MC,tot_fnp,MTL-LSTM (full),255,65278.98933003843,0.23895932825028146
fog_MC,tot_fnp,MTL-LSTM (full),256,1069686.6850763857,0.960611051752467
fog_MC,tot_fnp,MTL-LSTM (full),257,19844890.770659685,8.839143055451316
fog_MC,tot_fnp,MTL-LSTM (full),259,284606.87243267894,0.2397651570303581
fog_MC,tot_fnp,MTL-LSTM (full),261,5478147.915796816,3.173154715956404
fog_MC,tot_fnp,MTL-LSTM (full),262,1418187.9962793887,2.5515230415562145
fog_MC,tot_fnp,MTL-LSTM (full),263,2121674.9413313046,14.398476711171849
fog_MC,tot_fnp,MTL-LSTM (full),264,0.24032512307167053,200.0
fog_MC,tot_fnp,MTL-LSTM (full),265,27422478.02560833,15.121704342617578
fog_MC,tot_fnp,MTL-LSTM (full),266,0.030154068022966385,200.0
fog_MC,tot_fnp,MTL-LSTM (full),267,43711.88223196566,0.23035732197677605
fog_MC,tot_fnp,MTL-LSTM (full),269,2465606.9188084602,2.0398949481706925
fog_MC,tot_fnp,MTL-LSTM (full),270,55165860.08525729,2.788925719259271
fog_MC,tot_fnp,MTL-LSTM (full),272,199441.8454144895,2.1685223765800314
fog_MC,tot_fnp,MTL-LSTM (full),273,471363.04498921335,1.8939996886157864
fog_MC,tot_fnp,MTL-LSTM (full),274,170665.79329636693,1.7595728451203299
fog_CM_CMS,tot_rev_gn,ARIMA,2,392840.0275673182,12.024716392682201
fog_CM_CMS,tot_rev_gn,ARIMA,3,110387.0,2.13576410880407
fog_CM_CMS,tot_rev_gn,ARIMA,6,1085243.177266959,12.583322393868212
fog_CM_CMS,tot_rev_gn,ARIMA,10,52649.07023517834,2.8971573083951383
fog_CM_CMS,tot_rev_gn,ARIMA,12,13750856.823067442,11.65289346960089
fog_CM_CMS,tot_rev_gn,ARIMA,20,30130939.07987061,148.19963112912052
fog_CM_CMS,tot_rev_gn,ARIMA,24,1140173.6092190482,6.189252962481832
fog_CM_CMS,tot_rev_gn,ARIMA,25,1773121.1924026608,6.714391325293819
fog_CM_CMS,tot_rev_gn,ARIMA,31,2440707.6052185073,4.750575413707344
fog_CM_CMS,tot_rev_gn,ARIMA,34,1176945.0,1.4423395698929908
fog_CM_CMS,tot_rev_gn,ARIMA,35,20422142.843957007,15.588350042199384
fog_CM_CMS,tot_rev_gn,ARIMA,38,839179.100569047,3.782705229754748
fog_CM_CMS,tot_rev_gn,ARIMA,42,78097231.24977241,200.0
fog_CM_CMS,tot_rev_gn,ARIMA,44,279637.0,0.659770951276216
fog_CM_CMS,tot_rev_gn,ARIMA,48,2700807.710405417,5.404394885449585
fog_CM_CMS,tot_rev_gn,ARIMA,51,219838.5174798956,3.4785534677743195
fog_CM_CMS,tot_rev_gn,ARIMA,52,232183.36527862702,14.262178113128494
fog_CM_CMS,tot_rev_gn,ARIMA,58,3070909.875419572,4.416306391576122
fog_CM_CMS,tot_rev_gn,ARIMA,59,159752080.0,200.0
fog_CM_CMS,tot_rev_gn,ARIMA,60,1884490.9442732222,17.64590623874951
fog_CM_CMS,tot_rev_gn,ARIMA,61,810699.9648327772,5.846211697232435
fog_CM_CMS,tot_rev_gn,ARIMA,62,19460699.67255889,30.275428543123756
fog_CM_CMS,tot_rev_gn,ARIMA,64,633345.1799396286,9.095359078740275
fog_CM_CMS,tot_rev_gn,ARIMA,66,219706.91796150524,13.970992738574928
fog_CM_CMS,tot_rev_gn,ARIMA,68,1533493.5361398533,7.988131974671305
fog_CM_CMS,tot_rev_gn,ARIMA,73,866745.967039194,14.43937432727881
fog_CM_CMS,tot_rev_gn,ARIMA,77,184234.3252610684,24.28346603303332
fog_CM_CMS,tot_rev_gn,ARIMA,102,674948.2245311923,2.2702351729654504
fog_CM_CMS,tot_rev_gn,ARIMA,109,211507.02252244484,3.0073468944928896
fog_CM_CMS,tot_rev_gn,ARIMA,112,1308236.7162523568,0.5328966275958191
fog_CM_CMS,tot_rev_gn,ARIMA,114,11796366.214764565,6.412507885603446
fog_CM_CMS,tot_rev_gn,ARIMA,122,158297.68669495732,0.5024743572673314
fog_CM_CMS,tot_rev_gn,ARIMA,125,2163012.804257095,4.400538465560083
fog_CM_CMS,tot_rev_gn,ARIMA,126,6622385.780958749,198.1995349043532
fog_CM_CMS,tot_rev_gn,ARIMA,127,1528121.2939400151,3.2334156347044245
fog_CM_CMS,tot_rev_gn,ARIMA,133,156255.36110063083,4.416130608058253
fog_CM_CMS,tot_rev_gn,ARIMA,135,38291.48076888872,0.9880512955001046
fog_CM_CMS,tot_rev_gn,ARIMA,136,2602566.0613947883,11.038670111773419
fog_CM_CMS,tot_rev_gn,ARIMA,159,6898110.846961677,17.14554984520924
fog_CM_CMS,tot_rev_gn,ARIMA,161,202679.63595306315,1.6623857967220026
fog_CM_CMS,tot_rev_gn,ARIMA,164,312422.0,3.435798099270857
fog_CM_CMS,tot_rev_gn,ARIMA,165,21880.2016184628,0.15073051802193424
fog_CM_CMS,tot_rev_gn,ARIMA,179,437558.66287606955,0.9861393898720826
fog_CM_CMS,tot_rev_gn,ARIMA,183,9758.879970403388,0.06485858976310065
fog_CM_CMS,tot_rev_gn,ARIMA,184,2407308.0410624743,1.7546768368111365
fog_CM_CMS,tot_rev_gn,ARIMA,185,765485.1074195616,41.16663213060718
fog_CM_CMS,tot_rev_gn,ARIMA,194,48871.0,13.279495460146704
fog_CM_CMS,tot_rev_gn,ARIMA,195,269482.9677688703,5.875669489072638
fog_CM_CMS,tot_rev_gn,ARIMA,197,103859.0695569946,7.572864091772495
fog_CM_CMS,tot_rev_gn,ARIMA,201,1278617.5115707116,34.778844181849614
fog_CM_CMS,tot_rev_gn,ARIMA,205,408115.7424550224,3.623118806284814
fog_CM_CMS,tot_rev_gn,ARIMA,208,8360535.0,6.2271561182692325
fog_CM_CMS,tot_rev_gn,ARIMA,210,724314.1049155304,10.807227306290981
fog_CM_CMS,tot_rev_gn,ARIMA,211,345971.59821263375,10.520881690230727
fog_CM_CMS,tot_rev_gn,ARIMA,220,192295.44316125102,3.526120561784091
fog_CM_CMS,tot_rev_gn,ARIMA,222,179919.9034663597,2.275873170915248
fog_CM_CMS,tot_rev_gn,ARIMA,224,4845916.986504212,9.851886841291826
fog_CM_CMS,tot_rev_gn,ARIMA,225,3901701.3853475526,9.151310385764235
fog_CM_CMS,tot_rev_gn,ARIMA,227,1029098.7782394863,35.34773099604364
fog_CM_CMS,tot_rev_gn,ARIMA,232,1099.4997218870558,0.03139712820949059
fog_CM_CMS,tot_rev_gn,ARIMA,233,82249.0,15.267188325145876
fog_CM_CMS,tot_rev_gn,ARIMA,238,513589.7995083658,10.00987968109737
fog_CM_CMS,tot_rev_gn,ARIMA,252,130247.99378079036,6.930912451852131
fog_CM_CMS,tot_rev_gn,ARIMA,258,671681.0,14.022218026084735
fog_CM_CMS,tot_rev_gn,ARIMA,260,39080345.64991766,18.112341685531756
fog_CM_CMS,tot_rev_gn,ARIMA,268,1698194.2343316674,4.897300644609544
fog_CM_CMS,tot_rev_gn,ARIMA,271,513617.96189471893,5.373381651469191
fog_CM_CMS,tot_rev_gn,STL-LSTM (full),2,311081.697661221,9.404440555344678
fog_CM_CMS,tot_rev_gn,STL-LSTM (full),3,110386.53889980912,2.1357550921833672
fog_CM_CMS,tot_rev_gn,STL-LSTM (full),6,1085243.4709815383,12.583325585200274
fog_CM_CMS,tot_rev_gn,STL-LSTM (full),10,52649.30599540472,2.897170093808533
fog_CM_CMS,tot_rev_gn,STL-LSTM (full),12,10930017.519883066,9.1530286531213
fog_CM_CMS,tot_rev_gn,STL-LSTM (full),20,574796.3968188763,11.54568800067754
fog_CM_CMS,tot_rev_gn,STL-LSTM (full),24,2051041.4832668304,10.246274334420432
fog_CM_CMS,tot_rev_gn,STL-LSTM (full),25,235274.52293467522,0.9261473054727452
fog_CM_CMS,tot_rev_gn,STL-LSTM (full),31,2440710.6950286925,4.750581570540873
fog_CM_CMS,tot_rev_gn,STL-LSTM (full),34,1176944.394203782,1.4423388221391247
fog_CM_CMS,tot_rev_gn,STL-LSTM (full),35,10840201.40111053,7.982476475351609
fog_CM_CMS,tot_rev_gn,STL-LSTM (full),38,1184940.5284424722,5.383218736949376
fog_CM_CMS,tot_rev_gn,STL-LSTM (full),42,1243862.3993335962,2.8378755125393473
fog_CM_CMS,tot_rev_gn,STL-LSTM (full),44,279636.52739468217,0.659769832540575
fog_CM_CMS,tot_rev_gn,STL-LSTM (full),48,2700807.5314385295,5.404394517654578
fog_CM_CMS,tot_rev_gn,STL-LSTM (full),51,219838.52268514037,3.4785535515705917
fog_CM_CMS,tot_rev_gn,STL-LSTM (full),52,232183.45873719454,14.26218344456467
fog_CM_CMS,tot_rev_gn,STL-LSTM (full),58,3070909.6911788583,4.416306120767011
fog_CM_CMS,tot_rev_gn,STL-LSTM (full),59,6220907.51449132,3.9714267935717853
fog_CM_CMS,tot_rev_gn,STL-LSTM (full),60,344884.47333329916,2.9241952094853696
fog_CM_CMS,tot_rev_gn,STL-LSTM (full),61,268360.5288566053,1.8981144995597214
fog_CM_CMS,tot_rev_gn,STL-LSTM (full),62,2353986.528631687,4.410567210410862
fog_CM_CMS,tot_rev_gn,STL-LSTM (full),64,1346640.5202034116,20.382826770710274
fog_CM_CMS,tot_rev_gn,STL-LSTM (full),66,168778.4575883448,10.909137675583198
fog_CM_CMS,tot_rev_gn,STL-LSTM (full),68,1533494.6936293542,7.988138244979879
fog_CM_CMS,tot_rev_gn,STL-LSTM (full),73,15856.596762359142,0.28431048984931984
fog_CM_CMS,tot_rev_gn,STL-LSTM (full),77,118529.60361385345,16.330220021109405
fog_CM_CMS,tot_rev_gn,STL-LSTM (full),102,325360.31016272306,1.0762659128941114
fog_CM_CMS,tot_rev_gn,STL-LSTM (full),109,211512.68839263916,3.0074286669956574
fog_CM_CMS,tot_rev_gn,STL-LSTM (full),112,1308266.6904187202,0.532908869794108
fog_CM_CMS,tot_rev_gn,STL-LSTM (full),114,9709231.517665863,5.605600843871359
fog_CM_CMS,tot_rev_gn,STL-LSTM (full),122,158300.59792935848,0.5024835749978512
fog_CM_CMS,tot_rev_gn,STL-LSTM (full),125,2163014.5266414285,4.400542046762306
fog_CM_CMS,tot_rev_gn,STL-LSTM (full),126,345253.4776901305,5.058591018273314
fog_CM_CMS,tot_rev_gn,STL-LSTM (full),127,3668706.524118513,7.942644507578023
fog_CM_CMS,tot_rev_gn,STL-LSTM (full),133,196431.70019888878,5.84280255318116
fog_CM_CMS,tot_rev_gn,STL-LSTM (full),135,38291.30488523841,0.9880467795205445
fog_CM_CMS,tot_rev_gn,STL-LSTM (full),136,901076.3079358637,3.964946774243815
fog_CM_CMS,tot_rev_gn,STL-LSTM (full),159,1457877.4787381291,3.886373285872641
fog_CM_CMS,tot_rev_gn,STL-LSTM (full),161,465326.52339988947,3.9241268570913084
fog_CM_CMS,tot_rev_gn,STL-LSTM (full),164,312421.6877974868,3.4357946069045027
fog_CM_CMS,tot_rev_gn,STL-LSTM (full),165,21880.513677686453,0.15073266938686242
fog_CM_CMS,tot_rev_gn,STL-LSTM (full),179,3218613.700157255,7.488570913157113
fog_CM_CMS,tot_rev_gn,STL-LSTM (full),183,9756.396183371544,0.06484207688935967
fog_CM_CMS,tot_rev_gn,STL-LSTM (full),184,2233184.531340182,1.6557614675503165
fog_CM_CMS,tot_rev_gn,STL-LSTM (full),185,12751.594173789024,0.8597858638153142
fog_CM_CMS,tot_rev_gn,STL-LSTM (full),194,48870.69766116142,13.2794078522568
fog_CM_CMS,tot_rev_gn,STL-LSTM (full),195,13857.517257839441,0.311772616853239
fog_CM_CMS,tot_rev_gn,STL-LSTM (full),197,103859.30471876264,7.5728805892952025
fog_CM_CMS,tot_rev_gn,STL-LSTM (full),201,1278619.5651626587,34.778909753744685
fog_CM_CMS,tot_rev_gn,STL-LSTM (full),205,408116.2913452387,3.623123590878577
fog_CM_CMS,tot_rev_gn,STL-LSTM (full),208,8360535.592850208,6.22715654609169
fog_CM_CMS,tot_rev_gn,STL-LSTM (full),210,724312.4387485087,10.807203789369014
fog_CM_CMS,tot_rev_gn,STL-LSTM (full),211,416777.47326797247,12.53907031649991
fog_CM_CMS,tot_rev_gn,STL-LSTM (full),220,192295.53175586462,3.526122214985037
fog_CM_CMS,tot_rev_gn,STL-LSTM (full),222,179919.47550359368,2.2758678190580715
fog_CM_CMS,tot_rev_gn,STL-LSTM (full),224,1888108.5911468267,3.9575687911859143
fog_CM_CMS,tot_rev_gn,STL-LSTM (full),225,1180645.2989591956,2.613399344744356
fog_CM_CMS,tot_rev_gn,STL-LSTM (full),227,1029098.4800272882,35.34772256332464
fog_CM_CMS,tot_rev_gn,STL-LSTM (full),232,1099.310287028551,0.03139171958875415
fog_CM_CMS,tot_rev_gn,STL-LSTM (full),233,82249.59888851643,15.267291005705102
fog_CM_CMS,tot_rev_gn,STL-LSTM (full),238,513590.5979113579,10.009894463179535
fog_CM_CMS,tot_rev_gn,STL-LSTM (full),252,512923.398781538,32.92936716681126
fog_CM_CMS,tot_rev_gn,STL-LSTM (full),258,671680.4085128903,14.022204812283354
fog_CM_CMS,tot_rev_gn,STL-LSTM (full),260,13289113.408690572,5.811684101828834
fog_CM_CMS,tot_rev_gn,STL-LSTM (full),268,1698195.4002870917,4.89730408935868
fog_CM_CMS,tot_rev_gn,STL-LSTM (full),271,513618.59839469194,5.373388131515374
fog_CM_CMS,tot_rev_gn,MTL-LSTM (full),2,311081.93189445883,9.404447969521401
fog_CM_CMS,tot_rev_gn,MTL-LSTM (full),3,110387.0000257343,2.135764109307294
fog_CM_CMS,tot_rev_gn,MTL-LSTM (full),6,1085243.0281880144,12.583320774062926
fog_CM_CMS,tot_rev_gn,MTL-LSTM (full),10,52648.86204615235,2.897146018182504
fog_CM_CMS,tot_rev_gn,MTL-LSTM (full),12,10930017.973713934,9.153029050561834
fog_CM_CMS,tot_rev_gn,MTL-LSTM (full),20,574796.9761645384,11.545700309535125
fog_CM_CMS,tot_rev_gn,MTL-LSTM (full),24,2051040.796135828,10.246271077618085
fog_CM_CMS,tot_rev_gn,MTL-LSTM (full),25,235275.21249511838,0.9261500324654319
fog_CM_CMS,tot_rev_gn,MTL-LSTM (full),31,2440710.7456173897,4.750581671345187
fog_CM_CMS,tot_rev_gn,MTL-LSTM (full),34,1176944.9535895586,1.442339512607082
fog_CM_CMS,tot_rev_gn,MTL-LSTM (full),35,10840201.941751078,7.982476889356679
fog_CM_CMS,tot_rev_gn,MTL-LSTM (full),38,1184940.910231717,5.3832205181142685
fog_CM_CMS,tot_rev_gn,MTL-LSTM (full),42,1243862.9564528018,2.8378768016440463
fog_CM_CMS,tot_rev_gn,MTL-LSTM (full),44,279636.86612813175,0.6597706343791662
fog_CM_CMS,tot_rev_gn,MTL-LSTM (full),48,2700808.056252584,5.4043955962004055
fog_CM_CMS,tot_rev_gn,MTL-LSTM (full),51,219839.01474392414,3.4785614729451373
fog_CM_CMS,tot_rev_gn,MTL-LSTM (full),52,232182.9689337369,14.26215550323986
fog_CM_CMS,tot_rev_gn,MTL-LSTM (full),58,3070910.0424396396,4.416306637073197
fog_CM_CMS,tot_rev_gn,MTL-LSTM (full),59,6220907.940052122,3.97142707064451
fog_CM_CMS,tot_rev_gn,MTL-LSTM (full),60,344883.9184939638,2.924190573913865
fog_CM_CMS,tot_rev_gn,MTL-LSTM (full),61,268361.1006192416,1.8981185820185682
fog_CM_CMS,tot_rev_gn,MTL-LSTM (full),62,2353987.1041943207,4.410568312600725
fog_CM_CMS,tot_rev_gn,MTL-LSTM (full),64,1346640.8881179318,20.38283290702222
fog_CM_CMS,tot_rev_gn,MTL-LSTM (full),66,168777.9852075819,10.909108808279232
fog_CM_CMS,tot_rev_gn,MTL-LSTM (full),68,1533494.9657285623,7.988139718985527
fog_CM_CMS,tot_rev_gn,MTL-LSTM (full),73,15856.22933781147,0.2843039112524752
fog_CM_CMS,tot_rev_gn,MTL-LSTM (full),77,118528.91947762668,16.330133461416516
fog_CM_CMS,tot_rev_gn,MTL-LSTM (full),102,325360.0697851926,1.0762651220234036
fog_CM_CMS,tot_rev_gn,MTL-LSTM (full),109,211512.99163143616,3.0074330434824175
fog_CM_CMS,tot_rev_gn,MTL-LSTM (full),112,1308267.0559530854,0.5329090190874829
fog_CM_CMS,tot_rev_gn,MTL-LSTM (full),114,9709232.146623105,5.605601217175994
fog_CM_CMS,tot_rev_gn,MTL-LSTM (full),122,158300.13380546868,0.5024821054601266
fog_CM_CMS,tot_rev_gn,MTL-LSTM (full),125,2163015.2024786025,4.400543451971121
fog_CM_CMS,tot_rev_gn,MTL-LSTM (full),126,345253.0046644211,5.058584262884157
fog_CM_CMS,tot_rev_gn,MTL-LSTM (full),127,3668707.064988792,7.942645725049627
fog_CM_CMS,tot_rev_gn,MTL-LSTM (full),133,196432.18605852127,5.842817427126252
fog_CM_CMS,tot_rev_gn,MTL-LSTM (full),135,38291.03174317628,0.9880397663385979
fog_CM_CMS,tot_rev_gn,MTL-LSTM (full),136,901076.0300222933,3.96494557560238
fog_CM_CMS,tot_rev_gn,MTL-LSTM (full),159,1457876.7763390094,3.8863714498195994
fog_CM_CMS,tot_rev_gn,MTL-LSTM (full),161,465327.1195681542,3.9241319832578467
fog_CM_CMS,tot_rev_gn,MTL-LSTM (full),164,312422.0664219782,3.4357988422818093
fog_CM_CMS,tot_rev_gn,MTL-LSTM (full),165,21880.95631632954,0.15073572097837185
fog_CM_CMS,tot_rev_gn,MTL-LSTM (full),179,3218614.015649393,7.488571674679751
fog_CM_CMS,tot_rev_gn,MTL-LSTM (full),183,9757.017890919,0.06484621016546913
fog_CM_CMS,tot_rev_gn,MTL-LSTM (full),184,2233185.1694905907,1.6557619446145442
fog_CM_CMS,tot_rev_gn,MTL-LSTM (full),185,12751.20926232636,0.8597600224358872
fog_CM_CMS,tot_rev_gn,MTL-LSTM (full),194,48870.87811386585,13.27946014152972
fog_CM_CMS,tot_rev_gn,MTL-LSTM (full),195,13858.145969823003,0.3117867839476342
fog_CM_CMS,tot_rev_gn,MTL-LSTM (full),197,103859.15243473649,7.572869905972294
fog_CM_CMS,tot_rev_gn,MTL-LSTM (full),201,1278619.742166102,34.77891540552704
fog_CM_CMS,tot_rev_gn,MTL-LSTM (full),205,408116.41409674287,3.6231246608850123
fog_CM_CMS,tot_rev_gn,MTL-LSTM (full),208,8360534.916180432,6.227156057781957
fog_CM_CMS,tot_rev_gn,MTL-LSTM (full),210,724312.0546691194,10.807198368324011
fog_CM_CMS,tot_rev_gn,MTL-LSTM (full),211,416776.8428938389,12.539052540243881
fog_CM_CMS,tot_rev_gn,MTL-LSTM (full),220,192296.16092567146,3.526133955475185
fog_CM_CMS,tot_rev_gn,MTL-LSTM (full),222,179919.1037145406,2.275863169676933
fog_CM_CMS,tot_rev_gn,MTL-LSTM (full),224,1888107.9205246195,3.957567413343587
fog_CM_CMS,tot_rev_gn,MTL-LSTM (full),225,1180644.89446757,2.6133984610877175
fog_CM_CMS,tot_rev_gn,MTL-LSTM (full),227,1029098.0098520322,35.34770926790491
fog_CM_CMS,tot_rev_gn,MTL-LSTM (full),232,1098.9390493147075,0.03138112025041785
fog_CM_CMS,tot_rev_gn,MTL-LSTM (full),233,82249.0402463004,15.26719522545313
fog_CM_CMS,tot_rev_gn,MTL-LSTM (full),238,513589.9822224565,10.009883063969042
fog_CM_CMS,tot_rev_gn,MTL-LSTM (full),252,512924.296315372,32.929434275086706
fog_CM_CMS,tot_rev_gn,MTL-LSTM (full),258,671681.0337829962,14.022218780795741
fog_CM_CMS,tot_rev_gn,MTL-LSTM (full),260,13289114.119243205,5.811684421602192
fog_CM_CMS,tot_rev_gn,MTL-LSTM (full),268,1698196.057057485,4.897306029749587
fog_CM_CMS,tot_rev_gn,MTL-LSTM (full),271,513617.8208668232,5.373380215699586
fog_CM_CMS,tot_exp_gn,ARIMA,2,327877.55432997504,9.42278087739085
fog_CM_CMS,tot_exp_gn,ARIMA,3,967127.0,18.088275464531296
fog_CM_CMS,tot_exp_gn,ARIMA,6,612781.6517372429,6.79243462823169
fog_CM_CMS,tot_exp_gn,ARIMA,10,759977.4097447065,36.462107426038074
fog_CM_CMS,tot_exp_gn,ARIMA,12,19027978.0610895,18.721316157044907
fog_CM_CMS,tot_exp_gn,ARIMA,20,1158233.4221253092,26.06288591278565
fog_CM_CMS,tot_exp_gn,ARIMA,24,793900.3118099235,3.949940632259773
fog_CM_CMS,tot_exp_gn,ARIMA,25,886985.0,3.9347251331757302
fog_CM_CMS,tot_exp_gn,ARIMA,31,2108701.2374637425,4.417832963415792
fog_CM_CMS,tot_exp_gn,ARIMA,34,2912879.7850063145,4.0419653252518755
fog_CM_CMS,tot_exp_gn,ARIMA,35,14553725.827639788,9.43275354818208
fog_CM_CMS,tot_exp_gn,ARIMA,38,2123931.8483519554,13.875838344632117
fog_CM_CMS,tot_exp_gn,ARIMA,42,2623694.782360144,6.677023725938108
fog_CM_CMS,tot_exp_gn,ARIMA,44,5117747.755882248,13.804624931142001
fog_CM_CMS,tot_exp_gn,ARIMA,48,3351817.865365185,7.9458594429954195
fog_CM_CMS,tot_exp_gn,ARIMA,51,855026.2643609503,17.654225831207455
fog_CM_CMS,tot_exp_gn,ARIMA,52,402153.0,18.093454933281024
fog_CM_CMS,tot_exp_gn,ARIMA,58,3741774.0,5.857894702977016
fog_CM_CMS,tot_exp_gn,ARIMA,59,43029564.980131984,32.16285480246108
fog_CM_CMS,tot_exp_gn,ARIMA,60,368445.3491840847,3.672341256408055
fog_CM_CMS,tot_exp_gn,ARIMA,61,478856.831568053,3.2531725203294033
fog_CM_CMS,tot_exp_gn,ARIMA,62,2932525.846177712,6.481534544191983
fog_CM_CMS,tot_exp_gn,ARIMA,64,1463730.0,24.80264366328064
fog_CM_CMS,tot_exp_gn,ARIMA,66,637074.0734508098,52.5285867543971
fog_CM_CMS,tot_exp_gn,ARIMA,68,2217254.725035753,13.40099893128749
fog_CM_CMS,tot_exp_gn,ARIMA,73,21192.730990347452,0.4868820197341616
fog_CM_CMS,tot_exp_gn,ARIMA,77,816789.0085621543,195.7879184055789
fog_CM_CMS,tot_exp_gn,ARIMA,102,654413.4775289595,2.5037606176672007
fog_CM_CMS,tot_exp_gn,ARIMA,109,46341.81202907208,0.742330463284109
fog_CM_CMS,tot_exp_gn,ARIMA,112,22282577.149950415,9.68369029212042
fog_CM_CMS,tot_exp_gn,ARIMA,114,14336411.0,9.21155083150705
fog_CM_CMS,tot_exp_gn,ARIMA,122,2854195.0,9.993245216835367
fog_CM_CMS,tot_exp_gn,ARIMA,125,3513708.9945337996,6.78948870871299
fog_CM_CMS,tot_exp_gn,ARIMA,126,1562797.3308522692,32.809521182945865
fog_CM_CMS,tot_exp_gn,ARIMA,127,539169.3096598089,1.3838683784194823
fog_CM_CMS,tot_exp_gn,ARIMA,133,1885289.7106367224,48.36691535650115
fog_CM_CMS,tot_exp_gn,ARIMA,135,110983.0,3.070368549077054
fog_CM_CMS,tot_exp_gn,ARIMA,136,3528230.7900758833,14.972228711553711
fog_CM_CMS,tot_exp_gn,ARIMA,159,5500331.632404104,13.653797069494686
fog_CM_CMS,tot_exp_gn,ARIMA,161,964887.0,9.149239630481041
fog_CM_CMS,tot_exp_gn,ARIMA,164,1729421.4242841732,20.941764281299704
fog_CM_CMS,tot_exp_gn,ARIMA,165,1337615.7498592418,11.418090679526259
fog_CM_CMS,tot_exp_gn,ARIMA,179,1287961.7146300487,4.0372920212170325
fog_CM_CMS,tot_exp_gn,ARIMA,183,713933.2243741713,8.473751126519366
fog_CM_CMS,tot_exp_gn,ARIMA,184,2532916.187952444,2.098630139034959
fog_CM_CMS,tot_exp_gn,ARIMA,185,290333.0476691171,23.10843076572761
fog_CM_CMS,tot_exp_gn,ARIMA,194,164365.72413304006,43.34674735048657
fog_CM_CMS,tot_exp_gn,ARIMA,195,504897.0,12.260380559714346
fog_CM_CMS,tot_exp_gn,ARIMA,197,512015.2583035517,40.08109211987755
fog_CM_CMS,tot_exp_gn,ARIMA,201,1809482.9264319483,34.59079229544357
fog_CM_CMS,tot_exp_gn,ARIMA,205,1011155.7262112387,7.242892323416513
fog_CM_CMS,tot_exp_gn,ARIMA,208,11096364.978498831,8.677223965239543
fog_CM_CMS,tot_exp_gn,ARIMA,210,163895.54721382912,2.5800070518890146
fog_CM_CMS,tot_exp_gn,ARIMA,211,219947.5842112573,20.6438885761185
fog_CM_CMS,tot_exp_gn,ARIMA,220,1839720.4532703562,30.16709735055936
fog_CM_CMS,tot_exp_gn,ARIMA,222,1226644.4022579277,22.17393283194263
fog_CM_CMS,tot_exp_gn,ARIMA,224,745759.9016942158,1.6371031658068327
fog_CM_CMS,tot_exp_gn,ARIMA,225,10101144.855944246,23.390918928624814
fog_CM_CMS,tot_exp_gn,ARIMA,227,1135237.0,42.3993230969993
fog_CM_CMS,tot_exp_gn,ARIMA,232,771610.2076900066,23.89123601756897
fog_CM_CMS,tot_exp_gn,ARIMA,233,131015.7266676994,18.9088116749525
fog_CM_CMS,tot_exp_gn,ARIMA,238,999998.4987620227,21.108324843309887
fog_CM_CMS,tot_exp_gn,ARIMA,252,784144.0,48.33654798648058
fog_CM_CMS,tot_exp_gn,ARIMA,258,1187904.9892583308,33.045878538712635
fog_CM_CMS,tot_exp_gn,ARIMA,260,16761140.351878077,7.66724767978625
fog_CM_CMS,tot_exp_gn,ARIMA,268,4751973.152665906,20.68776077803261
fog_CM_CMS,tot_exp_gn,ARIMA,271,21052.859981853515,0.2922151372614615
fog_CM_CMS,tot_exp_gn,STL-LSTM (full),2,327877.4608191848,9.42277806339759
fog_CM_CMS,tot_exp_gn,STL-LSTM (full),3,967126.4655176997,18.08826456395939
fog_CM_CMS,tot_exp_gn,STL-LSTM (full),6,481091.4284199476,5.6768661180390385
fog_CM_CMS,tot_exp_gn,STL-LSTM (full),10,759977.5774837732,36.46211400661075
fog_CM_CMS,tot_exp_gn,STL-LSTM (full),12,548257.5826943517,0.593364076724223
fog_CM_CMS,tot_exp_gn,STL-LSTM (full),20,485858.42216938734,10.164013461912734
fog_CM_CMS,tot_exp_gn,STL-LSTM (full),24,793897.5800220966,3.9499273090589817
fog_CM_CMS,tot_exp_gn,STL-LSTM (full),25,886984.4340130091,3.934722573023712
fog_CM_CMS,tot_exp_gn,STL-LSTM (full),31,832374.5947312713,1.7992994841031549
fog_CM_CMS,tot_exp_gn,STL-LSTM (full),34,2912881.436926663,4.041967663812496
fog_CM_CMS,tot_exp_gn,STL-LSTM (full),35,9041191.431508183,6.3450607144557
fog_CM_CMS,tot_exp_gn,STL-LSTM (full),38,435838.43981033564,2.698566584133537
fog_CM_CMS,tot_exp_gn,STL-LSTM (full),42,2623685.422985673,6.676999112142886
fog_CM_CMS,tot_exp_gn,STL-LSTM (full),44,3246202.588946104,8.540733200375964
fog_CM_CMS,tot_exp_gn,STL-LSTM (full),48,3351817.422671616,7.94585835184667
fog_CM_CMS,tot_exp_gn,STL-LSTM (full),51,855027.5321335793,17.654254318275846
fog_CM_CMS,tot_exp_gn,STL-LSTM (full),52,402152.4626585245,18.09342857038371
fog_CM_CMS,tot_exp_gn,STL-LSTM (full),58,3741773.425839424,5.857893777778545
fog_CM_CMS,tot_exp_gn,STL-LSTM (full),59,12181798.421206832,8.164174848770845
fog_CM_CMS,tot_exp_gn,STL-LSTM (full),60,97945.56063938141,0.9540606322553997
fog_CM_CMS,tot_exp_gn,STL-LSTM (full),61,1260236.442684114,8.795007593351361
fog_CM_CMS,tot_exp_gn,STL-LSTM (full),62,2932506.4327861667,6.481490245741462
fog_CM_CMS,tot_exp_gn,STL-LSTM (full),64,1463729.5103487074,24.802634337282907
fog_CM_CMS,tot_exp_gn,STL-LSTM (full),66,1299.4785568118095,0.14520502067684338
fog_CM_CMS,tot_exp_gn,STL-LSTM (full),68,2217256.5090919137,13.401010436551283
fog_CM_CMS,tot_exp_gn,STL-LSTM (full),73,21192.44884932041,0.48687552204388607
fog_CM_CMS,tot_exp_gn,STL-LSTM (full),77,49356.54746747017,5.804922955571782
fog_CM_CMS,tot_exp_gn,STL-LSTM (full),102,654397.4352961779,2.50369847235892
fog_CM_CMS,tot_exp_gn,STL-LSTM (full),109,648405.584600985,9.908733243915712
fog_CM_CMS,tot_exp_gn,STL-LSTM (full),112,26850989.579353422,11.786055412313875
fog_CM_CMS,tot_exp_gn,STL-LSTM (full),114,14336410.498544812,9.211550494468094
fog_CM_CMS,tot_exp_gn,STL-LSTM (full),122,2854194.42639482,9.993243108152386
fog_CM_CMS,tot_exp_gn,STL-LSTM (full),125,6242826.429536521,13.31833634771045
fog_CM_CMS,tot_exp_gn,STL-LSTM (full),126,499882.4406260252,9.44118395781333
fog_CM_CMS,tot_exp_gn,STL-LSTM (full),127,2119164.589496374,5.5517619432730285
fog_CM_CMS,tot_exp_gn,STL-LSTM (full),133,1885289.5076261163,48.36690888875811
fog_CM_CMS,tot_exp_gn,STL-LSTM (full),135,110982.50410288572,3.070354619364288
fog_CM_CMS,tot_exp_gn,STL-LSTM (full),136,3528231.432308674,14.972231640924266
fog_CM_CMS,tot_exp_gn,STL-LSTM (full),159,305100.56388270855,0.8095720309224376
fog_CM_CMS,tot_exp_gn,STL-LSTM (full),161,964886.4563933611,9.149234240098556
fog_CM_CMS,tot_exp_gn,STL-LSTM (full),164,614603.4621841908,6.9717314484655555
fog_CM_CMS,tot_exp_gn,STL-LSTM (full),165,433246.5556060076,3.4383795103969335
fog_CM_CMS,tot_exp_gn,STL-LSTM (full),179,935874.4297664165,3.0395692518075377
fog_CM_CMS,tot_exp_gn,STL-LSTM (full),183,961683.5206744075,11.58465408619701
fog_CM_CMS,tot_exp_gn,STL-LSTM (full),184,8888597.438258946,7.563737279547269
fog_CM_CMS,tot_exp_gn,STL-LSTM (full),185,290332.43880176544,23.108376704917475
fog_CM_CMS,tot_exp_gn,STL-LSTM (full),194,164365.45996767282,43.346662585492545
fog_CM_CMS,tot_exp_gn,STL-LSTM (full),195,504896.4415629506,12.260366167941429
fog_CM_CMS,tot_exp_gn,STL-LSTM (full),197,227868.4387602806,16.052479213159927
fog_CM_CMS,tot_exp_gn,STL-LSTM (full),201,1809482.4568098783,34.59078176527156
fog_CM_CMS,tot_exp_gn,STL-LSTM (full),205,1011155.432518065,7.242890143511952
fog_CM_CMS,tot_exp_gn,STL-LSTM (full),208,7469657.442069709,6.298395619241657
fog_CM_CMS,tot_exp_gn,STL-LSTM (full),210,163896.52280658484,2.580022607566299
fog_CM_CMS,tot_exp_gn,STL-LSTM (full),211,63302.47318786383,6.412882201587018
fog_CM_CMS,tot_exp_gn,STL-LSTM (full),220,1839720.5008629262,30.167098248678787
fog_CM_CMS,tot_exp_gn,STL-LSTM (full),222,764675.5291733146,11.714531872540313
fog_CM_CMS,tot_exp_gn,STL-LSTM (full),224,745740.4797164798,1.6370608793778916
fog_CM_CMS,tot_exp_gn,STL-LSTM (full),225,6577851.508776009,14.635110344238388
fog_CM_CMS,tot_exp_gn,STL-LSTM (full),227,1135237.5677819252,42.39933980721229
fog_CM_CMS,tot_exp_gn,STL-LSTM (full),232,729256.5986460149,22.432758196377243
fog_CM_CMS,tot_exp_gn,STL-LSTM (full),233,58711.40201988816,8.939964483043711
fog_CM_CMS,tot_exp_gn,STL-LSTM (full),238,572808.5068657994,14.497602631586792
fog_CM_CMS,tot_exp_gn,STL-LSTM (full),252,784143.4763081074,48.33650790292554
fog_CM_CMS,tot_exp_gn,STL-LSTM (full),258,651421.4775751829,16.863288981965614
fog_CM_CMS,tot_exp_gn,STL-LSTM (full),260,24732887.41604829,11.52397599324951
fog_CM_CMS,tot_exp_gn,STL-LSTM (full),268,1865065.45163697,7.639506861084494
fog_CM_CMS,tot_exp_gn,STL-LSTM (full),271,21052.57091295719,0.2922111308275865
fog_CM_CMS,tot_exp_gn,MTL-LSTM (full),2,327877.9119077772,9.422791637877285
fog_CM_CMS,tot_exp_gn,MTL-LSTM (full),3,967126.7703989446,18.08827078190124
fog_CM_CMS,tot_exp_gn,MTL-LSTM (full),6,481091.9966849778,5.676873013883058
fog_CM_CMS,tot_exp_gn,MTL-LSTM (full),10,759977.0363584682,36.46209277771768
fog_CM_CMS,tot_exp_gn,MTL-LSTM (full),12,548257.0835867822,0.5933635381564385
fog_CM_CMS,tot_exp_gn,MTL-LSTM (full),20,485858.9651436731,10.164025398031773
fog_CM_CMS,tot_exp_gn,MTL-LSTM (full),24,793896.715681076,3.949923093581525
fog_CM_CMS,tot_exp_gn,MTL-LSTM (full),25,886984.9899145328,3.934725087555725
fog_CM_CMS,tot_exp_gn,MTL-LSTM (full),31,832374.9720063731,1.7993003069754574
fog_CM_CMS,tot_exp_gn,MTL-LSTM (full),34,2912882.092279166,4.041968591570049
fog_CM_CMS,tot_exp_gn,MTL-LSTM (full),35,9041191.910663068,6.345061061392301
fog_CM_CMS,tot_exp_gn,MTL-LSTM (full),38,435838.8644774705,2.698569249009176
fog_CM_CMS,tot_exp_gn,MTL-LSTM (full),42,2623686.0196794346,6.677000681360623
fog_CM_CMS,tot_exp_gn,MTL-LSTM (full),44,3246203.054315664,8.54073447704525
fog_CM_CMS,tot_exp_gn,MTL-LSTM (full),48,3351818.101925038,7.94586002606689
fog_CM_CMS,tot_exp_gn,MTL-LSTM (full),51,855027.9198429286,17.65426303017291
fog_CM_CMS,tot_exp_gn,MTL-LSTM (full),52,402152.9198545441,18.09345100120666
fog_CM_CMS,tot_exp_gn,MTL-LSTM (full),58,3741774.2607467473,5.857895123142564
fog_CM_CMS,tot_exp_gn,MTL-LSTM (full),59,12181798.992788583,8.164175247479108
fog_CM_CMS,tot_exp_gn,MTL-LSTM (full),60,97944.96409713477,0.9540548492211565
fog_CM_CMS,tot_exp_gn,MTL-LSTM (full),61,1260237.1297633052,8.795012599239094
fog_CM_CMS,tot_exp_gn,MTL-LSTM (full),62,2932507.133364886,6.481491844356792
fog_CM_CMS,tot_exp_gn,MTL-LSTM (full),64,1463729.9038078487,24.802641831185372
fog_CM_CMS,tot_exp_gn,MTL-LSTM (full),66,1298.9026647359133,0.14514071662560704
fog_CM_CMS,tot_exp_gn,MTL-LSTM (full),68,2217257.2514533997,13.401015223993276
fog_CM_CMS,tot_exp_gn,MTL-LSTM (full),73,21192.978309566155,0.4868877154807071
fog_CM_CMS,tot_exp_gn,MTL-LSTM (full),77,49356.057946730405,5.804867053084797
fog_CM_CMS,tot_exp_gn,MTL-LSTM (full),102,654397.9185613841,2.5037003444584394
fog_CM_CMS,tot_exp_gn,MTL-LSTM (full),109,648405.03702249,9.908725290568157
fog_CM_CMS,tot_exp_gn,MTL-LSTM (full),112,26850990.16050014,11.786055682436734
fog_CM_CMS,tot_exp_gn,MTL-LSTM (full),114,14336410.902968824,9.211550766290284
fog_CM_CMS,tot_exp_gn,MTL-LSTM (full),122,2854195.100998141,9.993245588123965
fog_CM_CMS,tot_exp_gn,MTL-LSTM (full),125,6242826.827465937,13.318337253178134
fog_CM_CMS,tot_exp_gn,MTL-LSTM (full),126,499882.95953552425,9.441194221001913
fog_CM_CMS,tot_exp_gn,MTL-LSTM (full),127,2119165.09301237,5.551763298994985
fog_CM_CMS,tot_exp_gn,MTL-LSTM (full),133,1885290.0201878585,48.36692521853438
fog_CM_CMS,tot_exp_gn,MTL-LSTM (full),135,110982.97128770873,3.0703677425508924
fog_CM_CMS,tot_exp_gn,MTL-LSTM (full),136,3528232.143125415,14.972234883121988
fog_CM_CMS,tot_exp_gn,MTL-LSTM (full),159,305099.9968432188,0.8095705323965054
fog_CM_CMS,tot_exp_gn,MTL-LSTM (full),161,964887.1955644935,9.149241569691092
fog_CM_CMS,tot_exp_gn,MTL-LSTM (full),164,614603.9255398065,6.971736887741938
fog_CM_CMS,tot_exp_gn,MTL-LSTM (full),165,433246.0615147576,3.4383756565488484
fog_CM_CMS,tot_exp_gn,MTL-LSTM (full),179,935875.0523541868,3.0395713046032813
fog_CM_CMS,tot_exp_gn,MTL-LSTM (full),183,961684.1193767637,11.58466171604788
fog_CM_CMS,tot_exp_gn,MTL-LSTM (full),184,8888598.205886394,7.563737957462171
fog_CM_CMS,tot_exp_gn,MTL-LSTM (full),185,290333.05162846297,23.10843111727462
fog_CM_CMS,tot_exp_gn,MTL-LSTM (full),194,164365.85330213606,43.346788798097364
fog_CM_CMS,tot_exp_gn,MTL-LSTM (full),195,504896.9627575949,12.260379599920809
fog_CM_CMS,tot_exp_gn,MTL-LSTM (full),197,227869.17751815915,16.052535432978075
fog_CM_CMS,tot_exp_gn,MTL-LSTM (full),201,1809482.996532023,34.59079386727319
fog_CM_CMS,tot_exp_gn,MTL-LSTM (full),205,1011156.1997761577,7.242895838398976
fog_CM_CMS,tot_exp_gn,MTL-LSTM (full),208,7469658.053629532,6.298396151146633
fog_CM_CMS,tot_exp_gn,MTL-LSTM (full),210,163897.0562000759,2.580031112444948
fog_CM_CMS,tot_exp_gn,MTL-LSTM (full),211,63301.90465065837,6.412826452461648
fog_CM_CMS,tot_exp_gn,MTL-LSTM (full),220,1839721.1365015805,30.167110243817064
fog_CM_CMS,tot_exp_gn,MTL-LSTM (full),222,764675.0126877185,11.71452442362933
fog_CM_CMS,tot_exp_gn,MTL-LSTM (full),224,745740.0695661157,1.6370599863793394
fog_CM_CMS,tot_exp_gn,MTL-LSTM (full),225,6577851.834550902,14.635111122096381
fog_CM_CMS,tot_exp_gn,MTL-LSTM (full),227,1135237.1066612005,42.39932623611214
fog_CM_CMS,tot_exp_gn,MTL-LSTM (full),232,729257.217144534,22.43277935608984
fog_CM_CMS,tot_exp_gn,MTL-LSTM (full),233,58710.937748491764,8.939896948607014
fog_CM_CMS,tot_exp_gn,MTL-LSTM (full),238,572808.9533499368,14.497614751101725
fog_CM_CMS,tot_exp_gn,MTL-LSTM (full),252,784143.8922028318,48.33653973564772
fog_CM_CMS,tot_exp_gn,MTL-LSTM (full),258,651421.9239514545,16.86330151157059
fog_CM_CMS,tot_exp_gn,MTL-LSTM (full),260,24732888.014919013,11.523976288363782
fog_CM_CMS,tot_exp_gn,MTL-LSTM (full),268,1865065.9827311002,7.639509119598288
fog_CM_CMS,tot_exp_gn,MTL-LSTM (full),271,21052.127634212375,0.29220498707745574
fog_CM_CMS,cash_ga,ARIMA,2,182868.3880388816,12.801993569001496
fog_CM_CMS,cash_ga,ARIMA,3,1563590.0863726847,17.403001567759997
fog_CM_CMS,cash_ga,ARIMA,6,1391152.0,24.050215373721294
fog_CM_CMS,cash_ga,ARIMA,10,323007.04282604903,9.253006332367256
fog_CM_CMS,cash_ga,ARIMA,12,10008366.917881846,6.835196258451422
fog_CM_CMS,cash_ga,ARIMA,20,59779.35206571594,0.5829649715682121
fog_CM_CMS,cash_ga,ARIMA,24,299474.210979715,3.4951708485425956
fog_CM_CMS,cash_ga,ARIMA,25,8034173.778050384,49.70859921539798
fog_CM_CMS,cash_ga,ARIMA,31,56549920.0,200.0
fog_CM_CMS,cash_ga,ARIMA,34,12988104.0,8.12485939720607
fog_CM_CMS,cash_ga,ARIMA,35,22963318.93449475,66.59119968849659
fog_CM_CMS,cash_ga,ARIMA,38,105549.00971174985,0.4349130800558
fog_CM_CMS,cash_ga,ARIMA,42,251501174.80527735,137.59189338132148
fog_CM_CMS,cash_ga,ARIMA,44,15534620.135506235,50.85982267794383
fog_CM_CMS,cash_ga,ARIMA,48,7404945.4861397445,14.780497663746605
fog_CM_CMS,cash_ga,ARIMA,51,1815105.2855336405,9.020276172964083
fog_CM_CMS,cash_ga,ARIMA,52,778804.0,27.251891141361284
fog_CM_CMS,cash_ga,ARIMA,58,120168002.5654022,200.0
fog_CM_CMS,cash_ga,ARIMA,59,20550450.92854452,13.196488896080119
fog_CM_CMS,cash_ga,ARIMA,60,1646588.401789803,12.533884022845454
fog_CM_CMS,cash_ga,ARIMA,61,1269164.7745548412,4.975267643812349
fog_CM_CMS,cash_ga,ARIMA,62,1349353.559752643,2.061671058384227
fog_CM_CMS,cash_ga,ARIMA,64,1860859.0,19.326826072960298
fog_CM_CMS,cash_ga,ARIMA,66,286404.7183326222,6.556022509532814
fog_CM_CMS,cash_ga,ARIMA,68,4761257.0,15.18537298546131
fog_CM_CMS,cash_ga,ARIMA,73,921018.3759005759,8.419733927776594
fog_CM_CMS,cash_ga,ARIMA,77,29624.688709843438,5.512981886627447
fog_CM_CMS,cash_ga,ARIMA,102,943744.5117148571,4.613563245712418
fog_CM_CMS,cash_ga,ARIMA,109,8366886.761379743,103.39471400495958
fog_CM_CMS,cash_ga,ARIMA,112,16138123.699347615,5.382002362285753
fog_CM_CMS,cash_ga,ARIMA,114,336937.4460325241,0.1353573535767407
fog_CM_CMS,cash_ga,ARIMA,122,57816120.915394284,200.0
fog_CM_CMS,cash_ga,ARIMA,125,20610554.475987583,24.30234160045412
fog_CM_CMS,cash_ga,ARIMA,126,2457667.7986028884,41.5893432399131
fog_CM_CMS,cash_ga,ARIMA,127,45744937.753323585,44.17133019421508
fog_CM_CMS,cash_ga,ARIMA,133,1159936.71281973,21.85189842499608
fog_CM_CMS,cash_ga,ARIMA,135,276538.67710983474,5.890926730860895
fog_CM_CMS,cash_ga,ARIMA,136,534277.4608348776,4.38119074543208
fog_CM_CMS,cash_ga,ARIMA,159,27599425.0,200.0
fog_CM_CMS,cash_ga,ARIMA,161,14555306.643495291,83.98507811206508
fog_CM_CMS,cash_ga,ARIMA,164,10756994.670262646,50.38054732599219
fog_CM_CMS,cash_ga,ARIMA,165,245028.12663082406,2.322611507165762
fog_CM_CMS,cash_ga,ARIMA,179,4179265.853253253,7.290322193783203
fog_CM_CMS,cash_ga,ARIMA,183,16710076.85289365,59.52312824150805
fog_CM_CMS,cash_ga,ARIMA,184,59617875.2047393,38.365129910388426
fog_CM_CMS,cash_ga,ARIMA,185,1034813.8487115086,64.51164005080598
fog_CM_CMS,cash_ga,ARIMA,194,440892.62633262866,78.09943222405931
fog_CM_CMS,cash_ga,ARIMA,195,658064.5333890095,11.33609008071846
fog_CM_CMS,cash_ga,ARIMA,197,774339.7900068092,64.75057785788984
fog_CM_CMS,cash_ga,ARIMA,201,2644476.1271498026,37.92114400057521
fog_CM_CMS,cash_ga,ARIMA,205,1346536.744534403,6.98789043556842
fog_CM_CMS,cash_ga,ARIMA,208,4447233.77546528,2.7917217031910835
fog_CM_CMS,cash_ga,ARIMA,210,568844.5205597254,10.776031277444924
fog_CM_CMS,cash_ga,ARIMA,211,1253689.3274759036,20.274712158717264
fog_CM_CMS,cash_ga,ARIMA,220,5641427.69672141,200.0
fog_CM_CMS,cash_ga,ARIMA,222,1661505.9902638905,11.3962795496892
fog_CM_CMS,cash_ga,ARIMA,224,9145097.979419153,72.86437743707383
fog_CM_CMS,cash_ga,ARIMA,225,20714440.861575603,68.89760969692782
fog_CM_CMS,cash_ga,ARIMA,227,448094.71513714176,8.954795581196755
fog_CM_CMS,cash_ga,ARIMA,232,1906.3695251569152,0.025262220032394388
fog_CM_CMS,cash_ga,ARIMA,233,208207.23854750826,65.13893508507502
fog_CM_CMS,cash_ga,ARIMA,238,141167.9517632546,1.7547198801453703
fog_CM_CMS,cash_ga,ARIMA,252,560356.949173264,37.21730515994307
fog_CM_CMS,cash_ga,ARIMA,258,1252501.0853123069,21.24154643365149
fog_CM_CMS,cash_ga,ARIMA,260,16900262.13801927,42.21054590189191
fog_CM_CMS,cash_ga,ARIMA,268,10195334.0,200.0
fog_CM_CMS,cash_ga,ARIMA,271,101749.0,0.8119817605158557
fog_CM_CMS,cash_ga,STL-LSTM (full),2,221503.95443725586,15.719321849764189
fog_CM_CMS,cash_ga,STL-LSTM (full),3,1302297.1604614258,14.708651323508418
fog_CM_CMS,cash_ga,STL-LSTM (full),6,1390384.3358154297,24.035349096842857
fog_CM_CMS,cash_ga,STL-LSTM (full),10,241428.80407714844,6.836200567311736
fog_CM_CMS,cash_ga,STL-LSTM (full),12,10007634.972229004,6.834679294848295
fog_CM_CMS,cash_ga,STL-LSTM (full),20,58960.7421875,0.5749589832124712
fog_CM_CMS,cash_ga,STL-LSTM (full),24,413306.33203125,5.033055211109962
fog_CM_CMS,cash_ga,STL-LSTM (full),25,7609585.274780273,46.47121132424755
fog_CM_CMS,cash_ga,STL-LSTM (full),31,881689.1622924805,1.5713842292190319
fog_CM_CMS,cash_ga,STL-LSTM (full),34,12987446.58770752,8.12443143936714
fog_CM_CMS,cash_ga,STL-LSTM (full),35,11921891.62109375,41.16206125495351
fog_CM_CMS,cash_ga,STL-LSTM (full),38,144081.2843322754,0.5906470370071848
fog_CM_CMS,cash_ga,STL-LSTM (full),42,2793468.9458007812,5.0205709455318
fog_CM_CMS,cash_ga,STL-LSTM (full),44,2627213.230773926,7.1010185998411055
fog_CM_CMS,cash_ga,STL-LSTM (full),48,598678.1705932617,1.2820677062644754
fog_CM_CMS,cash_ga,STL-LSTM (full),51,1814264.689819336,9.015910466466938
fog_CM_CMS,cash_ga,STL-LSTM (full),52,779085.3444213867,27.26039407342296
fog_CM_CMS,cash_ga,STL-LSTM (full),58,4422614.7371521,15.53785487139184
fog_CM_CMS,cash_ga,STL-LSTM (full),59,13972437.864868164,9.166001884089171
fog_CM_CMS,cash_ga,STL-LSTM (full),60,1647211.9088134766,12.538332634033376
fog_CM_CMS,cash_ga,STL-LSTM (full),61,1269665.7385253906,4.977182606699785
fog_CM_CMS,cash_ga,STL-LSTM (full),62,1349685.7244262695,2.0621733383540968
fog_CM_CMS,cash_ga,STL-LSTM (full),64,1860034.9622802734,19.317441006833423
fog_CM_CMS,cash_ga,STL-LSTM (full),66,461316.5899658203,11.548176516040133
fog_CM_CMS,cash_ga,STL-LSTM (full),68,4761994.2443237305,15.187545769266203
fog_CM_CMS,cash_ga,STL-LSTM (full),73,1354838.964050293,13.823649582045203
fog_CM_CMS,cash_ga,STL-LSTM (full),77,71419.419921875,12.79322484634837
fog_CM_CMS,cash_ga,STL-LSTM (full),102,944435.0249023438,4.616860945405519
fog_CM_CMS,cash_ga,STL-LSTM (full),109,224708.17596435547,5.5882388895874575
fog_CM_CMS,cash_ga,STL-LSTM (full),112,16137324.434753418,5.38172863806489
fog_CM_CMS,cash_ga,STL-LSTM (full),114,337734.11993408203,0.13567718302296913
fog_CM_CMS,cash_ga,STL-LSTM (full),122,1164259.685546875,2.4408368286423716
fog_CM_CMS,cash_ga,STL-LSTM (full),125,9181375.228393555,11.608132583930447
fog_CM_CMS,cash_ga,STL-LSTM (full),126,2456958.8153686523,41.57485163203571
fog_CM_CMS,cash_ga,STL-LSTM (full),127,10531269.5078125,12.251977007875105
fog_CM_CMS,cash_ga,STL-LSTM (full),133,1159510.372467041,21.84298946452113
fog_CM_CMS,cash_ga,STL-LSTM (full),135,277186.24853515625,5.904314286955991
fog_CM_CMS,cash_ga,STL-LSTM (full),136,533774.166809082,4.37697330408822
fog_CM_CMS,cash_ga,STL-LSTM (full),159,14170008.587097168,69.07340348460805
fog_CM_CMS,cash_ga,STL-LSTM (full),161,3719824.638244629,16.35190846942712
fog_CM_CMS,cash_ga,STL-LSTM (full),164,1902643.3829345703,11.242074448180118
fog_CM_CMS,cash_ga,STL-LSTM (full),165,244265.44268798828,2.315298365860662
fog_CM_CMS,cash_ga,STL-LSTM (full),179,4178686.2990722656,7.289274371566208
fog_CM_CMS,cash_ga,STL-LSTM (full),183,16710783.26184082,59.52489563340375
fog_CM_CMS,cash_ga,STL-LSTM (full),184,6023615.245605469,4.684034546707328
fog_CM_CMS,cash_ga,STL-LSTM (full),185,91374.63067626953,4.216316388197868
fog_CM_CMS,cash_ga,STL-LSTM (full),194,95518.75323486328,24.376955243722062
fog_CM_CMS,cash_ga,STL-LSTM (full),195,813660.7247314453,14.206851678560223
fog_CM_CMS,cash_ga,STL-LSTM (full),197,657118.3061523438,57.78031757669203
fog_CM_CMS,cash_ga,STL-LSTM (full),201,2644857.4600219727,37.92557529409117
fog_CM_CMS,cash_ga,STL-LSTM (full),205,406404.66442871094,2.1617834745832494
fog_CM_CMS,cash_ga,STL-LSTM (full),208,4445966.840148926,2.7909374911997307
fog_CM_CMS,cash_ga,STL-LSTM (full),210,569636.3566894531,10.790222315272999
fog_CM_CMS,cash_ga,STL-LSTM (full),211,1252939.0557250977,20.261349537332723
fog_CM_CMS,cash_ga,STL-LSTM (full),220,892935.5033569336,16.99252380700788
fog_CM_CMS,cash_ga,STL-LSTM (full),222,3373203.974975586,24.579723237977014
fog_CM_CMS,cash_ga,STL-LSTM (full),224,9145550.016784668,72.8666668844657
fog_CM_CMS,cash_ga,STL-LSTM (full),225,14050097.902709961,29.61168709106692
fog_CM_CMS,cash_ga,STL-LSTM (full),227,227813.71807861328,4.454616327696019
fog_CM_CMS,cash_ga,STL-LSTM (full),232,1280664.568359375,18.546806906224493
fog_CM_CMS,cash_ga,STL-LSTM (full),233,222132.76318359375,68.01404284398114
fog_CM_CMS,cash_ga,STL-LSTM (full),238,447814.54803466797,5.36977949869065
fog_CM_CMS,cash_ga,STL-LSTM (full),252,561093.3196411133,37.257101998541536
fog_CM_CMS,cash_ga,STL-LSTM (full),258,1251862.2815551758,21.229562796587604
fog_CM_CMS,cash_ga,STL-LSTM (full),260,28230670.459594727,45.09441425730593
fog_CM_CMS,cash_ga,STL-LSTM (full),268,606173.2438354492,6.127760666181023
fog_CM_CMS,cash_ga,STL-LSTM (full),271,100898.44921875,0.8051668327077849
fog_CM_CMS,cash_ga,MTL-LSTM (full),2,221798.12487450987,15.741841193670519
fog_CM_CMS,cash_ga,MTL-LSTM (full),3,1301384.6920054555,14.699102977570991
fog_CM_CMS,cash_ga,MTL-LSTM (full),6,1391151.9687015973,24.050214767568757
fog_CM_CMS,cash_ga,MTL-LSTM (full),10,242310.76228304207,6.862030573249688
fog_CM_CMS,cash_ga,MTL-LSTM (full),12,10008372.91397947,6.8352004934271084
fog_CM_CMS,cash_ga,MTL-LSTM (full),20,59782.09354019165,0.5829917842079266
fog_CM_CMS,cash_ga,MTL-LSTM (full),24,414191.02527720295,5.044100310534387
fog_CM_CMS,cash_ga,MTL-LSTM (full),25,7610323.987781536,46.4767709396248
fog_CM_CMS,cash_ga,MTL-LSTM (full),31,882603.7927772701,1.5730271437935526
fog_CM_CMS,cash_ga,MTL-LSTM (full),34,12988104.021587431,8.124859411258939
fog_CM_CMS,cash_ga,MTL-LSTM (full),35,11921189.149749115,41.1601350163962
fog_CM_CMS,cash_ga,MTL-LSTM (full),38,143706.96476832032,0.5891170707751658
fog_CM_CMS,cash_ga,MTL-LSTM (full),42,2794191.8469296545,5.02190280507777
fog_CM_CMS,cash_ga,MTL-LSTM (full),44,2627667.896672569,7.102291143283811
fog_CM_CMS,cash_ga,MTL-LSTM (full),48,597837.8927482739,1.280279772514476
fog_CM_CMS,cash_ga,MTL-LSTM (full),51,1815112.2038501203,9.020312104595353
fog_CM_CMS,cash_ga,MTL-LSTM (full),52,778803.7305743992,27.251882998244593
fog_CM_CMS,cash_ga,MTL-LSTM (full),58,4422253.017448664,15.536682772820168
fog_CM_CMS,cash_ga,MTL-LSTM (full),59,13971515.170554161,9.165424329994222
fog_CM_CMS,cash_ga,MTL-LSTM (full),60,1646586.7279688716,12.53387208014807
fog_CM_CMS,cash_ga,MTL-LSTM (full),61,1269157.7473560274,4.975240781683112
fog_CM_CMS,cash_ga,MTL-LSTM (full),62,1349344.047686264,2.061656674756874
fog_CM_CMS,cash_ga,MTL-LSTM (full),64,1860859.0070755482,19.326826153548026
fog_CM_CMS,cash_ga,MTL-LSTM (full),66,462135.1928731501,11.569854126812846
fog_CM_CMS,cash_ga,MTL-LSTM (full),68,4761256.869532794,15.185372600947847
fog_CM_CMS,cash_ga,MTL-LSTM (full),73,1355683.1779284775,13.832858995531128
fog_CM_CMS,cash_ga,MTL-LSTM (full),77,70801.04428565502,12.689484367492168
fog_CM_CMS,cash_ga,MTL-LSTM (full),102,943740.0785588324,4.613542073827715
fog_CM_CMS,cash_ga,MTL-LSTM (full),109,223875.9799049981,5.568119295005315
fog_CM_CMS,cash_ga,MTL-LSTM (full),112,16138176.097353995,5.382020307061418
fog_CM_CMS,cash_ga,MTL-LSTM (full),114,336908.18398210406,0.1353456061341679
fog_CM_CMS,cash_ga,MTL-LSTM (full),122,1163343.1913123578,2.4389388558618155
fog_CM_CMS,cash_ga,MTL-LSTM (full),125,9180455.973000914,11.607037807374859
fog_CM_CMS,cash_ga,MTL-LSTM (full),126,2457664.061067246,41.58926684017564
fog_CM_CMS,cash_ga,MTL-LSTM (full),127,10530383.787339494,12.251009688818037
fog_CM_CMS,cash_ga,MTL-LSTM (full),133,1159937.2889627814,21.851910464771464
fog_CM_CMS,cash_ga,MTL-LSTM (full),135,276538.0709024668,5.890914197578668
fog_CM_CMS,cash_ga,MTL-LSTM (full),136,534276.9597123563,4.381186546100676
fog_CM_CMS,cash_ga,MTL-LSTM (full),159,14170791.989214515,69.07854125335051
fog_CM_CMS,cash_ga,MTL-LSTM (full),161,3720374.20070228,16.354521828097894
fog_CM_CMS,cash_ga,MTL-LSTM (full),164,1901797.903696306,11.237359487692732
fog_CM_CMS,cash_ga,MTL-LSTM (full),165,245029.8502318412,2.3226280348435426
fog_CM_CMS,cash_ga,MTL-LSTM (full),179,4179271.1278329194,7.2903317301650175
fog_CM_CMS,cash_ga,MTL-LSTM (full),183,16710083.258481085,59.52314426809507
fog_CM_CMS,cash_ga,MTL-LSTM (full),184,6022786.925534099,4.68340551838754
fog_CM_CMS,cash_ga,MTL-LSTM (full),185,90753.8865223676,4.18827310241258
fog_CM_CMS,cash_ga,MTL-LSTM (full),194,94838.17284746468,24.224304447488286
fog_CM_CMS,cash_ga,MTL-LSTM (full),195,814405.057704974,14.220772130533451
fog_CM_CMS,cash_ga,MTL-LSTM (full),197,656467.0761504248,57.73958659951779
fog_CM_CMS,cash_ga,MTL-LSTM (full),201,2644473.0136256935,37.92110781874955
fog_CM_CMS,cash_ga,MTL-LSTM (full),205,405483.2354435921,2.156934987820045
fog_CM_CMS,cash_ga,MTL-LSTM (full),208,4445049.0916311145,2.7903694161618184
fog_CM_CMS,cash_ga,MTL-LSTM (full),210,568842.872154817,10.776001733030787
fog_CM_CMS,cash_ga,MTL-LSTM (full),211,1253690.0296563506,20.274724665573906
fog_CM_CMS,cash_ga,MTL-LSTM (full),220,892129.0389782228,16.97847966705807
fog_CM_CMS,cash_ga,MTL-LSTM (full),222,3374066.1055576056,24.58677766303842
fog_CM_CMS,cash_ga,MTL-LSTM (full),224,9145107.241728544,72.86442434900134
fog_CM_CMS,cash_ga,MTL-LSTM (full),225,14049283.103355393,29.610224078645373
fog_CM_CMS,cash_ga,MTL-LSTM (full),227,228602.947142303,4.470393673336927
fog_CM_CMS,cash_ga,MTL-LSTM (full),232,1281548.117500618,18.560790111129403
fog_CM_CMS,cash_ga,MTL-LSTM (full),233,221419.26534503698,67.86971470538762
fog_CM_CMS,cash_ga,MTL-LSTM (full),238,446968.0910876319,5.359901579983093
fog_CM_CMS,cash_ga,MTL-LSTM (full),252,560356.7562536299,37.217294731130636
fog_CM_CMS,cash_ga,MTL-LSTM (full),258,1252501.9943314614,21.24156348731848
fog_CM_CMS,cash_ga,MTL-LSTM (full),260,28229821.74786648,45.09336422711127
fog_CM_CMS,cash_ga,MTL-LSTM (full),268,606482.1017746478,6.130978599721401
fog_CM_CMS,cash_ga,MTL-LSTM (full),271,101749.07013742626,0.8119823225019595
fog_CM_CMS,una_ga,ARIMA,2,316384.3836902494,19.68689950653429
fog_CM_CMS,una_ga,ARIMA,3,233709.0,8.043691013698357
fog_CM_CMS,una_ga,ARIMA,6,8085483.427775621,38.502790263613804
fog_CM_CMS,una_ga,ARIMA,10,1538029.0,200.0
fog_CM_CMS,una_ga,ARIMA,12,35089369.93001102,52.65926475577114
fog_CM_CMS,una_ga,ARIMA,20,1030545.1728514647,22.73042255880396
fog_CM_CMS,una_ga,ARIMA,24,6198096.905093163,18.21782810715678
fog_CM_CMS,una_ga,ARIMA,25,25506589.378415957,33.78332300725195
fog_CM_CMS,una_ga,ARIMA,31,20655252.827563167,13.402026013106976
fog_CM_CMS,una_ga,ARIMA,34,43707636.423977695,200.0
fog_CM_CMS,una_ga,ARIMA,35,28800236.99692239,21.382951259031614
fog_CM_CMS,una_ga,ARIMA,38,3401711.098398179,58.572507535743654
fog_CM_CMS,una_ga,ARIMA,42,1730202.3122020215,14.234788882706894
fog_CM_CMS,una_ga,ARIMA,44,6307086.33509063,17.820807481315416
fog_CM_CMS,una_ga,ARIMA,48,9737117.97280009,11.429130980991184
fog_CM_CMS,una_ga,ARIMA,51,1128422.3774209209,10.705599819233534
fog_CM_CMS,una_ga,ARIMA,52,578672.782787112,62.31270454485467
fog_CM_CMS,una_ga,ARIMA,58,6348187.704030693,17.735019297510064
fog_CM_CMS,una_ga,ARIMA,59,19124667.354214717,79.52271361021658
fog_CM_CMS,una_ga,ARIMA,60,4983105.086962599,131.63422687653394
fog_CM_CMS,una_ga,ARIMA,61,3562301.0,200.0
fog_CM_CMS,una_ga,ARIMA,62,1903890.2021423755,23.359962761195973
fog_CM_CMS,una_ga,ARIMA,64,1747846.81712247,60.633279997507415
fog_CM_CMS,una_ga,ARIMA,66,1860804.7494955491,52.04312550157515
fog_CM_CMS,una_ga,ARIMA,68,350687.0,38.43766526644033
fog_CM_CMS,una_ga,ARIMA,73,836262.0,22.47453661462682
fog_CM_CMS,una_ga,ARIMA,77,41224.886352209534,30.815765494075087
fog_CM_CMS,una_ga,ARIMA,102,12632789.0,22.8175371479114
fog_CM_CMS,una_ga,ARIMA,109,790489.923842568,3.58433989065397
fog_CM_CMS,una_ga,ARIMA,112,44581154.71624541,7.888517999575538
fog_CM_CMS,una_ga,ARIMA,114,4596402.585616376,14.91669222156163
fog_CM_CMS,una_ga,ARIMA,122,3461057.0,7.554702891536193
fog_CM_CMS,una_ga,ARIMA,125,9463724.691264395,49.02026221471739
fog_CM_CMS,una_ga,ARIMA,126,4197081.771069727,200.0
fog_CM_CMS,una_ga,ARIMA,127,10483407.566537054,200.0
fog_CM_CMS,una_ga,ARIMA,133,1433726.6336565362,76.20723778487304
fog_CM_CMS,una_ga,ARIMA,135,2066626.2827745518,59.88386161417766
fog_CM_CMS,una_ga,ARIMA,136,32989.94760029018,0.04006465781715217
fog_CM_CMS,una_ga,ARIMA,159,8421418.9160828,10.454764564721247
fog_CM_CMS,una_ga,ARIMA,161,189977.86318576895,2.020170045870955
fog_CM_CMS,una_ga,ARIMA,164,244405287.65039468,187.97989057021937
fog_CM_CMS,una_ga,ARIMA,165,208056.16849073768,0.9810774266846157
fog_CM_CMS,una_ga,ARIMA,179,6027251.0,200.0
fog_CM_CMS,una_ga,ARIMA,183,8818699.986468427,169.46488235352618
fog_CM_CMS,una_ga,ARIMA,184,84867021.0,200.0
fog_CM_CMS,una_ga,ARIMA,185,1463523.4545737193,200.0
fog_CM_CMS,una_ga,ARIMA,194,116212.16627476306,13.580089019114446
fog_CM_CMS,una_ga,ARIMA,195,2008224.8375008325,200.0
fog_CM_CMS,una_ga,ARIMA,197,64770.530705470825,4.975164128695471
fog_CM_CMS,una_ga,ARIMA,201,8925272.5756132,53.55877069941313
fog_CM_CMS,una_ga,ARIMA,205,6858343.322619065,146.6059854730876
fog_CM_CMS,una_ga,ARIMA,208,135665036.3361435,22.78114523850686
fog_CM_CMS,una_ga,ARIMA,210,1935472.4887909451,50.65382735807583
fog_CM_CMS,una_ga,ARIMA,211,129580.4228126863,5.682505013544574
fog_CM_CMS,una_ga,ARIMA,220,214546.0,2.958020555834213
fog_CM_CMS,una_ga,ARIMA,222,1594133.7253511418,14.40236938968271
fog_CM_CMS,una_ga,ARIMA,224,14273294.296473563,13.227189373333307
fog_CM_CMS,una_ga,ARIMA,225,41619273.51440117,25.854124469005797
fog_CM_CMS,una_ga,ARIMA,227,285437.57281315606,9.701398431720934
fog_CM_CMS,una_ga,ARIMA,232,816285.3302159049,19.92944116627571
fog_CM_CMS,una_ga,ARIMA,233,86009.75402240118,31.10310083465177
fog_CM_CMS,una_ga,ARIMA,238,5866833.607546939,101.9982062914262
fog_CM_CMS,una_ga,ARIMA,252,179049.27680338186,50.83512975627214
fog_CM_CMS,una_ga,ARIMA,258,1962956.4115977837,200.0
fog_CM_CMS,una_ga,ARIMA,260,43235474.72266793,4.975984339155558
fog_CM_CMS,una_ga,ARIMA,268,1594928.3438032307,5.298109628993643
fog_CM_CMS,una_ga,ARIMA,271,1006387.7676883759,115.55932058224847
fog_CM_CMS,una_ga,STL-LSTM (full),2,316384.3752478659,19.68689892950013
fog_CM_CMS,una_ga,STL-LSTM (full),3,233708.6441681087,8.043678274287645
fog_CM_CMS,una_ga,STL-LSTM (full),6,889081.7200063169,5.109214959159383
fog_CM_CMS,una_ga,STL-LSTM (full),10,141606.17361578345,9.651286304486263
fog_CM_CMS,una_ga,STL-LSTM (full),12,12637488.621467263,29.54664041779819
fog_CM_CMS,una_ga,STL-LSTM (full),20,2065948.2224258631,33.96814222401707
fog_CM_CMS,una_ga,STL-LSTM (full),24,730171.3537194133,1.9865303692480574
fog_CM_CMS,una_ga,STL-LSTM (full),25,8094127.671545863,8.769284264614214
fog_CM_CMS,una_ga,STL-LSTM (full),31,2543004.776676655,1.5584381223574886
fog_CM_CMS,una_ga,STL-LSTM (full),34,4969771.608929753,12.7449044872986
fog_CM_CMS,una_ga,STL-LSTM (full),35,4485836.3153550625,3.0548093726822283
fog_CM_CMS,una_ga,STL-LSTM (full),38,1600525.6807157397,23.858939246421716
fog_CM_CMS,una_ga,STL-LSTM (full),42,1730202.6379781961,14.234791372182334
fog_CM_CMS,una_ga,STL-LSTM (full),44,1936261.3762441576,5.152768161718161
fog_CM_CMS,una_ga,STL-LSTM (full),48,1538159.6718450785,1.6933883513179888
fog_CM_CMS,una_ga,STL-LSTM (full),51,1187780.1763189733,12.659681529620329
fog_CM_CMS,una_ga,STL-LSTM (full),52,578672.7982432097,62.312705690650574
fog_CM_CMS,una_ga,STL-LSTM (full),58,1554824.6390830278,4.655447053892269
fog_CM_CMS,una_ga,STL-LSTM (full),59,30898029.3627263,170.11866517737568
fog_CM_CMS,una_ga,STL-LSTM (full),60,4304047.643917054,104.33806562055071
fog_CM_CMS,una_ga,STL-LSTM (full),61,3562301.3447390497,200.0
fog_CM_CMS,una_ga,STL-LSTM (full),62,1903896.345887959,23.360046947019914
fog_CM_CMS,una_ga,STL-LSTM (full),64,1251690.3643608987,39.980772452122196
fog_CM_CMS,una_ga,STL-LSTM (full),66,284645.63042101264,11.373177402910992
fog_CM_CMS,una_ga,STL-LSTM (full),68,350687.359439373,38.43769709177805
fog_CM_CMS,una_ga,STL-LSTM (full),73,836261.6389866173,22.474525822128776
fog_CM_CMS,una_ga,STL-LSTM (full),77,41225.22664408386,30.816059056927102
fog_CM_CMS,una_ga,STL-LSTM (full),102,12632789.303748429,22.81753763395396
fog_CM_CMS,una_ga,STL-LSTM (full),109,790491.7655457258,3.584348091876139
fog_CM_CMS,una_ga,STL-LSTM (full),112,4230309.273370266,0.7823271246476184
fog_CM_CMS,una_ga,STL-LSTM (full),114,4596422.626450628,14.91675240921076
fog_CM_CMS,una_ga,STL-LSTM (full),122,3461056.699081123,7.554702259509562
fog_CM_CMS,una_ga,STL-LSTM (full),125,12856436.359585732,73.00900338569866
fog_CM_CMS,una_ga,STL-LSTM (full),126,4197081.634565026,200.0
fog_CM_CMS,una_ga,STL-LSTM (full),127,10483413.7091133,200.0
fog_CM_CMS,una_ga,STL-LSTM (full),133,1433726.652111441,76.2072383920383
fog_CM_CMS,una_ga,STL-LSTM (full),135,1470034.627740711,46.626892472747464
fog_CM_CMS,una_ga,STL-LSTM (full),136,32987.319646537304,0.040061465658161315
fog_CM_CMS,una_ga,STL-LSTM (full),159,13321810.314389378,19.11872137883362
fog_CM_CMS,una_ga,STL-LSTM (full),161,3913838.635136813,51.89306512148891
fog_CM_CMS,una_ga,STL-LSTM (full),164,264726.36424842477,3.446189287789974
fog_CM_CMS,una_ga,STL-LSTM (full),165,208057.72332414985,0.9810847224508603
fog_CM_CMS,una_ga,STL-LSTM (full),179,6027250.625955045,200.0
fog_CM_CMS,una_ga,STL-LSTM (full),183,8818698.354848802,169.46482443237724
fog_CM_CMS,una_ga,STL-LSTM (full),184,2074528.364779681,2.474692094471022
fog_CM_CMS,una_ga,STL-LSTM (full),185,224714.34737199545,20.222906877747658
fog_CM_CMS,una_ga,STL-LSTM (full),194,58917.35599672794,7.12330797997069
fog_CM_CMS,una_ga,STL-LSTM (full),195,686722.3027674854,30.100676737009806
fog_CM_CMS,una_ga,STL-LSTM (full),197,299686.35377138853,21.11455832645256
fog_CM_CMS,una_ga,STL-LSTM (full),201,66644.33480659127,0.5446964846374474
fog_CM_CMS,una_ga,STL-LSTM (full),205,1337876.1734074801,69.75934514642836
fog_CM_CMS,una_ga,STL-LSTM (full),208,164977767.3359728,28.402417236059723
fog_CM_CMS,una_ga,STL-LSTM (full),210,1935468.2754559815,50.65368916211304
fog_CM_CMS,una_ga,STL-LSTM (full),211,129580.65570187569,5.682515516635945
fog_CM_CMS,una_ga,STL-LSTM (full),220,214546.38378748298,2.958025768985478
fog_CM_CMS,una_ga,STL-LSTM (full),222,1609234.6519290805,16.998596656660663
fog_CM_CMS,una_ga,STL-LSTM (full),224,3535114.350402087,3.1207466963459654
fog_CM_CMS,una_ga,STL-LSTM (full),225,6427258.735322297,4.482633871251965
fog_CM_CMS,una_ga,STL-LSTM (full),227,285437.61018556356,9.701399763541176
fog_CM_CMS,una_ga,STL-LSTM (full),232,134664.37145143747,3.586205003878293
fog_CM_CMS,una_ga,STL-LSTM (full),233,127317.79153458774,33.22533596895955
fog_CM_CMS,una_ga,STL-LSTM (full),238,5866831.273555368,101.99818640795687
fog_CM_CMS,una_ga,STL-LSTM (full),252,179049.3849106729,50.83515264822498
fog_CM_CMS,una_ga,STL-LSTM (full),258,62143.61872369051,3.8591166827592094
fog_CM_CMS,una_ga,STL-LSTM (full),260,34162868.70156765,3.9113944824189595
fog_CM_CMS,una_ga,STL-LSTM (full),268,1594926.3370247483,5.298102786189015
fog_CM_CMS,una_ga,STL-LSTM (full),271,527172.232223779,47.47195723556455
fog_CM_CMS,una_ga,MTL-LSTM (full),2,316384.25995096564,19.686891048994877
fog_CM_CMS,una_ga,MTL-LSTM (full),3,233708.82878410816,8.043684883866577
fog_CM_CMS,una_ga,MTL-LSTM (full),6,889081.9618175253,5.109216313257791
fog_CM_CMS,una_ga,MTL-LSTM (full),10,141605.70627492666,9.651252915423514
fog_CM_CMS,una_ga,MTL-LSTM (full),12,12637488.551654816,29.54664023046224
fog_CM_CMS,una_ga,MTL-LSTM (full),20,2065947.9951492948,33.96813912182656
fog_CM_CMS,una_ga,MTL-LSTM (full),24,730171.2489007264,1.9865300812420505
fog_CM_CMS,una_ga,MTL-LSTM (full),25,8094127.607698858,8.769284198474503
fog_CM_CMS,una_ga,MTL-LSTM (full),31,2543005.210688412,1.5584383904069081
fog_CM_CMS,una_ga,MTL-LSTM (full),34,4969771.77619037,12.74490488890211
fog_CM_CMS,una_ga,MTL-LSTM (full),35,4485836.1378958225,3.054809249988435
fog_CM_CMS,una_ga,MTL-LSTM (full),38,1600525.7277627885,23.858940031413873
fog_CM_CMS,una_ga,MTL-LSTM (full),42,1730202.9331656545,14.234793627908706
fog_CM_CMS,una_ga,MTL-LSTM (full),44,1936261.3949185014,5.152768212694584
fog_CM_CMS,una_ga,MTL-LSTM (full),48,1538160.010931,1.6933887214631733
fog_CM_CMS,una_ga,MTL-LSTM (full),51,1187779.8097225875,12.659677375012436
fog_CM_CMS,una_ga,MTL-LSTM (full),52,578673.4163796008,62.312751514501045
fog_CM_CMS,una_ga,MTL-LSTM (full),58,1554824.6802515388,4.655447174289486
fog_CM_CMS,una_ga,MTL-LSTM (full),59,30898029.39721632,170.118665528795
fog_CM_CMS,una_ga,MTL-LSTM (full),60,4304047.608308315,104.33806430699475
fog_CM_CMS,una_ga,MTL-LSTM (full),61,3562301.2202581167,200.0
fog_CM_CMS,una_ga,MTL-LSTM (full),62,1903896.2400299609,23.360045496480343
fog_CM_CMS,una_ga,MTL-LSTM (full),64,1251690.399353534,39.980773793272256
fog_CM_CMS,una_ga,MTL-LSTM (full),66,284645.96527598053,11.373191543058756
fog_CM_CMS,una_ga,MTL-LSTM (full),68,350687.1368533373,38.437677383655455
fog_CM_CMS,una_ga,MTL-LSTM (full),73,836261.9014022201,22.474533667045275
fog_CM_CMS,una_ga,MTL-LSTM (full),77,41224.58845049143,30.815508500958323
fog_CM_CMS,una_ga,MTL-LSTM (full),102,12632788.768878132,22.817536778082108
fog_CM_CMS,una_ga,MTL-LSTM (full),109,790491.999836009,3.5843491351857324
fog_CM_CMS,una_ga,MTL-LSTM (full),112,4230309.184686184,0.7823271081827815
fog_CM_CMS,una_ga,MTL-LSTM (full),114,4596422.665346146,14.91675252602371
fog_CM_CMS,una_ga,MTL-LSTM (full),122,3461056.672854483,7.554702204425165
fog_CM_CMS,una_ga,MTL-LSTM (full),125,12856436.402882904,73.00900372132986
fog_CM_CMS,una_ga,MTL-LSTM (full),126,4197081.57257247,200.0
fog_CM_CMS,una_ga,MTL-LSTM (full),127,10483413.710783422,200.0
fog_CM_CMS,una_ga,MTL-LSTM (full),133,1433726.6402584314,76.207238002075
fog_CM_CMS,una_ga,MTL-LSTM (full),135,1470034.9599662907,46.62690055367428
fog_CM_CMS,una_ga,MTL-LSTM (full),136,32987.13123472035,0.04006123679550932
fog_CM_CMS,una_ga,MTL-LSTM (full),159,13321810.247357994,19.118721273437828
fog_CM_CMS,una_ga,MTL-LSTM (full),161,3913838.758525178,51.89306718196147
fog_CM_CMS,una_ga,MTL-LSTM (full),164,264726.29809358716,3.4461884117516557
fog_CM_CMS,una_ga,MTL-LSTM (full),165,208057.91394146532,0.9810856168870795
fog_CM_CMS,una_ga,MTL-LSTM (full),179,6027250.656891376,200.0
fog_CM_CMS,una_ga,MTL-LSTM (full),183,8818698.278470337,169.46482172100528
fog_CM_CMS,una_ga,MTL-LSTM (full),184,2074528.016049534,2.4746916733256454
fog_CM_CMS,una_ga,MTL-LSTM (full),185,224714.30550950766,20.22290349131705
fog_CM_CMS,una_ga,MTL-LSTM (full),194,58917.239639133215,7.123294412996721
fog_CM_CMS,una_ga,MTL-LSTM (full),195,686722.3550102711,30.100678682294106
fog_CM_CMS,una_ga,MTL-LSTM (full),197,299685.8952683583,21.11452943280867
fog_CM_CMS,una_ga,MTL-LSTM (full),201,66644.21356001496,0.5446954963656221
fog_CM_CMS,una_ga,MTL-LSTM (full),205,1337875.9840422627,69.7593387165422
fog_CM_CMS,una_ga,MTL-LSTM (full),208,164977767.1772282,28.402417204849318
fog_CM_CMS,una_ga,MTL-LSTM (full),210,1935468.25147447,50.65368837552799
fog_CM_CMS,una_ga,MTL-LSTM (full),211,129580.98274252377,5.682530265874583
fog_CM_CMS,una_ga,MTL-LSTM (full),220,214546.18002811074,2.958023001233889
fog_CM_CMS,una_ga,MTL-LSTM (full),222,1609235.038217105,16.998601083888538
fog_CM_CMS,una_ga,MTL-LSTM (full),224,3535114.2629411817,3.1207466179320194
fog_CM_CMS,una_ga,MTL-LSTM (full),225,6427258.95609653,4.482634021777858
fog_CM_CMS,una_ga,MTL-LSTM (full),227,285437.69257473946,9.701402699599663
fog_CM_CMS,una_ga,MTL-LSTM (full),232,134664.14724186063,3.586199140086152
fog_CM_CMS,una_ga,MTL-LSTM (full),233,127318.46445336938,33.22548240319762
fog_CM_CMS,una_ga,MTL-LSTM (full),238,5866830.67669788,101.99818132327674
fog_CM_CMS,una_ga,MTL-LSTM (full),252,179049.3378957808,50.835142692720694
fog_CM_CMS,una_ga,MTL-LSTM (full),258,62143.91210599244,3.8591345502420618
fog_CM_CMS,una_ga,MTL-LSTM (full),260,34162869.04178572,3.911394522133191
fog_CM_CMS,una_ga,MTL-LSTM (full),268,1594926.1665278822,5.298102204821061
fog_CM_CMS,una_ga,MTL-LSTM (full),271,527171.8091615736,47.47191009608809
fog_CM_CMS,una_ba,ARIMA,2,4740.72984710196,0.18966634080138967
fog_CM_CMS,una_ba,ARIMA,3,1826766.8334643422,26.968772036009497
fog_CM_CMS,una_ba,ARIMA,6,1735809.1384269455,22.294621182666095
fog_CM_CMS,una_ba,ARIMA,10,44835.912368384656,2.3030852732553333
fog_CM_CMS,una_ba,ARIMA,12,2828985.7352064606,37.716949009368264
fog_CM_CMS,una_ba,ARIMA,20,4902726.952985797,27.083038478586257
fog_CM_CMS,una_ba,ARIMA,24,851043.4770420687,13.137132009585228
fog_CM_CMS,una_ba,ARIMA,25,932654.0,47.838026926438545
fog_CM_CMS,una_ba,ARIMA,31,621811.973860044,4.120789249139659
fog_CM_CMS,una_ba,ARIMA,34,7119534.0,56.68388101083529
fog_CM_CMS,una_ba,ARIMA,35,9759797.30228817,57.41594126738481
fog_CM_CMS,una_ba,ARIMA,38,3242423.936597902,60.59808050282122
fog_CM_CMS,una_ba,ARIMA,42,39082.765716401394,1.7872090445199935
fog_CM_CMS,una_ba,ARIMA,44,4359338.136691654,41.09356501122673
fog_CM_CMS,una_ba,ARIMA,48,1589632.3303925768,15.498625724150466
fog_CM_CMS,una_ba,ARIMA,51,31954.759201618843,2.9891900596540637
fog_CM_CMS,una_ba,ARIMA,52,572939.0690171097,33.791398831214245
fog_CM_CMS,una_ba,ARIMA,58,13923845.110622967,139.4468342542987
fog_CM_CMS,una_ba,ARIMA,59,1606069.8150749356,2.563705696736582
fog_CM_CMS,una_ba,ARIMA,60,92136.91302835487,10.178270265920961
fog_CM_CMS,una_ba,ARIMA,61,1033320.0829171883,12.310143442260447
fog_CM_CMS,una_ba,ARIMA,62,2030592.608370237,13.42254607012542
fog_CM_CMS,una_ba,ARIMA,64,1141859.0,29.104113451749708
fog_CM_CMS,una_ba,ARIMA,66,215063.84189300798,4.067862157978658
fog_CM_CMS,una_ba,ARIMA,68,2310265.6145282267,45.539262391272246
fog_CM_CMS,una_ba,ARIMA,73,758188.7526549278,44.00965110040435
fog_CM_CMS,una_ba,ARIMA,77,8395.049221370457,200.0
fog_CM_CMS,una_ba,ARIMA,102,1254667.0,43.74665602288958
fog_CM_CMS,una_ba,ARIMA,109,529449.2324376764,200.0
fog_CM_CMS,una_ba,ARIMA,112,1969253.644957181,7.558061025343665
fog_CM_CMS,una_ba,ARIMA,114,1714653.040054135,3.2381059318753556
fog_CM_CMS,una_ba,ARIMA,122,2420592.8113338463,18.73714903712911
fog_CM_CMS,una_ba,ARIMA,125,679022.880671747,7.608226144839818
fog_CM_CMS,una_ba,ARIMA,126,655104.3548064362,47.623905227746036
fog_CM_CMS,una_ba,ARIMA,127,113412.28822354972,0.6729444309216243
fog_CM_CMS,una_ba,ARIMA,133,163160.000989575,33.66671298821039
fog_CM_CMS,una_ba,ARIMA,135,3217638.1883955486,39.02371231991594
fog_CM_CMS,una_ba,ARIMA,136,5371192.612456325,200.0
fog_CM_CMS,una_ba,ARIMA,159,17022056.966246203,155.80460118628017
fog_CM_CMS,una_ba,ARIMA,161,219527.0,2.0401334575725576
fog_CM_CMS,una_ba,ARIMA,164,759246.0988602834,13.760478398764306
fog_CM_CMS,una_ba,ARIMA,165,1220800.0,18.11500117373574
fog_CM_CMS,una_ba,ARIMA,179,6835574.0,43.050492570272695
fog_CM_CMS,una_ba,ARIMA,183,618137.6705688881,16.51004253125071
fog_CM_CMS,una_ba,ARIMA,184,9843018.427640967,27.69817350788038
fog_CM_CMS,una_ba,ARIMA,185,1039693.3744690774,149.92499284512698
fog_CM_CMS,una_ba,ARIMA,194,76435.06602929177,16.753569295009267
fog_CM_CMS,una_ba,ARIMA,195,1685809.0137405712,36.05112121881471
fog_CM_CMS,una_ba,ARIMA,197,418375.2246623561,36.777245221820934
fog_CM_CMS,una_ba,ARIMA,201,1673078.0,13.921173883830598
fog_CM_CMS,una_ba,ARIMA,205,7386479.478698283,15.567988329193039
fog_CM_CMS,una_ba,ARIMA,208,1792406.0,5.917070963282987
fog_CM_CMS,una_ba,ARIMA,210,4894490.643077526,200.0
fog_CM_CMS,una_ba,ARIMA,211,201651.8786302642,9.990412095970273
fog_CM_CMS,una_ba,ARIMA,220,144015.71359978872,12.729161396273605
fog_CM_CMS,una_ba,ARIMA,222,703009.8784481082,8.131012640440547
fog_CM_CMS,una_ba,ARIMA,224,2650131.0,8.638093710632917
fog_CM_CMS,una_ba,ARIMA,225,1438285.8623257366,200.0
fog_CM_CMS,una_ba,ARIMA,227,54082.0,4.2869010212720084
fog_CM_CMS,una_ba,ARIMA,232,204707.83683293662,14.235149000655328
fog_CM_CMS,una_ba,ARIMA,233,157701.77581835352,24.6796229525609
fog_CM_CMS,una_ba,ARIMA,238,3377922.542098375,30.95102230243582
fog_CM_CMS,una_ba,ARIMA,252,12754.930427123094,0.9223577419913479
fog_CM_CMS,una_ba,ARIMA,258,7395362.446641821,121.10734967185175
fog_CM_CMS,una_ba,ARIMA,260,38216716.514306605,156.97349836481774
fog_CM_CMS,una_ba,ARIMA,268,11989214.308904694,200.0
fog_CM_CMS,una_ba,ARIMA,271,976337.4949931297,12.29152345411176
fog_CM_CMS,una_ba,STL-LSTM (full),2,46238.70056152344,1.8689698716447978
fog_CM_CMS,una_ba,STL-LSTM (full),3,2898035.471069336,39.64875812429139
fog_CM_CMS,una_ba,STL-LSTM (full),6,1735432.9823303223,22.289251424837822
fog_CM_CMS,una_ba,STL-LSTM (full),10,196012.22457885742,10.475282886673746
fog_CM_CMS,una_ba,STL-LSTM (full),12,119856.33125305176,1.9501505046707623
fog_CM_CMS,una_ba,STL-LSTM (full),20,4901899.820983887,27.077850725667695
fog_CM_CMS,una_ba,STL-LSTM (full),24,1071632.5164794922,19.424841446417062
fog_CM_CMS,una_ba,STL-LSTM (full),25,932392.6084594727,47.82141373519397
fog_CM_CMS,una_ba,STL-LSTM (full),31,622481.5697631836,4.1251351801217115
fog_CM_CMS,una_ba,STL-LSTM (full),34,7118700.94152832,56.67536889169204
fog_CM_CMS,una_ba,STL-LSTM (full),35,2393420.4401245117,11.572705116232394
fog_CM_CMS,una_ba,STL-LSTM (full),38,822603.1370239258,12.538507568373412
fog_CM_CMS,una_ba,STL-LSTM (full),42,38862.966400146484,1.777247196566448
fog_CM_CMS,una_ba,STL-LSTM (full),44,1251188.580505371,13.818801300736727
fog_CM_CMS,una_ba,STL-LSTM (full),48,2186607.5553588867,21.95804854756263
fog_CM_CMS,una_ba,STL-LSTM (full),51,31079.926147460938,2.9061651500888837
fog_CM_CMS,una_ba,STL-LSTM (full),52,573097.0907287598,33.80229398252787
fog_CM_CMS,una_ba,STL-LSTM (full),58,13106034.517822266,126.09277236428697
fog_CM_CMS,una_ba,STL-LSTM (full),59,1605601.4161987305,2.562948428733244
fog_CM_CMS,una_ba,STL-LSTM (full),60,91549.61511230469,10.110112438200526
fog_CM_CMS,una_ba,STL-LSTM (full),61,2067964.3209228516,26.254090694599487
fog_CM_CMS,una_ba,STL-LSTM (full),62,2031444.1404418945,13.427796925493729
fog_CM_CMS,una_ba,STL-LSTM (full),64,1142444.6760253906,29.11686810162267
fog_CM_CMS,una_ba,STL-LSTM (full),66,65031.88787841797,1.2635271916659485
fog_CM_CMS,una_ba,STL-LSTM (full),68,1608873.5704345703,29.66307922404214
fog_CM_CMS,una_ba,STL-LSTM (full),73,281012.21130371094,23.355832302417525
fog_CM_CMS,una_ba,STL-LSTM (full),77,8523.384994506836,200.0
fog_CM_CMS,una_ba,STL-LSTM (full),102,1254872.6904754639,43.75539689593228
fog_CM_CMS,una_ba,STL-LSTM (full),109,269.109619140625,200.0
fog_CM_CMS,una_ba,STL-LSTM (full),112,5006505.185058594,20.404412067696985
fog_CM_CMS,una_ba,STL-LSTM (full),114,1937691.2005004883,3.667034247045131
fog_CM_CMS,una_ba,STL-LSTM (full),122,2420563.054576874,18.736897119000425
fog_CM_CMS,una_ba,STL-LSTM (full),125,70929.69024658203,0.8227734129337854
fog_CM_CMS,una_ba,STL-LSTM (full),126,655465.565246582,47.65642102523214
fog_CM_CMS,una_ba,STL-LSTM (full),127,1860021.2874145508,11.723000792026836
fog_CM_CMS,una_ba,STL-LSTM (full),133,163180.3645172119,33.671622247941436
fog_CM_CMS,una_ba,STL-LSTM (full),135,290370.06896972656,4.28166636354534
fog_CM_CMS,una_ba,STL-LSTM (full),136,5371721.511108398,200.0
fog_CM_CMS,una_ba,STL-LSTM (full),159,173961.3214416504,7.474972438742103
fog_CM_CMS,una_ba,STL-LSTM (full),161,218668.6864013672,2.0320758342806595
fog_CM_CMS,una_ba,STL-LSTM (full),164,419321.86950683594,8.508446703141006
fog_CM_CMS,una_ba,STL-LSTM (full),165,1220080.4907836914,18.103358236289264
fog_CM_CMS,una_ba,STL-LSTM (full),179,6834832.213928223,43.044815318225986
fog_CM_CMS,una_ba,STL-LSTM (full),183,76473.0693359375,1.869155988775226
fog_CM_CMS,una_ba,STL-LSTM (full),184,9842429.998901367,27.696288371976323
fog_CM_CMS,una_ba,STL-LSTM (full),185,808376.3904418945,139.90175389861588
fog_CM_CMS,una_ba,STL-LSTM (full),194,55733.20129394531,12.49957975589798
fog_CM_CMS,una_ba,STL-LSTM (full),195,633005.1633300781,15.254016487767899
fog_CM_CMS,una_ba,STL-LSTM (full),197,418803.49349975586,36.8079636279236
fog_CM_CMS,una_ba,STL-LSTM (full),201,1672899.1405792236,13.919789228496033
fog_CM_CMS,una_ba,STL-LSTM (full),205,7385824.089172363,15.566499496928055
fog_CM_CMS,una_ba,STL-LSTM (full),208,1793324.7393798828,5.920014120602775
fog_CM_CMS,una_ba,STL-LSTM (full),210,3030783.828414917,200.0
fog_CM_CMS,una_ba,STL-LSTM (full),211,201434.6252746582,9.979111698425388
fog_CM_CMS,una_ba,STL-LSTM (full),220,143799.91467285156,12.708875471571258
fog_CM_CMS,una_ba,STL-LSTM (full),222,702071.75,8.119721735388282
fog_CM_CMS,una_ba,STL-LSTM (full),224,2650301.3402404785,8.638672916084557
fog_CM_CMS,una_ba,STL-LSTM (full),225,1383167.4944458008,200.0
fog_CM_CMS,una_ba,STL-LSTM (full),227,54197.7624130249,4.296274239625567
fog_CM_CMS,una_ba,STL-LSTM (full),232,337301.9519042969,22.421893246102314
fog_CM_CMS,una_ba,STL-LSTM (full),233,60683.36782836914,10.27683933973154
fog_CM_CMS,una_ba,STL-LSTM (full),238,3377918.6342384815,30.95099203700034
fog_CM_CMS,una_ba,STL-LSTM (full),252,262761.291053772,20.889577122841963
fog_CM_CMS,una_ba,STL-LSTM (full),258,781209.223449707,38.708861072519305
fog_CM_CMS,una_ba,STL-LSTM (full),260,38406201.50337982,157.14028722395958
fog_CM_CMS,una_ba,STL-LSTM (full),268,8027195.153694153,200.0
fog_CM_CMS,una_ba,STL-LSTM (full),271,550438.5660400391,6.322109214681156
fog_CM_CMS,una_ba,MTL-LSTM (full),2,47175.770400851965,1.9072074575907816
fog_CM_CMS,una_ba,MTL-LSTM (full),3,2897226.327328801,39.639882111036165
fog_CM_CMS,una_ba,MTL-LSTM (full),6,1735808.8778803572,22.29461746318403
fog_CM_CMS,una_ba,MTL-LSTM (full),10,195879.81520469487,10.467836302963674
fog_CM_CMS,una_ba,MTL-LSTM (full),12,120003.03239549324,1.9525141373376749
fog_CM_CMS,una_ba,MTL-LSTM (full),20,4902730.991266081,27.083063807168912
fog_CM_CMS,una_ba,MTL-LSTM (full),24,1072503.1642594635,19.44215731037459
fog_CM_CMS,una_ba,MTL-LSTM (full),25,932653.7056904435,47.83800821983335
fog_CM_CMS,una_ba,MTL-LSTM (full),31,621812.1893726885,4.12079064792936
fog_CM_CMS,una_ba,MTL-LSTM (full),34,7119533.879040793,56.683879774843625
fog_CM_CMS,una_ba,MTL-LSTM (full),35,2393761.856511444,11.574451475050163
fog_CM_CMS,una_ba,MTL-LSTM (full),38,823198.0904912576,12.548145099828936
fog_CM_CMS,una_ba,MTL-LSTM (full),42,39084.06953839958,1.7872681339662542
fog_CM_CMS,una_ba,MTL-LSTM (full),44,1250648.1542906165,13.81324478184447
fog_CM_CMS,una_ba,MTL-LSTM (full),48,2187554.8348121196,21.968606083613707
fog_CM_CMS,una_ba,MTL-LSTM (full),51,31956.925220914185,2.989395707259177
fog_CM_CMS,una_ba,MTL-LSTM (full),52,572938.8309350014,33.79138241689049
fog_CM_CMS,una_ba,MTL-LSTM (full),58,13106765.028482432,126.10423202826094
fog_CM_CMS,una_ba,MTL-LSTM (full),59,1606063.802877903,2.5636959766849854
fog_CM_CMS,una_ba,MTL-LSTM (full),60,92136.86838658154,10.178265083417912
fog_CM_CMS,una_ba,MTL-LSTM (full),61,2068575.061952658,26.26286260765499
fog_CM_CMS,una_ba,MTL-LSTM (full),62,2030592.1916178465,13.42254350020678
fog_CM_CMS,una_ba,MTL-LSTM (full),64,1141859.2397415638,29.104118673148083
fog_CM_CMS,una_ba,MTL-LSTM (full),66,65940.74600926042,1.2812988419390805
fog_CM_CMS,una_ba,MTL-LSTM (full),68,1609521.7710185498,29.676803545189024
fog_CM_CMS,una_ba,MTL-LSTM (full),73,281626.7923064679,23.412891744617312
fog_CM_CMS,una_ba,MTL-LSTM (full),77,8395.068116471171,200.0
fog_CM_CMS,una_ba,MTL-LSTM (full),102,1254666.8836617693,43.746651079242014
fog_CM_CMS,una_ba,MTL-LSTM (full),109,0.009545708075165749,200.0
fog_CM_CMS,una_ba,MTL-LSTM (full),112,5007313.741301656,20.408043660059977
fog_CM_CMS,una_ba,MTL-LSTM (full),114,1938569.976800844,3.6687278168028694
fog_CM_CMS,una_ba,MTL-LSTM (full),122,2420593.9860756807,18.7371589824037
fog_CM_CMS,una_ba,MTL-LSTM (full),125,70560.20348656178,0.818504964304052
fog_CM_CMS,una_ba,MTL-LSTM (full),126,655104.2724644542,47.62389781637774
fog_CM_CMS,una_ba,MTL-LSTM (full),127,1860865.8234146535,11.728635723646153
fog_CM_CMS,una_ba,MTL-LSTM (full),133,163159.8161597848,33.66666843020326
fog_CM_CMS,una_ba,MTL-LSTM (full),135,289689.2446386516,4.271841662198374
fog_CM_CMS,una_ba,MTL-LSTM (full),136,5371196.267071813,200.0
fog_CM_CMS,una_ba,MTL-LSTM (full),159,174209.77422049642,7.486047844831589
fog_CM_CMS,una_ba,MTL-LSTM (full),161,219526.88641273975,2.0401323912025813
fog_CM_CMS,una_ba,MTL-LSTM (full),164,419472.84784039855,8.511640576608343
fog_CM_CMS,una_ba,MTL-LSTM (full),165,1220799.863716036,18.11499896830137
fog_CM_CMS,una_ba,MTL-LSTM (full),179,6835573.946355142,43.05049215969273
fog_CM_CMS,una_ba,MTL-LSTM (full),183,75621.19100895524,1.8485268116757825
fog_CM_CMS,una_ba,MTL-LSTM (full),184,9843020.911918834,27.698181466771608
fog_CM_CMS,una_ba,MTL-LSTM (full),185,807538.1516686976,139.85813002611638
fog_CM_CMS,una_ba,MTL-LSTM (full),194,55146.0845592767,12.376052112545164
fog_CM_CMS,una_ba,MTL-LSTM (full),195,632293.9785633627,15.238184274531887
fog_CM_CMS,una_ba,MTL-LSTM (full),197,418375.04809910804,36.77723255509751
fog_CM_CMS,una_ba,MTL-LSTM (full),201,1673078.0882656947,13.921174567141852
fog_CM_CMS,una_ba,MTL-LSTM (full),205,7386485.872228339,15.56800285331929
fog_CM_CMS,una_ba,MTL-LSTM (full),208,1792405.9720117673,5.917070873622064
fog_CM_CMS,una_ba,MTL-LSTM (full),210,3030870.006690496,200.0
fog_CM_CMS,una_ba,MTL-LSTM (full),211,201651.78328546882,9.990407136359652
fog_CM_CMS,una_ba,MTL-LSTM (full),220,144015.0313994214,12.729097260732566
fog_CM_CMS,una_ba,MTL-LSTM (full),222,703011.7797561884,8.131035524999765
fog_CM_CMS,una_ba,MTL-LSTM (full),224,2650130.850688651,8.638093202933112
fog_CM_CMS,una_ba,MTL-LSTM (full),225,1382856.0759587288,200.0
fog_CM_CMS,una_ba,MTL-LSTM (full),227,54081.92376293987,4.28689484868295
fog_CM_CMS,una_ba,MTL-LSTM (full),232,336605.17711403966,22.3807587794965
fog_CM_CMS,una_ba,MTL-LSTM (full),233,60246.71443751454,10.20666510422254
fog_CM_CMS,una_ba,MTL-LSTM (full),238,3377921.085698679,30.951011022971542
fog_CM_CMS,una_ba,MTL-LSTM (full),252,262798.6657457948,20.892858812922093
fog_CM_CMS,una_ba,MTL-LSTM (full),258,781305.8531356156,38.71457589232413
fog_CM_CMS,una_ba,MTL-LSTM (full),260,38406086.71223158,157.14018657370744
fog_CM_CMS,una_ba,MTL-LSTM (full),268,8027146.8661964685,200.0
fog_CM_CMS,una_ba,MTL-LSTM (full),271,549850.2395670414,6.315565320698551
fog_CM_CMS,nic,ARIMA,2,482276.9704274698,17.990941916761273
fog_CM_CMS,nic,ARIMA,3,304242.07093458064,2.9561714612763463
fog_CM_CMS,nic,ARIMA,6,3877745.700786028,15.55958981005648
fog_CM_CMS,nic,ARIMA,10,49288.0,0.6877608074854409
fog_CM_CMS,nic,ARIMA,12,23331839.680417478,7.705036160471772
fog_CM_CMS,nic,ARIMA,20,344700.0380040109,6.981381149353809
fog_CM_CMS,nic,ARIMA,24,251114.05648452044,0.9825748335273295
fog_CM_CMS,nic,ARIMA,25,1536218.0632180572,4.500218978970209
fog_CM_CMS,nic,ARIMA,31,4698568.7617040025,46.73427767673458
fog_CM_CMS,nic,ARIMA,34,7336984.744179934,2.7832589877056106
fog_CM_CMS,nic,ARIMA,35,14387245.398666501,13.334322404993577
fog_CM_CMS,nic,ARIMA,38,6192492.954439521,11.936677376646925
fog_CM_CMS,nic,ARIMA,42,4893240.405592322,5.513231592193129
fog_CM_CMS,nic,ARIMA,44,127540.520195961,0.09115636779239882
fog_CM_CMS,nic,ARIMA,48,1362792.8716213554,1.3530715338594967
fog_CM_CMS,nic,ARIMA,51,1001642.5121520422,14.557416503044562
fog_CM_CMS,nic,ARIMA,52,781699.6870988552,20.60170213481837
fog_CM_CMS,nic,ARIMA,58,1284083.2939211428,1.0983242011634924
fog_CM_CMS,nic,ARIMA,59,21918121.68642676,5.0312317471179275
fog_CM_CMS,nic,ARIMA,60,893298.0544737242,3.0910908543777125
fog_CM_CMS,nic,ARIMA,61,803876.6862632185,1.21699699266179
fog_CM_CMS,nic,ARIMA,62,70434.27335807681,0.035969472339435045
fog_CM_CMS,nic,ARIMA,64,352455.6553959083,3.1610902348701737
fog_CM_CMS,nic,ARIMA,66,378774.4436812808,20.207067021992618
fog_CM_CMS,nic,ARIMA,68,2948030.09466099,6.3328206500310795
fog_CM_CMS,nic,ARIMA,73,851808.5375868455,7.9785037405409795
fog_CM_CMS,nic,ARIMA,77,26465.0,3.9195416513318517
fog_CM_CMS,nic,ARIMA,102,15671774.0,26.10813749337875
fog_CM_CMS,nic,ARIMA,109,1545577.0279981084,7.846003391997453
fog_CM_CMS,nic,ARIMA,112,22389652.101018906,5.351867959234517
fog_CM_CMS,nic,ARIMA,114,6522366.430174649,1.4468453617180999
fog_CM_CMS,nic,ARIMA,122,2201099.5318342,2.8588713275160003
fog_CM_CMS,nic,ARIMA,125,9919210.945016965,12.365521276222683
fog_CM_CMS,nic,ARIMA,126,1362094.0,200.0
fog_CM_CMS,nic,ARIMA,127,21348041.48708585,11.81790232064223
fog_CM_CMS,nic,ARIMA,133,2015100.7421843745,22.705766310912495
fog_CM_CMS,nic,ARIMA,135,98925.5009268634,0.6692975837685394
fog_CM_CMS,nic,ARIMA,136,2330434.0,4.417148810707995
fog_CM_CMS,nic,ARIMA,159,46087189.0,200.0
fog_CM_CMS,nic,ARIMA,161,7919337.787222341,19.082199586483238
fog_CM_CMS,nic,ARIMA,164,5078212.260317162,7.061917451984309
fog_CM_CMS,nic,ARIMA,165,1351736.4073908702,14.208746330137926
fog_CM_CMS,nic,ARIMA,179,8001296.203755856,4.499236889036307
fog_CM_CMS,nic,ARIMA,183,1802358.9749476835,3.241271370412867
fog_CM_CMS,nic,ARIMA,184,16594259.095907658,12.029751575681567
fog_CM_CMS,nic,ARIMA,185,356912.3705329173,45.575762428126296
fog_CM_CMS,nic,ARIMA,194,118913.96300268444,43.35083993181371
fog_CM_CMS,nic,ARIMA,195,638193.0,8.795591020377618
fog_CM_CMS,nic,ARIMA,197,149738.5024426491,21.371651977659926
fog_CM_CMS,nic,ARIMA,201,1713639.1020217072,28.074212400301064
fog_CM_CMS,nic,ARIMA,205,65543.45779951662,0.10138015295462381
fog_CM_CMS,nic,ARIMA,208,13658613.642640233,5.6841687748918375
fog_CM_CMS,nic,ARIMA,210,164986.23121602577,8.707940888144195
fog_CM_CMS,nic,ARIMA,211,120722.24005297013,7.12665868573969
fog_CM_CMS,nic,ARIMA,220,1330081.0625732034,46.14463547130542
fog_CM_CMS,nic,ARIMA,222,518261.0,4.27215150091943
fog_CM_CMS,nic,ARIMA,224,7941625.8735498935,6.777185799374904
fog_CM_CMS,nic,ARIMA,225,10498799.0,19.36603171188917
fog_CM_CMS,nic,ARIMA,227,68994.58487533964,2.5378940097161724
fog_CM_CMS,nic,ARIMA,232,90770019.03366867,143.1151478579267
fog_CM_CMS,nic,ARIMA,233,2628.0,0.43167169298089997
fog_CM_CMS,nic,ARIMA,238,2462432.8409121446,11.093164341223899
fog_CM_CMS,nic,ARIMA,252,284806.07095057424,8.737508330834967
fog_CM_CMS,nic,ARIMA,258,233090.30659975111,2.2968287282921613
fog_CM_CMS,nic,ARIMA,260,37595721.50905532,8.277409853319421
fog_CM_CMS,nic,ARIMA,268,1918143.1164636016,2.0960329178981065
fog_CM_CMS,nic,ARIMA,271,1640032.0103889555,19.369987067185203
fog_CM_CMS,nic,STL-LSTM (full),2,76831.95661611483,3.1006345702343716
fog_CM_CMS,nic,STL-LSTM (full),3,1109386.6376066804,11.218177603364456
fog_CM_CMS,nic,STL-LSTM (full),6,1097250.9216507673,4.662871977307968
fog_CM_CMS,nic,STL-LSTM (full),10,49288.43660336733,0.6877668788633786
fog_CM_CMS,nic,STL-LSTM (full),12,26098595.59069872,8.65827595199342
fog_CM_CMS,nic,STL-LSTM (full),20,344699.59792232513,6.981371925029174
fog_CM_CMS,nic,STL-LSTM (full),24,1910128.4452217817,7.8040508577216965
fog_CM_CMS,nic,STL-LSTM (full),25,633154.0432967432,1.9156397857505991
fog_CM_CMS,nic,STL-LSTM (full),31,4698576.664598942,46.73437465084837
fog_CM_CMS,nic,STL-LSTM (full),34,11106917.675773233,4.243714501546898
fog_CM_CMS,nic,STL-LSTM (full),35,6855531.432803452,7.047581678292578
fog_CM_CMS,nic,STL-LSTM (full),38,215921.66444581747,0.4436109598460389
fog_CM_CMS,nic,STL-LSTM (full),42,9890500.445725262,11.466468266937206
fog_CM_CMS,nic,STL-LSTM (full),44,2557070.582278639,1.8436082849671864
fog_CM_CMS,nic,STL-LSTM (full),48,476155.2391292602,0.47484871369397225
fog_CM_CMS,nic,STL-LSTM (full),51,1099262.95268457,16.090330039673386
fog_CM_CMS,nic,STL-LSTM (full),52,781699.5767053664,20.60169892570189
fog_CM_CMS,nic,STL-LSTM (full),58,8000542.599918276,7.045539038680454
fog_CM_CMS,nic,STL-LSTM (full),59,21918131.63323164,5.031234087811795
fog_CM_CMS,nic,STL-LSTM (full),60,21967.607719749212,0.07488586527178563
fog_CM_CMS,nic,STL-LSTM (full),61,803875.0825349689,1.2169945499877715
fog_CM_CMS,nic,STL-LSTM (full),62,70432.42594081163,0.035968529067496605
fog_CM_CMS,nic,STL-LSTM (full),64,748042.5831436515,6.83017930079136
fog_CM_CMS,nic,STL-LSTM (full),66,137860.66514497995,8.530202278138269
fog_CM_CMS,nic,STL-LSTM (full),68,3868281.742848724,8.392616658221572
fog_CM_CMS,nic,STL-LSTM (full),73,260467.2793070078,2.509167930065731
fog_CM_CMS,nic,STL-LSTM (full),77,26465.435121297836,3.919604831082066
fog_CM_CMS,nic,STL-LSTM (full),102,15671773.431579113,26.108136422811494
fog_CM_CMS,nic,STL-LSTM (full),109,1545577.6118985116,7.84600647240587
fog_CM_CMS,nic,STL-LSTM (full),112,2979358.611128509,0.6960187265174181
fog_CM_CMS,nic,STL-LSTM (full),114,6522339.967446625,1.4468394490704648
fog_CM_CMS,nic,STL-LSTM (full),122,1666121.4343902469,2.156529219898081
fog_CM_CMS,nic,STL-LSTM (full),125,11469590.07415232,14.43778263269208
fog_CM_CMS,nic,STL-LSTM (full),126,946147.9708514921,51.55647757401307
fog_CM_CMS,nic,STL-LSTM (full),127,21348043.63951555,11.817903582597623
fog_CM_CMS,nic,STL-LSTM (full),133,861887.5647551417,10.386396472964071
fog_CM_CMS,nic,STL-LSTM (full),135,912666.4317325354,6.393594580160348
fog_CM_CMS,nic,STL-LSTM (full),136,2330433.5561691225,4.417147950883002
fog_CM_CMS,nic,STL-LSTM (full),159,831861.3005873859,1.788829022317285
fog_CM_CMS,nic,STL-LSTM (full),161,711362.0689319372,1.912992364890584
fog_CM_CMS,nic,STL-LSTM (full),164,5078210.06240204,7.0619142875729635
fog_CM_CMS,nic,STL-LSTM (full),165,576995.3309629858,5.506848918281182
fog_CM_CMS,nic,STL-LSTM (full),179,4961899.709586948,2.766502145615652
fog_CM_CMS,nic,STL-LSTM (full),183,1802351.9431707487,3.2412585198821233
fog_CM_CMS,nic,STL-LSTM (full),184,18972786.622570097,13.873638293091329
fog_CM_CMS,nic,STL-LSTM (full),185,129971.9541470781,12.660909293239907
fog_CM_CMS,nic,STL-LSTM (full),194,118913.75231277943,43.350746474976816
fog_CM_CMS,nic,STL-LSTM (full),195,638192.6326067448,8.79558573427625
fog_CM_CMS,nic,STL-LSTM (full),197,225028.63305693865,33.94119127271836
fog_CM_CMS,nic,STL-LSTM (full),201,1353492.0768264309,21.538582854807352
fog_CM_CMS,nic,STL-LSTM (full),205,2215607.592083037,3.488563625008619
fog_CM_CMS,nic,STL-LSTM (full),208,20379517.76243937,8.60143006768581
fog_CM_CMS,nic,STL-LSTM (full),210,260576.05664167553,13.414751757566334
fog_CM_CMS,nic,STL-LSTM (full),211,84734.59534281492,4.949604752739019
fog_CM_CMS,nic,STL-LSTM (full),220,685822.9582605585,26.786940762766314
fog_CM_CMS,nic,STL-LSTM (full),222,518260.61306136847,4.272148243157314
fog_CM_CMS,nic,STL-LSTM (full),224,11260125.585590899,9.747126491200156
fog_CM_CMS,nic,STL-LSTM (full),225,10498798.723880589,19.366031153242343
fog_CM_CMS,nic,STL-LSTM (full),227,68994.33694809675,2.5378850056948616
fog_CM_CMS,nic,STL-LSTM (full),232,2291347.4345947504,13.563258130230887
fog_CM_CMS,nic,STL-LSTM (full),233,2628.071824647486,0.4316835162640799
fog_CM_CMS,nic,STL-LSTM (full),238,3411994.448360324,15.70685150621892
fog_CM_CMS,nic,STL-LSTM (full),252,200945.74799615145,6.086479832775601
fog_CM_CMS,nic,STL-LSTM (full),258,233089.07559227943,2.2968164588691433
fog_CM_CMS,nic,STL-LSTM (full),260,37595764.7462368,8.27741976678732
fog_CM_CMS,nic,STL-LSTM (full),268,1564873.4302197695,1.7067065603957925
fog_CM_CMS,nic,STL-LSTM (full),271,1093463.4415512085,12.51079965412521
fog_CM_CMS,nic,MTL-LSTM (full),2,76831.74466466904,3.100626149316835
fog_CM_CMS,nic,MTL-LSTM (full),3,1109387.0852142125,11.218182383476453
fog_CM_CMS,nic,MTL-LSTM (full),6,1097251.0080175102,4.66287233577472
fog_CM_CMS,nic,MTL-LSTM (full),10,49287.717827022076,0.6877568836062248
fog_CM_CMS,nic,MTL-LSTM (full),12,26098596.157843113,8.65827614829037
fog_CM_CMS,nic,MTL-LSTM (full),20,344700.0947661549,6.9813823391158145
fog_CM_CMS,nic,MTL-LSTM (full),24,1910129.174112305,7.804053951889357
fog_CM_CMS,nic,MTL-LSTM (full),25,633154.0886227861,1.9156399242003674
fog_CM_CMS,nic,MTL-LSTM (full),31,4698576.944306064,46.73437808305411
fog_CM_CMS,nic,MTL-LSTM (full),34,11106918.11932391,4.243714674614014
fog_CM_CMS,nic,MTL-LSTM (full),35,6855532.226272792,7.047582522733574
fog_CM_CMS,nic,MTL-LSTM (full),38,215922.10876063257,0.44361187471536473
fog_CM_CMS,nic,MTL-LSTM (full),42,9890500.802827835,11.466468704676872
fog_CM_CMS,nic,MTL-LSTM (full),44,2557071.2025390267,1.8436087362876112
fog_CM_CMS,nic,MTL-LSTM (full),48,476155.1309966743,0.4748486061141206
fog_CM_CMS,nic,MTL-LSTM (full),51,1099262.998674238,16.090330766999152
fog_CM_CMS,nic,MTL-LSTM (full),52,781700.1207400784,20.601714740682294
fog_CM_CMS,nic,MTL-LSTM (full),58,8000543.237949848,7.045539620345326
fog_CM_CMS,nic,MTL-LSTM (full),59,21918132.20470023,5.031234222290461
fog_CM_CMS,nic,MTL-LSTM (full),60,21968.027547739446,0.07488729696861363
fog_CM_CMS,nic,MTL-LSTM (full),61,803875.1547758579,1.2169946600194685
fog_CM_CMS,nic,MTL-LSTM (full),62,70431.73992618918,0.03596817879560129
fog_CM_CMS,nic,MTL-LSTM (full),64,748043.2703343034,6.830185789629676
fog_CM_CMS,nic,MTL-LSTM (full),66,137860.9836424701,8.530222825874693
fog_CM_CMS,nic,MTL-LSTM (full),68,3868281.7538397014,8.392616683068226
fog_CM_CMS,nic,MTL-LSTM (full),73,260467.1280347407,2.509166491092161
fog_CM_CMS,nic,MTL-LSTM (full),77,26464.967846162617,3.919536982582868
fog_CM_CMS,nic,MTL-LSTM (full),102,15671774.118280247,26.108137716148462
fog_CM_CMS,nic,MTL-LSTM (full),109,1545578.0817077681,7.846008950918333
fog_CM_CMS,nic,MTL-LSTM (full),112,2979359.1040992737,0.696018842082883
fog_CM_CMS,nic,MTL-LSTM (full),114,6522339.962251663,1.4468394479097388
fog_CM_CMS,nic,MTL-LSTM (full),122,1666122.3344306946,2.1565303974186496
fog_CM_CMS,nic,MTL-LSTM (full),125,11469589.792767733,14.437782252918966
fog_CM_CMS,nic,MTL-LSTM (full),126,946148.1238703877,51.556483762727964
fog_CM_CMS,nic,MTL-LSTM (full),127,21348044.277160555,11.817903956444702
fog_CM_CMS,nic,MTL-LSTM (full),133,861886.8504866213,10.386388312491546
fog_CM_CMS,nic,MTL-LSTM (full),135,912666.9166857451,6.393598086056773
fog_CM_CMS,nic,MTL-LSTM (full),136,2330434.134858042,4.417149071965879
fog_CM_CMS,nic,MTL-LSTM (full),159,831860.9745854586,1.788828327555036
fog_CM_CMS,nic,MTL-LSTM (full),161,711361.8760876879,1.9129918413341593
fog_CM_CMS,nic,MTL-LSTM (full),164,5078210.053347141,7.061914274536325
fog_CM_CMS,nic,MTL-LSTM (full),165,576994.9374732748,5.506845266215592
fog_CM_CMS,nic,MTL-LSTM (full),179,4961900.145781428,2.766502392179505
fog_CM_CMS,nic,MTL-LSTM (full),183,1802352.098707579,3.241258804124743
fog_CM_CMS,nic,MTL-LSTM (full),184,18972787.002424642,13.873638590123738
fog_CM_CMS,nic,MTL-LSTM (full),185,129971.85780884326,12.660900502764443
fog_CM_CMS,nic,MTL-LSTM (full),194,118914.23533812165,43.35096073319213
fog_CM_CMS,nic,MTL-LSTM (full),195,638192.8840949982,8.79558935272153
fog_CM_CMS,nic,MTL-LSTM (full),197,225028.96884529665,33.94125051499576
fog_CM_CMS,nic,MTL-LSTM (full),201,1353491.9337842166,21.53858033338845
fog_CM_CMS,nic,MTL-LSTM (full),205,2215608.1157669276,3.4885644639527316
fog_CM_CMS,nic,MTL-LSTM (full),208,20379517.81581387,8.601430091182023
fog_CM_CMS,nic,MTL-LSTM (full),210,260576.00761554856,13.414749402934383
fog_CM_CMS,nic,MTL-LSTM (full),211,84734.8173186034,4.949618039908824
fog_CM_CMS,nic,MTL-LSTM (full),220,685822.9469635598,26.78694038062428
fog_CM_CMS,nic,MTL-LSTM (full),222,518261.103750661,4.2721523744299885
fog_CM_CMS,nic,MTL-LSTM (full),224,11260125.867093086,9.747126746753263
fog_CM_CMS,nic,MTL-LSTM (full),225,10498799.15039584,19.366032016171147
fog_CM_CMS,nic,MTL-LSTM (full),227,68993.91946063936,2.5378698437208094
fog_CM_CMS,nic,MTL-LSTM (full),232,2291347.939698279,13.56326132287149
fog_CM_CMS,nic,MTL-LSTM (full),233,2628.0089393723756,0.4316731645192825
fog_CM_CMS,nic,MTL-LSTM (full),238,3411995.0428806804,15.706854457982036
fog_CM_CMS,nic,MTL-LSTM (full),252,200945.748647362,6.086479853100495
fog_CM_CMS,nic,MTL-LSTM (full),258,233089.1899279207,2.296817598449775
fog_CM_CMS,nic,MTL-LSTM (full),260,37595764.93260151,8.277419809517223
fog_CM_CMS,nic,MTL-LSTM (full),268,1564874.082991898,1.7067072784076036
fog_CM_CMS,nic,MTL-LSTM (full),271,1093463.9098592922,12.510805347417458
fog_CM_CMS,total_assets_GA,ARIMA,2,441403.0,8.091837886061134
fog_CM_CMS,total_assets_GA,ARIMA,3,665986.9052757956,2.4574227237058586
fog_CM_CMS,total_assets_GA,ARIMA,6,13851439.410404906,34.782467723950745
fog_CM_CMS,total_assets_GA,ARIMA,10,139468.05901294015,1.1381520481045768
fog_CM_CMS,total_assets_GA,ARIMA,12,25657813.45430863,4.772501770795932
fog_CM_CMS,total_assets_GA,ARIMA,20,510205.0,1.5038562023372413
fog_CM_CMS,total_assets_GA,ARIMA,24,7441831.7824571505,14.55956591223337
fog_CM_CMS,total_assets_GA,ARIMA,25,66589322.672403544,200.0
fog_CM_CMS,total_assets_GA,ARIMA,31,20421157.262060985,18.946914100350504
fog_CM_CMS,total_assets_GA,ARIMA,34,26842452.06206721,5.512651871063514
fog_CM_CMS,total_assets_GA,ARIMA,35,9211604.049446285,2.1370542248328794
fog_CM_CMS,total_assets_GA,ARIMA,38,2997292.1953492463,3.2118598813310153
fog_CM_CMS,total_assets_GA,ARIMA,42,3353509.329947144,1.9568985658007114
fog_CM_CMS,total_assets_GA,ARIMA,44,8210060.929805845,3.7996974803619
fog_CM_CMS,total_assets_GA,ARIMA,48,1954785.1937616467,1.0599669395437337
fog_CM_CMS,total_assets_GA,ARIMA,51,1854018.786137998,5.816292200905116
fog_CM_CMS,total_assets_GA,ARIMA,52,1200799.6912661046,10.886734219844667
fog_CM_CMS,total_assets_GA,ARIMA,58,17420906.638804585,7.683872010233224
fog_CM_CMS,total_assets_GA,ARIMA,59,2673697.3320053816,0.36365108738227814
fog_CM_CMS,total_assets_GA,ARIMA,60,2802893.9603475034,5.25345172953424
fog_CM_CMS,total_assets_GA,ARIMA,61,159776.6587279886,0.15366902394644813
fog_CM_CMS,total_assets_GA,ARIMA,62,66898531.843177736,20.000699967767822
fog_CM_CMS,total_assets_GA,ARIMA,64,1654803.2314721532,6.631143046041245
fog_CM_CMS,total_assets_GA,ARIMA,66,7112377.0,200.0
fog_CM_CMS,total_assets_GA,ARIMA,68,1345452.514053747,1.3479434426740595
fog_CM_CMS,total_assets_GA,ARIMA,73,590759.2938995771,2.524342171112761
fog_CM_CMS,total_assets_GA,ARIMA,77,123788.83694730652,9.223590860889917
fog_CM_CMS,total_assets_GA,ARIMA,102,1148384107.8579423,200.0
fog_CM_CMS,total_assets_GA,ARIMA,109,48220573.0,200.0
fog_CM_CMS,total_assets_GA,ARIMA,112,76304337.15208042,7.371751791132635
fog_CM_CMS,total_assets_GA,ARIMA,114,12044487.638480544,1.4307690647425717
fog_CM_CMS,total_assets_GA,ARIMA,122,1196825.0,0.7329554272125778
fog_CM_CMS,total_assets_GA,ARIMA,125,13715146.40832305,6.482479876218796
fog_CM_CMS,total_assets_GA,ARIMA,126,4529810.621170491,15.24606520236771
fog_CM_CMS,total_assets_GA,ARIMA,127,27277737.679518282,7.6080606488495475
fog_CM_CMS,total_assets_GA,ARIMA,133,986653.7549097054,5.564586993994477
fog_CM_CMS,total_assets_GA,ARIMA,135,335413.2451857589,1.5553304077945558
fog_CM_CMS,total_assets_GA,ARIMA,136,7151189.914110199,7.876448655853993
fog_CM_CMS,total_assets_GA,ARIMA,159,11525973.729369149,13.082925735777412
fog_CM_CMS,total_assets_GA,ARIMA,161,6078855.0,7.582895331886852
fog_CM_CMS,total_assets_GA,ARIMA,164,17669097.595124125,15.349660205451023
fog_CM_CMS,total_assets_GA,ARIMA,165,1238374.9491991028,4.144587759720652
fog_CM_CMS,total_assets_GA,ARIMA,179,9038320.779800534,3.2061910708333863
fog_CM_CMS,total_assets_GA,ARIMA,183,70296639.61804861,43.80292607669315
fog_CM_CMS,total_assets_GA,ARIMA,184,7404189.0,2.0236868217954935
fog_CM_CMS,total_assets_GA,ARIMA,185,112499.1392765725,2.0261333194343965
fog_CM_CMS,total_assets_GA,ARIMA,194,48955.82034230791,4.1680351934781905
fog_CM_CMS,total_assets_GA,ARIMA,195,272294.744067844,1.7552739655778478
fog_CM_CMS,total_assets_GA,ARIMA,197,2955442.0,200.0
fog_CM_CMS,total_assets_GA,ARIMA,201,150074.0,0.5505164324243225
fog_CM_CMS,total_assets_GA,ARIMA,205,5569855.8546004,6.165310680279425
fog_CM_CMS,total_assets_GA,ARIMA,208,144194867.33294743,28.223320932046548
fog_CM_CMS,total_assets_GA,ARIMA,210,765481.733481992,9.15709141453031
fog_CM_CMS,total_assets_GA,ARIMA,211,897027.6993959844,8.121962277850473
fog_CM_CMS,total_assets_GA,ARIMA,220,801023.5916098077,4.816202827330609
fog_CM_CMS,total_assets_GA,ARIMA,222,320913.64715209603,1.1391688047928343
fog_CM_CMS,total_assets_GA,ARIMA,224,13235362.375481278,6.283111882854767
fog_CM_CMS,total_assets_GA,ARIMA,225,2459913.0,1.3698770310617487
fog_CM_CMS,total_assets_GA,ARIMA,227,173635.6548435511,2.2149382090371597
fog_CM_CMS,total_assets_GA,ARIMA,232,2662892.2882038765,10.841891685029017
fog_CM_CMS,total_assets_GA,ARIMA,233,73097.94695674581,5.868799231916153
fog_CM_CMS,total_assets_GA,ARIMA,238,14879667.745414354,48.118432468776625
fog_CM_CMS,total_assets_GA,ARIMA,252,108460082.00892216,179.00199580792486
fog_CM_CMS,total_assets_GA,ARIMA,258,1287012.9614556804,5.969582847966589
fog_CM_CMS,total_assets_GA,ARIMA,260,17259808.26782906,1.9037905714607566
fog_CM_CMS,total_assets_GA,ARIMA,268,13959774.91899237,7.9310698031523925
fog_CM_CMS,total_assets_GA,ARIMA,271,1591700.0016947575,6.421657918800151
fog_CM_CMS,total_assets_GA,STL-LSTM (full),2,441403.5539856553,8.091847630881569
fog_CM_CMS,total_assets_GA,STL-LSTM (full),3,678196.3900255561,2.5661127348649013
fog_CM_CMS,total_assets_GA,STL-LSTM (full),6,1406013.9507132769,4.1845233627998555
fog_CM_CMS,total_assets_GA,STL-LSTM (full),10,139469.644990623,1.1381650643907222
fog_CM_CMS,total_assets_GA,STL-LSTM (full),12,23109780.07918501,4.288390428147788
fog_CM_CMS,total_assets_GA,STL-LSTM (full),20,510205.94616538286,1.5038589702393588
fog_CM_CMS,total_assets_GA,STL-LSTM (full),24,470985.3823917508,0.9987688028199141
fog_CM_CMS,total_assets_GA,STL-LSTM (full),25,66589296.06739533,199.99999439787052
fog_CM_CMS,total_assets_GA,STL-LSTM (full),31,6427629.629386514,5.600069395905717
fog_CM_CMS,total_assets_GA,STL-LSTM (full),34,26842486.386178195,5.512659114526771
fog_CM_CMS,total_assets_GA,STL-LSTM (full),35,9211586.088330567,2.1370500134035386
fog_CM_CMS,total_assets_GA,STL-LSTM (full),38,2997293.5956753492,3.211861357804372
fog_CM_CMS,total_assets_GA,STL-LSTM (full),42,9572271.643127859,5.689003380550122
fog_CM_CMS,total_assets_GA,STL-LSTM (full),44,8210060.061985314,3.799697071095492
fog_CM_CMS,total_assets_GA,STL-LSTM (full),48,1954798.3981785774,1.0599741374822786
fog_CM_CMS,total_assets_GA,STL-LSTM (full),51,3658083.647095114,11.810072884550337
fog_CM_CMS,total_assets_GA,STL-LSTM (full),52,91447.64113003016,0.8806751158104755
fog_CM_CMS,total_assets_GA,STL-LSTM (full),58,3927551.383946538,1.6822719259805798
fog_CM_CMS,total_assets_GA,STL-LSTM (full),59,2673736.6312508583,0.36365644221382115
fog_CM_CMS,total_assets_GA,STL-LSTM (full),60,2802895.3905641437,5.253454480596282
fog_CM_CMS,total_assets_GA,STL-LSTM (full),61,159783.39021629095,0.15367550309097017
fog_CM_CMS,total_assets_GA,STL-LSTM (full),62,343721.5643647909,0.11411604109436178
fog_CM_CMS,total_assets_GA,STL-LSTM (full),64,1654805.387171805,6.631151970791851
fog_CM_CMS,total_assets_GA,STL-LSTM (full),66,664863.6325621009,9.806327552008444
fog_CM_CMS,total_assets_GA,STL-LSTM (full),68,581704.6554210782,0.5884624006740238
fog_CM_CMS,total_assets_GA,STL-LSTM (full),73,1118442.3802369833,4.960294268005665
fog_CM_CMS,total_assets_GA,STL-LSTM (full),77,70518.94299525023,5.360804537382846
fog_CM_CMS,total_assets_GA,STL-LSTM (full),102,13181758.393173158,13.86468292721202
fog_CM_CMS,total_assets_GA,STL-LSTM (full),109,2224709.0557201505,4.722549754319103
fog_CM_CMS,total_assets_GA,STL-LSTM (full),112,76304450.64450312,7.371763159758422
fog_CM_CMS,total_assets_GA,STL-LSTM (full),114,12044484.084300876,1.4307686395199077
fog_CM_CMS,total_assets_GA,STL-LSTM (full),122,1196824.6468200982,0.7329552101266975
fog_CM_CMS,total_assets_GA,STL-LSTM (full),125,13715146.080109,6.482479716059884
fog_CM_CMS,total_assets_GA,STL-LSTM (full),126,1781171.6521238387,6.707266283642532
fog_CM_CMS,total_assets_GA,STL-LSTM (full),127,27277755.64491707,7.608065850207065
fog_CM_CMS,total_assets_GA,STL-LSTM (full),133,2776268.4239065647,16.489938420891413
fog_CM_CMS,total_assets_GA,STL-LSTM (full),135,761416.0454484224,3.565950648445873
fog_CM_CMS,total_assets_GA,STL-LSTM (full),136,3007639.0824669003,3.238762538717216
fog_CM_CMS,total_assets_GA,STL-LSTM (full),159,15949306.060225785,18.569955145747986
fog_CM_CMS,total_assets_GA,STL-LSTM (full),161,6078854.635066658,7.582894859401456
fog_CM_CMS,total_assets_GA,STL-LSTM (full),164,429879.3410719037,0.40367643457067853
fog_CM_CMS,total_assets_GA,STL-LSTM (full),165,1238373.5942128897,4.144583318834397
fog_CM_CMS,total_assets_GA,STL-LSTM (full),179,11106669.638184905,3.95440974717371
fog_CM_CMS,total_assets_GA,STL-LSTM (full),183,6847711.937702835,5.318221859236454
fog_CM_CMS,total_assets_GA,STL-LSTM (full),184,7404188.65429312,2.023686726352044
fog_CM_CMS,total_assets_GA,STL-LSTM (full),185,203340.58188521862,3.63249181587195
fog_CM_CMS,total_assets_GA,STL-LSTM (full),194,34709.649650871754,3.064271279780978
fog_CM_CMS,total_assets_GA,STL-LSTM (full),195,886997.3912342191,5.939727015195341
fog_CM_CMS,total_assets_GA,STL-LSTM (full),197,182947.6067160368,6.004353862171364
fog_CM_CMS,total_assets_GA,STL-LSTM (full),201,150073.08738577366,0.550513075466808
fog_CM_CMS,total_assets_GA,STL-LSTM (full),205,1424203.6399150789,1.5411011193919244
fog_CM_CMS,total_assets_GA,STL-LSTM (full),208,19480251.066721678,3.3981284732652854
fog_CM_CMS,total_assets_GA,STL-LSTM (full),210,765480.6114702225,9.157078606976448
fog_CM_CMS,total_assets_GA,STL-LSTM (full),211,897028.4006165266,8.121968884749576
fog_CM_CMS,total_assets_GA,STL-LSTM (full),220,801022.0665833354,4.816193437210693
fog_CM_CMS,total_assets_GA,STL-LSTM (full),222,3874826.6378635466,14.861458870890761
fog_CM_CMS,total_assets_GA,STL-LSTM (full),224,1297290.074652493,0.6378542341177383
fog_CM_CMS,total_assets_GA,STL-LSTM (full),225,2459913.9227319956,1.369877541393431
fog_CM_CMS,total_assets_GA,STL-LSTM (full),227,173636.65154585242,2.214951064018003
fog_CM_CMS,total_assets_GA,STL-LSTM (full),232,2662895.633656889,10.841906044331255
fog_CM_CMS,total_assets_GA,STL-LSTM (full),233,111728.9342303276,8.83337099010256
fog_CM_CMS,total_assets_GA,STL-LSTM (full),238,8587248.092244148,25.205297050737745
fog_CM_CMS,total_assets_GA,STL-LSTM (full),252,225056.9416758418,3.476300182885951
fog_CM_CMS,total_assets_GA,STL-LSTM (full),258,1287015.390258789,5.9695944497964275
fog_CM_CMS,total_assets_GA,STL-LSTM (full),260,17259980.388810873,1.9038097374631235
fog_CM_CMS,total_assets_GA,STL-LSTM (full),268,10350250.390809417,6.31656836207557
fog_CM_CMS,total_assets_GA,STL-LSTM (full),271,1591705.630456537,6.421681356993611
fog_CM_CMS,total_assets_GA,MTL-LSTM (full),2,441402.9937744858,8.091837776551943
fog_CM_CMS,total_assets_GA,MTL-LSTM (full),3,678196.6788519323,2.5661138417280034
fog_CM_CMS,total_assets_GA,MTL-LSTM (full),6,1406013.1872345954,4.184521138105744
fog_CM_CMS,total_assets_GA,MTL-LSTM (full),10,139469.83409520984,1.1381666163921274
fog_CM_CMS,total_assets_GA,MTL-LSTM (full),12,23109780.763400137,4.288390557837303
fog_CM_CMS,total_assets_GA,MTL-LSTM (full),20,510204.9274654165,1.5038559901453414
fog_CM_CMS,total_assets_GA,MTL-LSTM (full),24,470985.8586090505,0.998769817726596
fog_CM_CMS,total_assets_GA,MTL-LSTM (full),25,66589296.685709596,199.99999811206655
fog_CM_CMS,total_assets_GA,MTL-LSTM (full),31,6427629.9267938435,5.600069662277055
fog_CM_CMS,total_assets_GA,MTL-LSTM (full),34,26842486.925214946,5.512659228280425
fog_CM_CMS,total_assets_GA,MTL-LSTM (full),35,9211586.98452878,2.1370502235394477
fog_CM_CMS,total_assets_GA,MTL-LSTM (full),38,2997293.293657005,3.2118610393628075
fog_CM_CMS,total_assets_GA,MTL-LSTM (full),42,9572271.934006661,5.689003558342988
fog_CM_CMS,total_assets_GA,MTL-LSTM (full),44,8210060.729614049,3.799697385950931
fog_CM_CMS,total_assets_GA,MTL-LSTM (full),48,1954798.9564011395,1.0599744417783232
fog_CM_CMS,total_assets_GA,MTL-LSTM (full),51,3658083.961761296,11.810073960434792
fog_CM_CMS,total_assets_GA,MTL-LSTM (full),52,91448.00019470416,0.8806785889647022
fog_CM_CMS,total_assets_GA,MTL-LSTM (full),58,3927551.909200698,1.682272152852921
fog_CM_CMS,total_assets_GA,MTL-LSTM (full),59,2673736.657525182,0.3636564457939046
fog_CM_CMS,total_assets_GA,MTL-LSTM (full),60,2802895.9281826466,5.2534555147206525
fog_CM_CMS,total_assets_GA,MTL-LSTM (full),61,159783.88934466243,0.15367598350849762
fog_CM_CMS,total_assets_GA,MTL-LSTM (full),62,343721.09760314226,0.11411588621726043
fog_CM_CMS,total_assets_GA,MTL-LSTM (full),64,1654805.738758862,6.631153426387466
fog_CM_CMS,total_assets_GA,MTL-LSTM (full),66,664864.0275638755,9.806333663700492
fog_CM_CMS,total_assets_GA,MTL-LSTM (full),68,581705.0432866216,0.5884627941999361
fog_CM_CMS,total_assets_GA,MTL-LSTM (full),73,1118442.8817716986,4.960296547479288
fog_CM_CMS,total_assets_GA,MTL-LSTM (full),77,70518.22014398873,5.3607510595811885
fog_CM_CMS,total_assets_GA,MTL-LSTM (full),102,13181758.78074734,13.864683363125712
fog_CM_CMS,total_assets_GA,MTL-LSTM (full),109,2224709.781972453,4.722551332390076
fog_CM_CMS,total_assets_GA,MTL-LSTM (full),112,76304450.93001747,7.371763188358623
fog_CM_CMS,total_assets_GA,MTL-LSTM (full),114,12044484.559960961,1.4307686964279616
fog_CM_CMS,total_assets_GA,MTL-LSTM (full),122,1196824.9352321029,0.732955387402283
fog_CM_CMS,total_assets_GA,MTL-LSTM (full),125,13715146.852383018,6.4824800929071476
fog_CM_CMS,total_assets_GA,MTL-LSTM (full),126,1781172.0476896986,6.7072678231589595
fog_CM_CMS,total_assets_GA,MTL-LSTM (full),127,27277755.699114263,7.608065865898282
fog_CM_CMS,total_assets_GA,MTL-LSTM (full),133,2776268.8462943733,16.48994113655945
fog_CM_CMS,total_assets_GA,MTL-LSTM (full),135,761416.9954731762,3.56595517703977
fog_CM_CMS,total_assets_GA,MTL-LSTM (full),136,3007639.869086936,3.23876339950271
fog_CM_CMS,total_assets_GA,MTL-LSTM (full),159,15949306.810105637,18.569956099908012
fog_CM_CMS,total_assets_GA,MTL-LSTM (full),161,6078854.900642723,7.582895203247297
fog_CM_CMS,total_assets_GA,MTL-LSTM (full),164,429879.0092177987,0.4036761235734208
fog_CM_CMS,total_assets_GA,MTL-LSTM (full),165,1238373.121140778,4.144581768368805
fog_CM_CMS,total_assets_GA,MTL-LSTM (full),179,11106670.084707975,3.9544099092967806
fog_CM_CMS,total_assets_GA,MTL-LSTM (full),183,6847711.009720907,5.318221157691028
fog_CM_CMS,total_assets_GA,MTL-LSTM (full),184,7404189.078024864,2.0236868433367547
fog_CM_CMS,total_assets_GA,MTL-LSTM (full),185,203340.0846965313,3.632483095370197
fog_CM_CMS,total_assets_GA,MTL-LSTM (full),194,34709.95756515488,3.064298879864471
fog_CM_CMS,total_assets_GA,MTL-LSTM (full),195,886997.7586185038,5.93972954842673
fog_CM_CMS,total_assets_GA,MTL-LSTM (full),197,182947.10929320753,6.0043380268353586
fog_CM_CMS,total_assets_GA,MTL-LSTM (full),201,150073.82455453277,0.5505157870662176
fog_CM_CMS,total_assets_GA,MTL-LSTM (full),205,1424203.7105556726,1.54110119641964
fog_CM_CMS,total_assets_GA,MTL-LSTM (full),208,19480251.86549747,3.3981286149709127
fog_CM_CMS,total_assets_GA,MTL-LSTM (full),210,765480.0872709751,9.157072623339788
fog_CM_CMS,total_assets_GA,MTL-LSTM (full),211,897029.1348113865,8.12197580233311
fog_CM_CMS,total_assets_GA,MTL-LSTM (full),220,801022.7854741067,4.816197863671812
fog_CM_CMS,total_assets_GA,MTL-LSTM (full),222,3874826.976144664,14.861460264738872
fog_CM_CMS,total_assets_GA,MTL-LSTM (full),224,1297290.760872066,0.6378545725956464
fog_CM_CMS,total_assets_GA,MTL-LSTM (full),225,2459913.2093298435,1.3698771468349655
fog_CM_CMS,total_assets_GA,MTL-LSTM (full),227,173636.6734111905,2.2149513460265027
fog_CM_CMS,total_assets_GA,MTL-LSTM (full),232,2662895.9646599703,10.841907465057723
fog_CM_CMS,total_assets_GA,MTL-LSTM (full),233,111728.0279492084,8.833302503442253
fog_CM_CMS,total_assets_GA,MTL-LSTM (full),238,8587249.082464725,25.20530032352947
fog_CM_CMS,total_assets_GA,MTL-LSTM (full),252,225056.13042379916,3.4762878698364634
fog_CM_CMS,total_assets_GA,MTL-LSTM (full),258,1287015.7992711067,5.969596403553654
fog_CM_CMS,total_assets_GA,MTL-LSTM (full),260,17259980.95856154,1.903809800905962
fog_CM_CMS,total_assets_GA,MTL-LSTM (full),268,10350250.782593489,6.316568608725633
fog_CM_CMS,total_assets_GA,MTL-LSTM (full),271,1591705.9111788496,6.421682525922927
fog_CM_CMS,total_liabilities_GA,ARIMA,2,130320.0,5.281979137155148
fog_CM_CMS,total_liabilities_GA,ARIMA,3,940813.9346655048,15.755390623716206
fog_CM_CMS,total_liabilities_GA,ARIMA,6,5450540.974035967,19.30797888760746
fog_CM_CMS,total_liabilities_GA,ARIMA,10,272619.67272756575,35.42308633756932
fog_CM_CMS,total_liabilities_GA,ARIMA,12,87748858.94645774,45.393519172546185
fog_CM_CMS,total_liabilities_GA,ARIMA,20,2251189.7427346483,8.058812604754864
fog_CM_CMS,total_liabilities_GA,ARIMA,24,2735828.0,4.940955214233765
fog_CM_CMS,total_liabilities_GA,ARIMA,25,200005016.7356084,200.0
fog_CM_CMS,total_liabilities_GA,ARIMA,31,49394642.103390336,18.851014244255214
fog_CM_CMS,total_liabilities_GA,ARIMA,34,2039532.0,0.8386114174641148
fog_CM_CMS,total_liabilities_GA,ARIMA,35,4295398515.104618,165.64311664861387
fog_CM_CMS,total_liabilities_GA,ARIMA,38,5319618.141308591,18.335869787895323
fog_CM_CMS,total_liabilities_GA,ARIMA,42,3308173.872131869,5.070689211266729
fog_CM_CMS,total_liabilities_GA,ARIMA,44,2882847.0,2.65790223525906
fog_CM_CMS,total_liabilities_GA,ARIMA,48,11052670.655519038,7.1629131986833805
fog_CM_CMS,total_liabilities_GA,ARIMA,51,563897.0,13.228269800431288
fog_CM_CMS,total_liabilities_GA,ARIMA,52,1349395.0129235396,80.64628537348153
fog_CM_CMS,total_liabilities_GA,ARIMA,58,463217.0563031733,0.35013220303482395
fog_CM_CMS,total_liabilities_GA,ARIMA,59,3790890.0,1.373213971748782
fog_CM_CMS,total_liabilities_GA,ARIMA,60,1931848.0,10.20647603252149
fog_CM_CMS,total_liabilities_GA,ARIMA,61,6621908.6556039825,19.630302500424172
fog_CM_CMS,total_liabilities_GA,ARIMA,62,10413401.0,11.102722106597755
fog_CM_CMS,total_liabilities_GA,ARIMA,64,120785.0,0.9767351685916387
fog_CM_CMS,total_liabilities_GA,ARIMA,66,282471.4873966444,103.57042130771079
fog_CM_CMS,total_liabilities_GA,ARIMA,68,5924298.887650661,16.804777572491343
fog_CM_CMS,total_liabilities_GA,ARIMA,73,879244.0,20.990575722243072
fog_CM_CMS,total_liabilities_GA,ARIMA,77,30979.01827677498,36.124400573673924
fog_CM_CMS,total_liabilities_GA,ARIMA,102,6080659.287921637,7.363474685906161
fog_CM_CMS,total_liabilities_GA,ARIMA,109,1097389.8253773192,200.0
fog_CM_CMS,total_liabilities_GA,ARIMA,112,213090036.12271,20.953525108836153
fog_CM_CMS,total_liabilities_GA,ARIMA,114,171273.0,0.05618701691754163
fog_CM_CMS,total_liabilities_GA,ARIMA,122,47746266.56207818,39.00051232503696
fog_CM_CMS,total_liabilities_GA,ARIMA,125,617003.0,0.4542720342428447
fog_CM_CMS,total_liabilities_GA,ARIMA,126,237660.33534410968,1.7290948314345949
fog_CM_CMS,total_liabilities_GA,ARIMA,127,7991628.383364916,7.000662290598894
fog_CM_CMS,total_liabilities_GA,ARIMA,133,1922420.621523046,31.553651290932443
fog_CM_CMS,total_liabilities_GA,ARIMA,135,107288622.58505183,178.54628286088052
fog_CM_CMS,total_liabilities_GA,ARIMA,136,20757419.886537,23.296171694725416
fog_CM_CMS,total_liabilities_GA,ARIMA,159,5576930.960507557,5.414317853524132
fog_CM_CMS,total_liabilities_GA,ARIMA,161,210982.12175425142,0.7900224710166684
fog_CM_CMS,total_liabilities_GA,ARIMA,164,3214693.4515102208,9.075645010704957
fog_CM_CMS,total_liabilities_GA,ARIMA,165,189418.73789501935,0.588713287451939
fog_CM_CMS,total_liabilities_GA,ARIMA,179,100409.38095723093,0.11860657124870176
fog_CM_CMS,total_liabilities_GA,ARIMA,183,63497457.0,200.0
fog_CM_CMS,total_liabilities_GA,ARIMA,184,18553881.302583694,6.85912398123419
fog_CM_CMS,total_liabilities_GA,ARIMA,185,75505.06515117269,3.698164043300102
fog_CM_CMS,total_liabilities_GA,ARIMA,194,4.301892692342737e-27,200.0
fog_CM_CMS,total_liabilities_GA,ARIMA,195,40604.364849883365,3.1001169294180775
fog_CM_CMS,total_liabilities_GA,ARIMA,197,22243.512293639622,29.112546694285285
fog_CM_CMS,total_liabilities_GA,ARIMA,201,7870781.697533468,200.0
fog_CM_CMS,total_liabilities_GA,ARIMA,205,2098384.0,8.878660693073098
fog_CM_CMS,total_liabilities_GA,ARIMA,208,24299303.91797471,2.664229544980255
fog_CM_CMS,total_liabilities_GA,ARIMA,210,756811.2314421851,8.620354720024066
fog_CM_CMS,total_liabilities_GA,ARIMA,211,569703.4165685636,32.17891243286268
fog_CM_CMS,total_liabilities_GA,ARIMA,220,4670607.284464644,179.454362170053
fog_CM_CMS,total_liabilities_GA,ARIMA,222,38859.99762052478,16.937627085402127
fog_CM_CMS,total_liabilities_GA,ARIMA,224,20416916.005521476,10.738386532206503
fog_CM_CMS,total_liabilities_GA,ARIMA,225,20971340.14329037,9.688233416432405
fog_CM_CMS,total_liabilities_GA,ARIMA,227,22825.0,104.67542592465205
fog_CM_CMS,total_liabilities_GA,ARIMA,232,132928.80859035556,198.86600629038475
fog_CM_CMS,total_liabilities_GA,ARIMA,233,5614.686509773602,200.0
fog_CM_CMS,total_liabilities_GA,ARIMA,238,2600696.0937281474,28.056118220099886
fog_CM_CMS,total_liabilities_GA,ARIMA,252,95766.0,6.170946945166684
fog_CM_CMS,total_liabilities_GA,ARIMA,258,2831464.7438755967,50.30444079169184
fog_CM_CMS,total_liabilities_GA,ARIMA,260,356019698.1960466,29.49180129814498
fog_CM_CMS,total_liabilities_GA,ARIMA,268,10351241.729120255,11.94501271108294
fog_CM_CMS,total_liabilities_GA,ARIMA,271,978117.5781567786,16.57941557272977
fog_CM_CMS,total_liabilities_GA,STL-LSTM (full),2,130320.17106871307,5.281986253828686
fog_CM_CMS,total_liabilities_GA,STL-LSTM (full),3,378280.8382678628,5.704797058587189
fog_CM_CMS,total_liabilities_GA,STL-LSTM (full),6,5450535.855763748,19.30796250701497
fog_CM_CMS,total_liabilities_GA,STL-LSTM (full),10,1376.08853662014,0.1520150197865984
fog_CM_CMS,total_liabilities_GA,STL-LSTM (full),12,29329265.09965697,17.873102691150713
fog_CM_CMS,total_liabilities_GA,STL-LSTM (full),20,1652249.8735199273,5.528465558555851
fog_CM_CMS,total_liabilities_GA,STL-LSTM (full),24,2735827.817483574,4.940954892749159
fog_CM_CMS,total_liabilities_GA,STL-LSTM (full),25,99521856.83920853,199.99999935374407
fog_CM_CMS,total_liabilities_GA,STL-LSTM (full),31,8377691.900690854,3.468765480178789
fog_CM_CMS,total_liabilities_GA,STL-LSTM (full),34,2039531.899807632,0.8386113760944405
fog_CM_CMS,total_liabilities_GA,STL-LSTM (full),35,3372792.8997238874,0.7600165825707449
fog_CM_CMS,total_liabilities_GA,STL-LSTM (full),38,5319623.0943495035,18.33588529505019
fog_CM_CMS,total_liabilities_GA,STL-LSTM (full),42,3308182.1021442637,5.070701506202919
fog_CM_CMS,total_liabilities_GA,STL-LSTM (full),44,2882846.821691662,2.6579020730486196
fog_CM_CMS,total_liabilities_GA,STL-LSTM (full),48,8573720.830893397,5.224141306174783
fog_CM_CMS,total_liabilities_GA,STL-LSTM (full),51,563896.8388620168,13.228265770329987
fog_CM_CMS,total_liabilities_GA,STL-LSTM (full),52,289338.8561553061,11.607944275872182
fog_CM_CMS,total_liabilities_GA,STL-LSTM (full),58,16444034.106330931,11.68303545783933
fog_CM_CMS,total_liabilities_GA,STL-LSTM (full),59,3790890.0949215293,1.3732140058971203
fog_CM_CMS,total_liabilities_GA,STL-LSTM (full),60,1931847.8331649601,10.20647519606851
fog_CM_CMS,total_liabilities_GA,STL-LSTM (full),61,1109673.1678409427,3.715344218487735
fog_CM_CMS,total_liabilities_GA,STL-LSTM (full),62,10413401.144329414,11.102722251938514
fog_CM_CMS,total_liabilities_GA,STL-LSTM (full),64,120785.15353350341,0.9767364162129243
fog_CM_CMS,total_liabilities_GA,STL-LSTM (full),66,225460.82952442765,92.31556031018803
fog_CM_CMS,total_liabilities_GA,STL-LSTM (full),68,4885153.828768715,14.064437569510464
fog_CM_CMS,total_liabilities_GA,STL-LSTM (full),73,879243.8341006786,20.990572177331096
fog_CM_CMS,total_liabilities_GA,STL-LSTM (full),77,30978.84403386712,36.124160691188294
fog_CM_CMS,total_liabilities_GA,STL-LSTM (full),102,6080659.835348278,7.363475324414681
fog_CM_CMS,total_liabilities_GA,STL-LSTM (full),109,947195.0735122412,192.1551417569377
fog_CM_CMS,total_liabilities_GA,STL-LSTM (full),112,57692990.13792682,6.544319323004213
fog_CM_CMS,total_liabilities_GA,STL-LSTM (full),114,171272.9021193385,0.05618698479825011
fog_CM_CMS,total_liabilities_GA,STL-LSTM (full),122,4456841.155063897,4.4223466926503585
fog_CM_CMS,total_liabilities_GA,STL-LSTM (full),125,617002.8922080994,0.4542719547001727
fog_CM_CMS,total_liabilities_GA,STL-LSTM (full),126,237661.09878949076,1.7291003378511278
fog_CM_CMS,total_liabilities_GA,STL-LSTM (full),127,7991620.824234024,7.000655900588712
fog_CM_CMS,total_liabilities_GA,STL-LSTM (full),133,1922422.1397155374,31.553680141192793
fog_CM_CMS,total_liabilities_GA,STL-LSTM (full),135,687482.8496505469,10.125646682449432
fog_CM_CMS,total_liabilities_GA,STL-LSTM (full),136,20757414.863963425,23.296166714448738
fog_CM_CMS,total_liabilities_GA,STL-LSTM (full),159,15704442.894062847,17.00301343502423
fog_CM_CMS,total_liabilities_GA,STL-LSTM (full),161,210977.8675264418,0.7900066039861727
fog_CM_CMS,total_liabilities_GA,STL-LSTM (full),164,3214686.8631321937,9.075627254595165
fog_CM_CMS,total_liabilities_GA,STL-LSTM (full),165,189420.0947110802,0.5887174920221231
fog_CM_CMS,total_liabilities_GA,STL-LSTM (full),179,100411.1704723686,0.11860868633122779
fog_CM_CMS,total_liabilities_GA,STL-LSTM (full),183,2941403.8307254314,4.527454494373692
fog_CM_CMS,total_liabilities_GA,STL-LSTM (full),184,18553845.824711144,6.8591113153451815
fog_CM_CMS,total_liabilities_GA,STL-LSTM (full),185,75504.85409142077,3.6981538969487624
fog_CM_CMS,total_liabilities_GA,STL-LSTM (full),194,0.03529852256178856,200.0
fog_CM_CMS,total_liabilities_GA,STL-LSTM (full),195,40601.905169703066,3.0999262236780845
fog_CM_CMS,total_liabilities_GA,STL-LSTM (full),197,7624.162729948759,8.347098105228353
fog_CM_CMS,total_liabilities_GA,STL-LSTM (full),201,773838.8595809042,20.042849180549418
fog_CM_CMS,total_liabilities_GA,STL-LSTM (full),205,2098383.8205096275,8.878659967330126
fog_CM_CMS,total_liabilities_GA,STL-LSTM (full),208,107628082.09759808,12.365457348459396
fog_CM_CMS,total_liabilities_GA,STL-LSTM (full),210,756808.8933122605,8.620326939986116
fog_CM_CMS,total_liabilities_GA,STL-LSTM (full),211,569702.8201684654,32.178884166049215
fog_CM_CMS,total_liabilities_GA,STL-LSTM (full),220,1820793.1687517762,45.20813702070719
fog_CM_CMS,total_liabilities_GA,STL-LSTM (full),222,52499.850956350565,22.22216614464096
fog_CM_CMS,total_liabilities_GA,STL-LSTM (full),224,20416996.106132776,10.738426399538419
fog_CM_CMS,total_liabilities_GA,STL-LSTM (full),225,20971346.153332084,9.688236058424629
fog_CM_CMS,total_liabilities_GA,STL-LSTM (full),227,22824.84740817547,104.67435989047571
fog_CM_CMS,total_liabilities_GA,STL-LSTM (full),232,61.135382890701294,17.545842159213144
fog_CM_CMS,total_liabilities_GA,STL-LSTM (full),233,572.9389481171966,24.148854644972747
fog_CM_CMS,total_liabilities_GA,STL-LSTM (full),238,174199.17769673467,1.6617507501707005
fog_CM_CMS,total_liabilities_GA,STL-LSTM (full),252,95765.85358476639,6.170937801600176
fog_CM_CMS,total_liabilities_GA,STL-LSTM (full),258,616663.8559900224,8.386878519669223
fog_CM_CMS,total_liabilities_GA,STL-LSTM (full),260,167948768.83827853,15.08775107316154
fog_CM_CMS,total_liabilities_GA,STL-LSTM (full),268,777620.8501759022,0.9498166725102514
fog_CM_CMS,total_liabilities_GA,STL-LSTM (full),271,978116.8452827483,16.579402120488712
fog_CM_CMS,total_liabilities_GA,MTL-LSTM (full),2,130320.18791535497,5.281986954670196
fog_CM_CMS,total_liabilities_GA,MTL-LSTM (full),3,378281.0050045382,5.704799501393716
fog_CM_CMS,total_liabilities_GA,MTL-LSTM (full),6,5450535.806747079,19.3079623501413
fog_CM_CMS,total_liabilities_GA,MTL-LSTM (full),10,1376.1451857089996,0.15202128250720126
fog_CM_CMS,total_liabilities_GA,MTL-LSTM (full),12,29329264.705698818,17.87310247252917
fog_CM_CMS,total_liabilities_GA,MTL-LSTM (full),20,1652249.9953636043,5.528465954978009
fog_CM_CMS,total_liabilities_GA,MTL-LSTM (full),24,2735827.6891009808,4.940954666615937
fog_CM_CMS,total_liabilities_GA,MTL-LSTM (full),25,99521856.94719261,199.9999997877556
fog_CM_CMS,total_liabilities_GA,MTL-LSTM (full),31,8377691.909122735,3.4687654836094413
fog_CM_CMS,total_liabilities_GA,MTL-LSTM (full),34,2039532.022013098,0.8386114265533771
fog_CM_CMS,total_liabilities_GA,MTL-LSTM (full),35,3372793.115714252,0.7600166314264176
fog_CM_CMS,total_liabilities_GA,MTL-LSTM (full),38,5319622.763493702,18.335884259195286
fog_CM_CMS,total_liabilities_GA,MTL-LSTM (full),42,3308182.3203968704,5.070701832253667
fog_CM_CMS,total_liabilities_GA,MTL-LSTM (full),44,2882847.001492381,2.6579022366167075
fog_CM_CMS,total_liabilities_GA,MTL-LSTM (full),48,8573720.763233721,5.224141266025239
fog_CM_CMS,total_liabilities_GA,MTL-LSTM (full),51,563896.9352917299,13.228268182061234
fog_CM_CMS,total_liabilities_GA,MTL-LSTM (full),52,289338.9749668781,11.607948765805338
fog_CM_CMS,total_liabilities_GA,MTL-LSTM (full),58,16444034.258954942,11.683035559940244
fog_CM_CMS,total_liabilities_GA,MTL-LSTM (full),59,3790889.839948058,1.3732139141695592
fog_CM_CMS,total_liabilities_GA,MTL-LSTM (full),60,1931848.1446843594,10.20647675791864
fog_CM_CMS,total_liabilities_GA,MTL-LSTM (full),61,1109673.146514684,3.715344145757935
fog_CM_CMS,total_liabilities_GA,MTL-LSTM (full),62,10413400.784772545,11.102721889862154
fog_CM_CMS,total_liabilities_GA,MTL-LSTM (full),64,120785.31233245134,0.9767377066215039
fog_CM_CMS,total_liabilities_GA,MTL-LSTM (full),66,225460.9917847989,92.31559608184746
fog_CM_CMS,total_liabilities_GA,MTL-LSTM (full),68,4885153.945012711,14.06443788064421
fog_CM_CMS,total_liabilities_GA,MTL-LSTM (full),73,879243.9420788772,20.990574484593168
fog_CM_CMS,total_liabilities_GA,MTL-LSTM (full),77,30979.376364558935,36.1248935593303
fog_CM_CMS,total_liabilities_GA,MTL-LSTM (full),102,6080659.753809929,7.363475229309828
fog_CM_CMS,total_liabilities_GA,MTL-LSTM (full),109,947195.1731523126,192.15518139154608
fog_CM_CMS,total_liabilities_GA,MTL-LSTM (full),112,57692990.1010555,6.544319318684915
fog_CM_CMS,total_liabilities_GA,MTL-LSTM (full),114,171273.15532159805,0.056187067885931266
fog_CM_CMS,total_liabilities_GA,MTL-LSTM (full),122,4456840.965274483,4.422346508493944
fog_CM_CMS,total_liabilities_GA,MTL-LSTM (full),125,617003.2094998956,0.4542721888387041
fog_CM_CMS,total_liabilities_GA,MTL-LSTM (full),126,237661.00151846372,1.7290996362753608
fog_CM_CMS,total_liabilities_GA,MTL-LSTM (full),127,7991621.18489711,7.000656205470436
fog_CM_CMS,total_liabilities_GA,MTL-LSTM (full),133,1922421.9419316463,31.553676382698793
fog_CM_CMS,total_liabilities_GA,MTL-LSTM (full),135,687483.0554760806,10.125649560486986
fog_CM_CMS,total_liabilities_GA,MTL-LSTM (full),136,20757414.880449817,23.29616673079629
fog_CM_CMS,total_liabilities_GA,MTL-LSTM (full),159,15704442.972129837,17.00301352673209
fog_CM_CMS,total_liabilities_GA,MTL-LSTM (full),161,210978.18134839833,0.7900077744507421
fog_CM_CMS,total_liabilities_GA,MTL-LSTM (full),164,3214686.778487295,9.075627026471606
fog_CM_CMS,total_liabilities_GA,MTL-LSTM (full),165,189419.71749013662,0.5887163230708158
fog_CM_CMS,total_liabilities_GA,MTL-LSTM (full),179,100410.96631267667,0.11860844502865821
fog_CM_CMS,total_liabilities_GA,MTL-LSTM (full),183,2941404.103145577,4.5274549041949035
fog_CM_CMS,total_liabilities_GA,MTL-LSTM (full),184,18553845.979747236,6.859111370694329
fog_CM_CMS,total_liabilities_GA,MTL-LSTM (full),185,75505.19823639095,3.6981704411531107
fog_CM_CMS,total_liabilities_GA,MTL-LSTM (full),194,0.23216673731803894,200.0
fog_CM_CMS,total_liabilities_GA,MTL-LSTM (full),195,40601.781644538045,3.099916646443222
fog_CM_CMS,total_liabilities_GA,MTL-LSTM (full),197,7624.019305801019,8.346947634721715
fog_CM_CMS,total_liabilities_GA,MTL-LSTM (full),201,773839.0938489214,20.04285464015193
fog_CM_CMS,total_liabilities_GA,MTL-LSTM (full),205,2098383.9632332698,8.878660544412224
fog_CM_CMS,total_liabilities_GA,MTL-LSTM (full),208,107628082.22628307,12.365457364158193
fog_CM_CMS,total_liabilities_GA,MTL-LSTM (full),210,756809.0306709893,8.62032857198705
fog_CM_CMS,total_liabilities_GA,MTL-LSTM (full),211,569702.872781828,32.17888665969792
fog_CM_CMS,total_liabilities_GA,MTL-LSTM (full),220,1820793.2357750386,45.208139060971554
fog_CM_CMS,total_liabilities_GA,MTL-LSTM (full),222,52499.9553880766,22.22220543701724
fog_CM_CMS,total_liabilities_GA,MTL-LSTM (full),224,20416995.858325332,10.738426276200789
fog_CM_CMS,total_liabilities_GA,MTL-LSTM (full),225,20971346.16197142,9.688236062222447
fog_CM_CMS,total_liabilities_GA,MTL-LSTM (full),227,22825.066131293774,104.67588793218798
fog_CM_CMS,total_liabilities_GA,MTL-LSTM (full),232,61.22110991179943,17.57260754672113
fog_CM_CMS,total_liabilities_GA,MTL-LSTM (full),233,573.3721334040165,24.169319471429077
fog_CM_CMS,total_liabilities_GA,MTL-LSTM (full),238,174199.0728365779,1.6617497415594202
fog_CM_CMS,total_liabilities_GA,MTL-LSTM (full),252,95765.86133728921,6.170938285741815
fog_CM_CMS,total_liabilities_GA,MTL-LSTM (full),258,616663.9582541361,8.386879852178879
fog_CM_CMS,total_liabilities_GA,MTL-LSTM (full),260,167948768.98930454,15.087751085705515
fog_CM_CMS,total_liabilities_GA,MTL-LSTM (full),268,777621.1263902634,0.9498170082870874
fog_CM_CMS,total_liabilities_GA,MTL-LSTM (full),271,978116.9016545191,16.57940315521852
fog_CM_CMS,tot_fnp,ARIMA,2,528767.4902234226,1.284294460619731
fog_CM_CMS,tot_fnp,ARIMA,3,1471437.8654831126,2.8042877767268686
fog_CM_CMS,tot_fnp,ARIMA,6,34854201.06512934,11.35851357009404
fog_CM_CMS,tot_fnp,ARIMA,10,2547147.304761626,16.635071628801438
fog_CM_CMS,tot_fnp,ARIMA,12,22022582.082808495,1.7522554566318918
fog_CM_CMS,tot_fnp,ARIMA,20,294395.0,0.30457564657534225
fog_CM_CMS,tot_fnp,ARIMA,24,1453649.915844053,0.682812846064095
fog_CM_CMS,tot_fnp,ARIMA,25,140416.16529238224,0.05290921483665196
fog_CM_CMS,tot_fnp,ARIMA,31,2710940464.972959,147.84005684779243
fog_CM_CMS,tot_fnp,ARIMA,34,61228714.825801015,6.1793391524909325
fog_CM_CMS,tot_fnp,ARIMA,35,150083735.07766438,8.849965342695889
fog_CM_CMS,tot_fnp,ARIMA,38,8566792.856475025,5.204264821794764
fog_CM_CMS,tot_fnp,ARIMA,42,58297093.632400274,8.911714349481752
fog_CM_CMS,tot_fnp,ARIMA,44,32448492.98156154,5.980847443773418
fog_CM_CMS,tot_fnp,ARIMA,48,15991379829.17986,189.16250291421517
fog_CM_CMS,tot_fnp,ARIMA,51,3224037.788305089,3.811925120740088
fog_CM_CMS,tot_fnp,ARIMA,52,18597294.0,200.0
fog_CM_CMS,tot_fnp,ARIMA,58,32936519.887006164,4.114954811620507
fog_CM_CMS,tot_fnp,ARIMA,59,243470345.8312769,8.770508365787641
fog_CM_CMS,tot_fnp,ARIMA,60,1777028.7621903718,1.9522728051000957
fog_CM_CMS,tot_fnp,ARIMA,61,2994911.7476151288,2.107031437416106
fog_CM_CMS,tot_fnp,ARIMA,62,11612952.214970946,1.4731976827615643
fog_CM_CMS,tot_fnp,ARIMA,64,3159226.6370663643,3.0801576557637915
fog_CM_CMS,tot_fnp,ARIMA,66,613156.0,3.1907648102284982
fog_CM_CMS,tot_fnp,ARIMA,68,3407448.827700734,1.5116178756828198
fog_CM_CMS,tot_fnp,ARIMA,73,1724394.405884713,3.1681428558821008
fog_CM_CMS,tot_fnp,ARIMA,77,124440.67039305018,3.0130667324468794
fog_CM_CMS,tot_fnp,ARIMA,102,486585318.0,200.0
fog_CM_CMS,tot_fnp,ARIMA,109,3816656.428673953,4.812971955502208
fog_CM_CMS,tot_fnp,ARIMA,112,41122849.41548872,1.5670676768874132
fog_CM_CMS,tot_fnp,ARIMA,114,62102963.03539777,3.637435335141425
fog_CM_CMS,tot_fnp,ARIMA,122,2267341.7142261863,0.5386063278306112
fog_CM_CMS,tot_fnp,ARIMA,125,28140425.733062625,3.962302784903502
fog_CM_CMS,tot_fnp,ARIMA,126,635439.1792380586,1.291530615209631
fog_CM_CMS,tot_fnp,ARIMA,127,7796473.910930872,1.1822809040554196
fog_CM_CMS,tot_fnp,ARIMA,133,769456.5942188352,2.0419829913942587
fog_CM_CMS,tot_fnp,ARIMA,135,532795.0,1.3149818425045436
fog_CM_CMS,tot_fnp,ARIMA,136,16324106.938497573,7.83145124041625
fog_CM_CMS,tot_fnp,ARIMA,159,10090993.890855968,3.361611313884817
fog_CM_CMS,tot_fnp,ARIMA,161,3503019.674211532,2.0798626870986023
fog_CM_CMS,tot_fnp,ARIMA,164,223564.63199087977,0.18017219871262058
fog_CM_CMS,tot_fnp,ARIMA,165,3698117.0,2.0304303398012857
fog_CM_CMS,tot_fnp,ARIMA,179,8996183.511446238,1.589304690048208
fog_CM_CMS,tot_fnp,ARIMA,183,4773031.769703984,1.9181295233860012
fog_CM_CMS,tot_fnp,ARIMA,184,7836698.375589848,0.6349314710444748
fog_CM_CMS,tot_fnp,ARIMA,185,516261.4902975261,6.246944736952218
fog_CM_CMS,tot_fnp,ARIMA,194,271440.6767967071,19.623806346930063
fog_CM_CMS,tot_fnp,ARIMA,195,4728191.409722738,10.741267476909748
fog_CM_CMS,tot_fnp,ARIMA,197,0.0,0.0
fog_CM_CMS,tot_fnp,ARIMA,201,2982045.158068672,3.7994953119296397
fog_CM_CMS,tot_fnp,ARIMA,205,480546.96448105574,0.21228213553164269
fog_CM_CMS,tot_fnp,ARIMA,208,114107540.55805755,6.076976779682846
fog_CM_CMS,tot_fnp,ARIMA,210,4472966.642710239,5.746947910719756
fog_CM_CMS,tot_fnp,ARIMA,211,2496123.544389356,7.263414078683302
fog_CM_CMS,tot_fnp,ARIMA,220,49318922.252251565,200.0
fog_CM_CMS,tot_fnp,ARIMA,222,492202.99410893023,0.6006118578219795
fog_CM_CMS,tot_fnp,ARIMA,224,4201530.820783138,0.4414308003591611
fog_CM_CMS,tot_fnp,ARIMA,225,66096169.79047513,10.944114922452188
fog_CM_CMS,tot_fnp,ARIMA,227,655044.7802609317,3.758562092703601
fog_CM_CMS,tot_fnp,ARIMA,232,1579668.3816111758,3.5105927111364927
fog_CM_CMS,tot_fnp,ARIMA,233,185300.5761199626,6.594895187315651
fog_CM_CMS,tot_fnp,ARIMA,238,308067.01879021525,0.4198969549662809
fog_CM_CMS,tot_fnp,ARIMA,252,163580.0825022962,1.2631380771171528
fog_CM_CMS,tot_fnp,ARIMA,258,4445498.892216779,11.889036837406765
fog_CM_CMS,tot_fnp,ARIMA,260,209859165.98039055,8.17495370701539
fog_CM_CMS,tot_fnp,ARIMA,268,3203665.823521197,1.5948392076225781
fog_CM_CMS,tot_fnp,ARIMA,271,7664336.503000952,33.04302997448795
fog_CM_CMS,tot_fnp,STL-LSTM (full),2,529144.9401245117,1.2852053368853735
fog_CM_CMS,tot_fnp,STL-LSTM (full),3,432368.0158996582,0.8322537343479306
fog_CM_CMS,tot_fnp,STL-LSTM (full),6,4887749.027008057,1.674620300146499
fog_CM_CMS,tot_fnp,STL-LSTM (full),10,722573.0778036118,5.283106031222415
fog_CM_CMS,tot_fnp,STL-LSTM (full),12,40831034.20001221,3.332093980550663
fog_CM_CMS,tot_fnp,STL-LSTM (full),20,294054.99822998047,0.30422335193684125
fog_CM_CMS,tot_fnp,STL-LSTM (full),24,2297854.1528320312,1.088949579749042
fog_CM_CMS,tot_fnp,STL-LSTM (full),25,2768668.8051757812,1.0489916360620732
fog_CM_CMS,tot_fnp,STL-LSTM (full),31,4790263.295623779,0.9966777042552482
fog_CM_CMS,tot_fnp,STL-LSTM (full),34,3223877.7441101074,0.33517139897147846
fog_CM_CMS,tot_fnp,STL-LSTM (full),35,110736923.86987305,6.454925540865288
fog_CM_CMS,tot_fnp,STL-LSTM (full),38,4807469.604217529,3.0441689116786925
fog_CM_CMS,tot_fnp,STL-LSTM (full),42,9670490.745300293,1.535366040668955
fog_CM_CMS,tot_fnp,STL-LSTM (full),44,20923978.10687256,3.816138953087574
fog_CM_CMS,tot_fnp,STL-LSTM (full),48,5041099.663787842,1.1065514759463309
fog_CM_CMS,tot_fnp,STL-LSTM (full),51,2922952.6397399902,3.586260861419535
fog_CM_CMS,tot_fnp,STL-LSTM (full),52,244365.36553955078,1.3226733054195523
fog_CM_CMS,tot_fnp,STL-LSTM (full),58,11481478.709899902,1.4753868326672903
fog_CM_CMS,tot_fnp,STL-LSTM (full),59,31040233.48614502,1.1763204957311808
fog_CM_CMS,tot_fnp,STL-LSTM (full),60,3254675.6100463867,3.6772781114597115
fog_CM_CMS,tot_fnp,STL-LSTM (full),61,3978828.2139587402,2.869649737116888
fog_CM_CMS,tot_fnp,STL-LSTM (full),62,35937327.39022827,4.630383947845353
fog_CM_CMS,tot_fnp,STL-LSTM (full),64,28933.520080566406,0.02865472018663711
fog_CM_CMS,tot_fnp,STL-LSTM (full),66,612769.667388916,3.188722344469596
fog_CM_CMS,tot_fnp,STL-LSTM (full),68,1706222.4844055176,0.7656011003851102
fog_CM_CMS,tot_fnp,STL-LSTM (full),73,943022.0694580078,1.77608732011783
fog_CM_CMS,tot_fnp,STL-LSTM (full),77,342855.93589019775,8.527002490455333
fog_CM_CMS,tot_fnp,STL-LSTM (full),102,33836944.15231323,7.204456615572968
fog_CM_CMS,tot_fnp,STL-LSTM (full),109,2783413.2928771973,3.4872877548403727
fog_CM_CMS,tot_fnp,STL-LSTM (full),112,41122628.99682617,1.567059211584946
fog_CM_CMS,tot_fnp,STL-LSTM (full),114,30796772.930114746,1.8542460575480428
fog_CM_CMS,tot_fnp,STL-LSTM (full),122,10150224.307434082,2.4472774268260906
fog_CM_CMS,tot_fnp,STL-LSTM (full),125,4334009.541442871,0.6245271065668611
fog_CM_CMS,tot_fnp,STL-LSTM (full),126,1222016.9682006836,2.5315367305252674
fog_CM_CMS,tot_fnp,STL-LSTM (full),127,10866051.73272705,1.6714118036950665
fog_CM_CMS,tot_fnp,STL-LSTM (full),133,769060.0723266602,2.040919963878604
fog_CM_CMS,tot_fnp,STL-LSTM (full),135,532374.6378479004,1.3139375381955003
fog_CM_CMS,tot_fnp,STL-LSTM (full),136,4155856.736022949,1.9372179455625664
fog_CM_CMS,tot_fnp,STL-LSTM (full),159,2988682.586730957,1.0177931901923283
fog_CM_CMS,tot_fnp,STL-LSTM (full),161,5000788.535003662,2.9824002218398658
fog_CM_CMS,tot_fnp,STL-LSTM (full),164,576834.936706543,0.46637923035306916
fog_CM_CMS,tot_fnp,STL-LSTM (full),165,3698414.954223633,2.0305922689681415
fog_CM_CMS,tot_fnp,STL-LSTM (full),179,11887996.342376709,2.1396560456564497
fog_CM_CMS,tot_fnp,STL-LSTM (full),183,4772939.680053711,1.918092160564338
fog_CM_CMS,tot_fnp,STL-LSTM (full),184,13837786.173034668,1.1310724929149667
fog_CM_CMS,tot_fnp,STL-LSTM (full),185,516655.3092651367,6.25156113000527
fog_CM_CMS,tot_fnp,STL-LSTM (full),194,62011.5227355957,4.850308548173284
fog_CM_CMS,tot_fnp,STL-LSTM (full),195,436378.0302429199,1.0421458904447778
fog_CM_CMS,tot_fnp,STL-LSTM (full),197,0.04167162999510765,200.0
fog_CM_CMS,tot_fnp,STL-LSTM (full),201,2229031.7719421387,2.7488085121784427
fog_CM_CMS,tot_fnp,STL-LSTM (full),205,4307494.868041992,1.9231792647056525
fog_CM_CMS,tot_fnp,STL-LSTM (full),208,7563581.4097595215,0.41629805385905255
fog_CM_CMS,tot_fnp,STL-LSTM (full),210,1071732.240447998,1.407739720020403
fog_CM_CMS,tot_fnp,STL-LSTM (full),211,759758.3858947754,2.156328499687772
fog_CM_CMS,tot_fnp,STL-LSTM (full),220,502234.9234008789,1.1528119199794293
fog_CM_CMS,tot_fnp,STL-LSTM (full),222,1992098.4536743164,2.4533137084989676
fog_CM_CMS,tot_fnp,STL-LSTM (full),224,21858586.62359619,2.2655414917976717
fog_CM_CMS,tot_fnp,STL-LSTM (full),225,6807037.510803223,1.1852796582033784
fog_CM_CMS,tot_fnp,STL-LSTM (full),227,851004.8602752686,4.910562671648407
fog_CM_CMS,tot_fnp,STL-LSTM (full),232,1579267.7729492188,3.509686790929478
fog_CM_CMS,tot_fnp,STL-LSTM (full),233,184887.38482666016,6.579705810763489
fog_CM_CMS,tot_fnp,STL-LSTM (full),238,2004383.695678711,2.7757293033348054
fog_CM_CMS,tot_fnp,STL-LSTM (full),252,87740.52532958984,0.6795073496154677
fog_CM_CMS,tot_fnp,STL-LSTM (full),258,664938.9436645508,1.9087496380453022
fog_CM_CMS,tot_fnp,STL-LSTM (full),260,26592585.13897705,1.085911041974548
fog_CM_CMS,tot_fnp,STL-LSTM (full),268,4460360.147399902,2.263624802769418
fog_CM_CMS,tot_fnp,STL-LSTM (full),271,3603265.1680755615,17.025057541655727
fog_CM_CMS,tot_fnp,MTL-LSTM (full),2,528766.3737005591,1.2842917661724704
fog_CM_CMS,tot_fnp,MTL-LSTM (full),3,431959.25659647584,0.8314701954440784
fog_CM_CMS,tot_fnp,MTL-LSTM (full),6,4887346.30930531,1.6744834778823798
fog_CM_CMS,tot_fnp,MTL-LSTM (full),10,722567.6640043855,5.283065402531901
fog_CM_CMS,tot_fnp,MTL-LSTM (full),12,40831440.45712471,3.3321276862892937
fog_CM_CMS,tot_fnp,MTL-LSTM (full),20,294394.91246660054,0.3045755558769863
fog_CM_CMS,tot_fnp,MTL-LSTM (full),24,2298243.819994658,1.0891352480364673
fog_CM_CMS,tot_fnp,MTL-LSTM (full),25,2769058.657191843,1.0491401177947124
fog_CM_CMS,tot_fnp,MTL-LSTM (full),31,4789869.381624937,0.9965961536323966
fog_CM_CMS,tot_fnp,MTL-LSTM (full),34,3223499.2762396336,0.3351321173809752
fog_CM_CMS,tot_fnp,MTL-LSTM (full),35,110737282.74284172,6.454947134951324
fog_CM_CMS,tot_fnp,MTL-LSTM (full),38,4807874.701731086,3.044429330794541
fog_CM_CMS,tot_fnp,MTL-LSTM (full),42,9670133.30603981,1.5353097263385023
fog_CM_CMS,tot_fnp,MTL-LSTM (full),44,20924353.56196356,3.816208735606752
fog_CM_CMS,tot_fnp,MTL-LSTM (full),48,5041384.741786957,1.1066143985085999
fog_CM_CMS,tot_fnp,MTL-LSTM (full),51,2923372.594303429,3.5867853571920594
fog_CM_CMS,tot_fnp,MTL-LSTM (full),52,244780.67192274332,1.3249361207723565
fog_CM_CMS,tot_fnp,MTL-LSTM (full),58,11481898.530175567,1.4754411781696448
fog_CM_CMS,tot_fnp,MTL-LSTM (full),59,31040626.56267929,1.176335479625464
fog_CM_CMS,tot_fnp,MTL-LSTM (full),60,3255085.6874813437,3.677749955237726
fog_CM_CMS,tot_fnp,MTL-LSTM (full),61,3979253.7137738466,2.8699610240050024
fog_CM_CMS,tot_fnp,MTL-LSTM (full),62,35937743.501588464,4.6304388034542665
fog_CM_CMS,tot_fnp,MTL-LSTM (full),64,29341.669868648052,0.029058995823498912
fog_CM_CMS,tot_fnp,MTL-LSTM (full),66,613155.7851470411,3.1907636743310674
fog_CM_CMS,tot_fnp,MTL-LSTM (full),68,1706631.7692887187,0.7657854542722448
fog_CM_CMS,tot_fnp,MTL-LSTM (full),73,943423.7659575641,1.7768505965413195
fog_CM_CMS,tot_fnp,MTL-LSTM (full),77,342963.3231730461,8.529787172888609
fog_CM_CMS,tot_fnp,MTL-LSTM (full),102,33837322.7040447,7.204540119058588
fog_CM_CMS,tot_fnp,MTL-LSTM (full),109,2783807.5270634294,3.4877902972636114
fog_CM_CMS,tot_fnp,MTL-LSTM (full),112,41123045.749920845,1.5670752172220896
fog_CM_CMS,tot_fnp,MTL-LSTM (full),114,30797184.5194211,1.8542710687281467
fog_CM_CMS,tot_fnp,MTL-LSTM (full),122,10150609.309776902,2.4473713890059288
fog_CM_CMS,tot_fnp,MTL-LSTM (full),125,4334432.588554621,0.6245882576743752
fog_CM_CMS,tot_fnp,MTL-LSTM (full),126,1222432.6825618148,2.532408831068201
fog_CM_CMS,tot_fnp,MTL-LSTM (full),127,10866441.590319514,1.6714722726086868
fog_CM_CMS,tot_fnp,MTL-LSTM (full),133,769461.7248426378,2.041996746053079
fog_CM_CMS,tot_fnp,MTL-LSTM (full),135,532794.7523412257,1.3149812272434773
fog_CM_CMS,tot_fnp,MTL-LSTM (full),136,4156121.686197132,1.937342646226672
fog_CM_CMS,tot_fnp,MTL-LSTM (full),159,2989066.743036628,1.0179246801250459
fog_CM_CMS,tot_fnp,MTL-LSTM (full),161,5001185.535842121,2.9826405185134086
fog_CM_CMS,tot_fnp,MTL-LSTM (full),164,577226.711099118,0.46669672465085404
fog_CM_CMS,tot_fnp,MTL-LSTM (full),165,3698117.4766358733,2.030430598838771
fog_CM_CMS,tot_fnp,MTL-LSTM (full),179,11888414.677772999,2.1397321451217635
fog_CM_CMS,tot_fnp,MTL-LSTM (full),183,4773059.685929954,1.918140849623215
fog_CM_CMS,tot_fnp,MTL-LSTM (full),184,13838197.791477919,1.1311063280487401
fog_CM_CMS,tot_fnp,MTL-LSTM (full),185,516261.1449095905,6.246940688176964
fog_CM_CMS,tot_fnp,MTL-LSTM (full),194,61639.410863399506,4.821905066661918
fog_CM_CMS,tot_fnp,MTL-LSTM (full),195,435974.4435323179,1.0411870735335322
fog_CM_CMS,tot_fnp,MTL-LSTM (full),197,0.258154034614563,200.0
fog_CM_CMS,tot_fnp,MTL-LSTM (full),201,2228684.3076737523,2.748385912707903
fog_CM_CMS,tot_fnp,MTL-LSTM (full),205,4307888.5773971975,1.923356735664306
fog_CM_CMS,tot_fnp,MTL-LSTM (full),208,7563962.791269779,0.41631908871852147
fog_CM_CMS,tot_fnp,MTL-LSTM (full),210,1071344.4542408586,1.407233939782794
fog_CM_CMS,tot_fnp,MTL-LSTM (full),211,760086.7236067355,2.1572704317009133
fog_CM_CMS,tot_fnp,MTL-LSTM (full),220,502622.73310005665,1.153707219314184
fog_CM_CMS,tot_fnp,MTL-LSTM (full),222,1992486.7956611365,2.4537978279898063
fog_CM_CMS,tot_fnp,MTL-LSTM (full),224,21858190.493635893,2.2655008998316646
fog_CM_CMS,tot_fnp,MTL-LSTM (full),225,6806661.26250577,1.1852145319770904
fog_CM_CMS,tot_fnp,MTL-LSTM (full),227,851179.461245656,4.911594915747209
fog_CM_CMS,tot_fnp,MTL-LSTM (full),232,1579670.7438418567,3.5105980530132244
fog_CM_CMS,tot_fnp,MTL-LSTM (full),233,185300.32566034794,6.594885979462012
fog_CM_CMS,tot_fnp,MTL-LSTM (full),238,2004787.665586859,2.7762964984156318
fog_CM_CMS,tot_fnp,MTL-LSTM (full),252,87402.57430970669,0.6768989427828008
fog_CM_CMS,tot_fnp,MTL-LSTM (full),258,665336.7379368842,1.909902436398627
fog_CM_CMS,tot_fnp,MTL-LSTM (full),260,26592985.650871754,1.0859274857217838
fog_CM_CMS,tot_fnp,MTL-LSTM (full),268,4460754.66211167,2.263827284547205
fog_CM_CMS,tot_fnp,MTL-LSTM (full),271,3603082.455190003,17.02426772727029
homerule_Y,tot_rev_gn,ARIMA,1,5373132.502870701,10.028337291450612
homerule_Y,tot_rev_gn,ARIMA,4,3335523.9193364866,12.022472958596067
homerule_Y,tot_rev_gn,ARIMA,12,13750856.823067442,11.65289346960089
homerule_Y,tot_rev_gn,ARIMA,13,1267097.8452531695,2.8532140098805874
homerule_Y,tot_rev_gn,ARIMA,20,30130939.07987061,148.19963112912052
homerule_Y,tot_rev_gn,ARIMA,27,11730127.391034655,22.807560914930093
homerule_Y,tot_rev_gn,ARIMA,29,113520.83605329692,0.3904973029187778
homerule_Y,tot_rev_gn,ARIMA,30,2273795.344131492,4.901296755544102
homerule_Y,tot_rev_gn,ARIMA,31,2440707.6052185073,4.750575413707344
homerule_Y,tot_rev_gn,ARIMA,32,92772.97312029824,0.31523143806547155
homerule_Y,tot_rev_gn,ARIMA,33,493833.4822418336,2.9276830942900496
homerule_Y,tot_rev_gn,ARIMA,34,1176945.0,1.4423395698929908
homerule_Y,tot_rev_gn,ARIMA,35,20422142.843957007,15.588350042199384
homerule_Y,tot_rev_gn,ARIMA,36,493718.48774937727,14.812474884702837
homerule_Y,tot_rev_gn,ARIMA,37,422674.03960398585,2.0247799968145674
homerule_Y,tot_rev_gn,ARIMA,38,839179.100569047,3.782705229754748
homerule_Y,tot_rev_gn,ARIMA,39,221539.70584395155,0.8268633648848118
homerule_Y,tot_rev_gn,ARIMA,42,78097231.24977241,200.0
homerule_Y,tot_rev_gn,ARIMA,44,279637.0,0.659770951276216
homerule_Y,tot_rev_gn,ARIMA,45,371432893.5989528,8.597011403347045
homerule_Y,tot_rev_gn,ARIMA,48,2700807.710405417,5.404394885449585
homerule_Y,tot_rev_gn,ARIMA,55,371359.0,8.257658495225806
homerule_Y,tot_rev_gn,ARIMA,57,261986.48035221174,1.3247937901099425
homerule_Y,tot_rev_gn,ARIMA,58,3070909.875419572,4.416306391576122
homerule_Y,tot_rev_gn,ARIMA,59,159752080.0,200.0
homerule_Y,tot_rev_gn,ARIMA,60,1884490.9442732222,17.64590623874951
homerule_Y,tot_rev_gn,ARIMA,61,810699.9648327772,5.846211697232435
homerule_Y,tot_rev_gn,ARIMA,62,19460699.67255889,30.275428543123756
homerule_Y,tot_rev_gn,ARIMA,73,866745.967039194,14.43937432727881
homerule_Y,tot_rev_gn,ARIMA,74,579022.0561306966,30.251493062824036
homerule_Y,tot_rev_gn,ARIMA,76,192612.31062702741,15.134884163486163
homerule_Y,tot_rev_gn,ARIMA,92,213625.5109577136,35.5568282313167
homerule_Y,tot_rev_gn,ARIMA,99,91064.57169985352,3.9450640001705173
homerule_Y,tot_rev_gn,ARIMA,102,674948.2245311923,2.2702351729654504
homerule_Y,tot_rev_gn,ARIMA,104,74115.63048568182,0.9607784612818437
homerule_Y,tot_rev_gn,ARIMA,112,1308236.7162523568,0.5328966275958191
homerule_Y,tot_rev_gn,ARIMA,113,745063.8857566267,2.0877364952237705
homerule_Y,tot_rev_gn,ARIMA,114,11796366.214764565,6.412507885603446
homerule_Y,tot_rev_gn,ARIMA,116,3942479.91586446,6.436594289683597
homerule_Y,tot_rev_gn,ARIMA,117,13021466.844702117,29.982688716127726
homerule_Y,tot_rev_gn,ARIMA,122,158297.68669495732,0.5024743572673314
homerule_Y,tot_rev_gn,ARIMA,125,2163012.804257095,4.400538465560083
homerule_Y,tot_rev_gn,ARIMA,126,6622385.780958749,198.1995349043532
homerule_Y,tot_rev_gn,ARIMA,127,1528121.2939400151,3.2334156347044245
homerule_Y,tot_rev_gn,ARIMA,128,33111842.360413175,200.0
homerule_Y,tot_rev_gn,ARIMA,129,276942.63833663147,5.088397605150165
homerule_Y,tot_rev_gn,ARIMA,130,27984151.69631961,22.360082153257206
homerule_Y,tot_rev_gn,ARIMA,132,842051.0,7.465432905714945
homerule_Y,tot_rev_gn,ARIMA,137,1048291.3144859932,4.8914867533075315
homerule_Y,tot_rev_gn,ARIMA,159,6898110.846961677,17.14554984520924
homerule_Y,tot_rev_gn,ARIMA,160,38784.22920345515,0.09441710166300529
homerule_Y,tot_rev_gn,ARIMA,179,437558.66287606955,0.9861393898720826
homerule_Y,tot_rev_gn,ARIMA,182,1725945.8080815151,5.16651538231353
homerule_Y,tot_rev_gn,ARIMA,183,9758.879970403388,0.06485858976310065
homerule_Y,tot_rev_gn,ARIMA,184,2407308.0410624743,1.7546768368111365
homerule_Y,tot_rev_gn,ARIMA,199,896398.5658532567,4.511613439967827
homerule_Y,tot_rev_gn,ARIMA,208,8360535.0,6.2271561182692325
homerule_Y,tot_rev_gn,ARIMA,210,724314.1049155304,10.807227306290981
homerule_Y,tot_rev_gn,ARIMA,220,192295.44316125102,3.526120561784091
homerule_Y,tot_rev_gn,ARIMA,224,4845916.986504212,9.851886841291826
homerule_Y,tot_rev_gn,ARIMA,225,3901701.3853475526,9.151310385764235
homerule_Y,tot_rev_gn,ARIMA,229,4776928.6393408775,2.934487114925247
homerule_Y,tot_rev_gn,ARIMA,235,3651586.1145757884,10.21608892049585
homerule_Y,tot_rev_gn,ARIMA,236,9277203.447994038,52.65965625726171
homerule_Y,tot_rev_gn,ARIMA,238,513589.7995083658,10.00987968109737
homerule_Y,tot_rev_gn,ARIMA,239,199615.60546117648,0.6349455699472044
homerule_Y,tot_rev_gn,ARIMA,240,413812.3913373947,1.398314726663201
homerule_Y,tot_rev_gn,ARIMA,242,3432985.0,19.309040976264427
homerule_Y,tot_rev_gn,ARIMA,244,1220779.8142994195,3.0389328815909753
homerule_Y,tot_rev_gn,ARIMA,247,212860.0,2.2950233917504446
homerule_Y,tot_rev_gn,ARIMA,260,39080345.64991766,18.112341685531756
homerule_Y,tot_rev_gn,ARIMA,261,212019.0,0.9149960871239026
homerule_Y,tot_rev_gn,ARIMA,263,123736.9566537952,3.0421032703933886
homerule_Y,tot_rev_gn,ARIMA,265,504132.0,3.8809022767541244
homerule_Y,tot_rev_gn,ARIMA,267,196552.08485537674,6.999585901178299
homerule_Y,tot_rev_gn,ARIMA,268,1698194.2343316674,4.897300644609544
homerule_Y,tot_rev_gn,STL-LSTM (full),1,4423068.190398887,8.32899521546754
homerule_Y,tot_rev_gn,STL-LSTM (full),4,3335527.8673761785,12.022488044217
homerule_Y,tot_rev_gn,STL-LSTM (full),12,10930017.818100646,9.15302891428413
homerule_Y,tot_rev_gn,STL-LSTM (full),13,1677814.8064999431,3.907616776941489
homerule_Y,tot_rev_gn,STL-LSTM (full),20,574797.0454339013,11.545701781241625
homerule_Y,tot_rev_gn,STL-LSTM (full),27,182052.80876860023,0.4003379507954629
homerule_Y,tot_rev_gn,STL-LSTM (full),29,113518.18624052405,0.39048820569487724
homerule_Y,tot_rev_gn,STL-LSTM (full),30,1062228.8782135844,2.2601820231947207
homerule_Y,tot_rev_gn,STL-LSTM (full),31,2440710.867106229,4.750581913426913
homerule_Y,tot_rev_gn,STL-LSTM (full),32,92772.19342121482,0.31522879291719746
homerule_Y,tot_rev_gn,STL-LSTM (full),33,493833.88101427257,2.927685493012356
homerule_Y,tot_rev_gn,STL-LSTM (full),34,1176945.0422958136,1.442339622100082
homerule_Y,tot_rev_gn,STL-LSTM (full),35,10840202.03563717,7.982476961251617
homerule_Y,tot_rev_gn,STL-LSTM (full),36,493718.1807963252,14.812466357591275
homerule_Y,tot_rev_gn,STL-LSTM (full),37,422675.18941771984,2.024785449125135
homerule_Y,tot_rev_gn,STL-LSTM (full),38,1184940.8068784624,5.383220035939372
homerule_Y,tot_rev_gn,STL-LSTM (full),39,207621.12809199095,0.7751157159516129
homerule_Y,tot_rev_gn,STL-LSTM (full),42,1243863.0446355268,2.8378770056879294
homerule_Y,tot_rev_gn,STL-LSTM (full),44,279636.8066586703,0.6597704936050283
homerule_Y,tot_rev_gn,STL-LSTM (full),45,189125999.9525423,4.110748465332695
homerule_Y,tot_rev_gn,STL-LSTM (full),48,2700807.8008128703,5.404395071246023
homerule_Y,tot_rev_gn,STL-LSTM (full),55,371359.19160310924,8.257662579863478
homerule_Y,tot_rev_gn,STL-LSTM (full),57,397675.79958085716,2.0450460900372076
homerule_Y,tot_rev_gn,STL-LSTM (full),58,3070909.8749646246,4.416306390907411
homerule_Y,tot_rev_gn,STL-LSTM (full),59,6220907.806819111,3.9714269838996
homerule_Y,tot_rev_gn,STL-LSTM (full),60,344884.1900932491,2.924192843071516
homerule_Y,tot_rev_gn,STL-LSTM (full),61,268360.8135108501,1.8981165320276623
homerule_Y,tot_rev_gn,STL-LSTM (full),62,2353986.811865568,4.410567752797553
homerule_Y,tot_rev_gn,STL-LSTM (full),73,15855.963912628591,0.2842991589152112
homerule_Y,tot_rev_gn,STL-LSTM (full),74,150723.13684141636,8.866700224442939
homerule_Y,tot_rev_gn,STL-LSTM (full),76,192612.17944209278,15.134874635436384
homerule_Y,tot_rev_gn,STL-LSTM (full),92,84494.81133337319,12.699005186469817
homerule_Y,tot_rev_gn,STL-LSTM (full),99,91064.79818677902,3.945074005490086
homerule_Y,tot_rev_gn,STL-LSTM (full),102,325360.12587085366,1.0762653065519097
homerule_Y,tot_rev_gn,STL-LSTM (full),104,484290.04202978685,6.513722318446448
homerule_Y,tot_rev_gn,STL-LSTM (full),112,1308266.8684666455,0.5329089425133327
homerule_Y,tot_rev_gn,STL-LSTM (full),113,745066.8710686266,2.0877449476595307
homerule_Y,tot_rev_gn,STL-LSTM (full),114,9709231.796675593,5.605601009471846
homerule_Y,tot_rev_gn,STL-LSTM (full),116,5214847.807986945,8.603252602378001
homerule_Y,tot_rev_gn,STL-LSTM (full),117,1282200.1892266273,3.413709703240267
homerule_Y,tot_rev_gn,STL-LSTM (full),122,158299.95796576515,0.5024815487055916
homerule_Y,tot_rev_gn,STL-LSTM (full),125,2163014.8024504036,4.400542620227656
homerule_Y,tot_rev_gn,STL-LSTM (full),126,345253.193108052,5.058586954091131
homerule_Y,tot_rev_gn,STL-LSTM (full),127,3668706.8153750896,7.942645163181823
homerule_Y,tot_rev_gn,STL-LSTM (full),128,2004332.8101418763,6.264216059052857
homerule_Y,tot_rev_gn,STL-LSTM (full),129,276942.8045207411,5.088400736213205
homerule_Y,tot_rev_gn,STL-LSTM (full),130,3728212.8606058806,3.4111126380088197
homerule_Y,tot_rev_gn,STL-LSTM (full),132,842050.8042788804,7.465431105725163
homerule_Y,tot_rev_gn,STL-LSTM (full),137,802007.8071334064,3.7209101589194082
homerule_Y,tot_rev_gn,STL-LSTM (full),159,1457877.1907019317,3.8863725329535117
homerule_Y,tot_rev_gn,STL-LSTM (full),160,38790.85606959462,0.09443324185545698
homerule_Y,tot_rev_gn,STL-LSTM (full),179,3218613.8772843257,7.488571340699537
homerule_Y,tot_rev_gn,STL-LSTM (full),182,196099.8142540902,0.6044002155647838
homerule_Y,tot_rev_gn,STL-LSTM (full),183,9757.038228318095,0.06484634537387692
homerule_Y,tot_rev_gn,STL-LSTM (full),184,2233184.8110141307,1.6557616766271024
homerule_Y,tot_rev_gn,STL-LSTM (full),199,896399.8726787269,4.511620165649568
homerule_Y,tot_rev_gn,STL-LSTM (full),208,8360534.963924646,6.2271560922359335
homerule_Y,tot_rev_gn,STL-LSTM (full),210,724312.1788077354,10.807200120464469
homerule_Y,tot_rev_gn,STL-LSTM (full),220,192295.81188103557,3.5261274422013917
homerule_Y,tot_rev_gn,STL-LSTM (full),224,1888107.9619822428,3.9575674985213043
homerule_Y,tot_rev_gn,STL-LSTM (full),225,1180645.1368627101,2.6133989906266786
homerule_Y,tot_rev_gn,STL-LSTM (full),229,4776949.875805765,2.9345003519861836
homerule_Y,tot_rev_gn,STL-LSTM (full),235,1139464.801658541,3.4168952149499074
homerule_Y,tot_rev_gn,STL-LSTM (full),236,423585.8092805892,1.9215384846483656
homerule_Y,tot_rev_gn,STL-LSTM (full),238,513589.9580629319,10.009882616665992
homerule_Y,tot_rev_gn,STL-LSTM (full),239,2343459.040459983,7.717301502855698
homerule_Y,tot_rev_gn,STL-LSTM (full),240,413809.7883039415,1.398305869247917
homerule_Y,tot_rev_gn,STL-LSTM (full),242,3432984.870256543,19.309040176060275
homerule_Y,tot_rev_gn,STL-LSTM (full),244,1009791.866712898,2.5854943559566497
homerule_Y,tot_rev_gn,STL-LSTM (full),247,212860.03725547343,2.295023798042518
homerule_Y,tot_rev_gn,STL-LSTM (full),260,13289114.046957731,5.811684389071218
homerule_Y,tot_rev_gn,STL-LSTM (full),261,212018.8821636662,0.9149955762590392
homerule_Y,tot_rev_gn,STL-LSTM (full),263,123737.19907346368,3.0421091396860453
homerule_Y,tot_rev_gn,STL-LSTM (full),265,504132.1949855685,3.8809037486625737
homerule_Y,tot_rev_gn,STL-LSTM (full),267,196552.1878747046,6.999589441491154
homerule_Y,tot_rev_gn,STL-LSTM (full),268,1698196.0385032147,4.897305974932047
homerule_Y,tot_rev_gn,MTL-LSTM (full),1,4423068.238114193,8.328995301577445
homerule_Y,tot_rev_gn,MTL-LSTM (full),4,3335527.734378606,12.022487536027809
homerule_Y,tot_rev_gn,MTL-LSTM (full),12,10930017.91902335,9.153029002666777
homerule_Y,tot_rev_gn,MTL-LSTM (full),13,1677814.8750927895,3.9076169398149103
homerule_Y,tot_rev_gn,MTL-LSTM (full),20,574796.8427765965,11.545697475556446
homerule_Y,tot_rev_gn,MTL-LSTM (full),27,182052.90887808055,0.4003381713789711
homerule_Y,tot_rev_gn,MTL-LSTM (full),29,113518.2444858551,0.390488405660266
homerule_Y,tot_rev_gn,MTL-LSTM (full),30,1062228.8341321498,2.260181928339458
homerule_Y,tot_rev_gn,MTL-LSTM (full),31,2440710.8902614564,4.7505819595666035
homerule_Y,tot_rev_gn,MTL-LSTM (full),32,92772.18393217027,0.31522876072538053
homerule_Y,tot_rev_gn,MTL-LSTM (full),33,493833.62179756165,2.927683933754874
homerule_Y,tot_rev_gn,MTL-LSTM (full),34,1176944.8091683686,1.4423393343433353
homerule_Y,tot_rev_gn,MTL-LSTM (full),35,10840201.804614067,7.982476784341586
homerule_Y,tot_rev_gn,MTL-LSTM (full),36,493718.23715254664,14.812467923159044
homerule_Y,tot_rev_gn,MTL-LSTM (full),37,422675.00553864986,2.0247845771875825
homerule_Y,tot_rev_gn,MTL-LSTM (full),38,1184940.8621180505,5.383220293649134
homerule_Y,tot_rev_gn,MTL-LSTM (full),39,207621.12361893803,0.775115699317003
homerule_Y,tot_rev_gn,MTL-LSTM (full),42,1243862.9293100387,2.83787673883906
homerule_Y,tot_rev_gn,MTL-LSTM (full),44,279636.9868331775,0.6597709201081502
homerule_Y,tot_rev_gn,MTL-LSTM (full),45,189126000.09930038,4.110748468456992
homerule_Y,tot_rev_gn,MTL-LSTM (full),48,2700807.7644387186,5.404394996493472
homerule_Y,tot_rev_gn,MTL-LSTM (full),55,371359.2285437882,8.257663367373064
homerule_Y,tot_rev_gn,MTL-LSTM (full),57,397675.94464142993,2.045046843638332
homerule_Y,tot_rev_gn,MTL-LSTM (full),58,3070909.842373535,4.416306343002885
homerule_Y,tot_rev_gn,MTL-LSTM (full),59,6220907.953790277,3.971427079589103
homerule_Y,tot_rev_gn,MTL-LSTM (full),60,344884.2397811413,2.924193258203901
homerule_Y,tot_rev_gn,MTL-LSTM (full),61,268360.81624156237,1.8981165515252998
homerule_Y,tot_rev_gn,MTL-LSTM (full),62,2353986.8105270565,4.410567750234332
homerule_Y,tot_rev_gn,MTL-LSTM (full),73,15856.134006947279,0.2843022043895224
homerule_Y,tot_rev_gn,MTL-LSTM (full),74,150723.17220680416,8.866702212674134
homerule_Y,tot_rev_gn,MTL-LSTM (full),76,192612.16693994403,15.134873727396887
homerule_Y,tot_rev_gn,MTL-LSTM (full),92,84494.59063538909,12.698969910950403
homerule_Y,tot_rev_gn,MTL-LSTM (full),99,91064.88017629087,3.945077627471003
homerule_Y,tot_rev_gn,MTL-LSTM (full),102,325360.0774077177,1.0762651471024194
homerule_Y,tot_rev_gn,MTL-LSTM (full),104,484289.8235695362,6.513719284450184
homerule_Y,tot_rev_gn,MTL-LSTM (full),112,1308266.7587838173,0.532908897716123
homerule_Y,tot_rev_gn,MTL-LSTM (full),113,745066.8567358106,2.087744907078442
homerule_Y,tot_rev_gn,MTL-LSTM (full),114,9709231.930711478,5.605601089026089
homerule_Y,tot_rev_gn,MTL-LSTM (full),116,5214847.713085532,8.603252439078524
homerule_Y,tot_rev_gn,MTL-LSTM (full),117,1282200.1777291,3.4137096731519128
homerule_Y,tot_rev_gn,MTL-LSTM (full),122,158300.17048954964,0.5024822216115302
homerule_Y,tot_rev_gn,MTL-LSTM (full),125,2163014.8174520135,4.400542651419184
homerule_Y,tot_rev_gn,MTL-LSTM (full),126,345253.15060813725,5.058586347140048
homerule_Y,tot_rev_gn,MTL-LSTM (full),127,3668706.7858525217,7.942645096728018
homerule_Y,tot_rev_gn,MTL-LSTM (full),128,2004332.9576037638,6.264216534355881
homerule_Y,tot_rev_gn,MTL-LSTM (full),129,276942.8841987029,5.088402237420074
homerule_Y,tot_rev_gn,MTL-LSTM (full),130,3728213.071607217,3.4111128343562607
homerule_Y,tot_rev_gn,MTL-LSTM (full),132,842050.7711176574,7.465430800751117
homerule_Y,tot_rev_gn,MTL-LSTM (full),137,802007.909254536,3.7209106415244024
homerule_Y,tot_rev_gn,MTL-LSTM (full),159,1457877.044772923,3.8863721514988763
homerule_Y,tot_rev_gn,MTL-LSTM (full),160,38790.888767287135,0.09443332149296309
homerule_Y,tot_rev_gn,MTL-LSTM (full),179,3218613.825037658,7.488571214588567
homerule_Y,tot_rev_gn,MTL-LSTM (full),182,196100.08080183715,0.6044010395755864
homerule_Y,tot_rev_gn,MTL-LSTM (full),183,9756.632648169994,0.06484364896982363
homerule_Y,tot_rev_gn,MTL-LSTM (full),184,2233184.8724540323,1.6557617225579344
homerule_Y,tot_rev_gn,MTL-LSTM (full),199,896399.9259260446,4.5116204396911535
homerule_Y,tot_rev_gn,MTL-LSTM (full),208,8360535.204136908,6.227156265581913
homerule_Y,tot_rev_gn,MTL-LSTM (full),210,724312.1739777178,10.807200052291732
homerule_Y,tot_rev_gn,MTL-LSTM (full),220,192295.81469663978,3.5261274947413788
homerule_Y,tot_rev_gn,MTL-LSTM (full),224,1888108.1170927733,3.9575678172072246
homerule_Y,tot_rev_gn,MTL-LSTM (full),225,1180645.2014769316,2.6133991317835825
homerule_Y,tot_rev_gn,MTL-LSTM (full),229,4776949.920234501,2.934500379679396
homerule_Y,tot_rev_gn,MTL-LSTM (full),235,1139464.6456554532,3.416894739153712
homerule_Y,tot_rev_gn,MTL-LSTM (full),236,423585.9221819043,1.9215390017302671
homerule_Y,tot_rev_gn,MTL-LSTM (full),238,513590.0808216408,10.00988488948987
homerule_Y,tot_rev_gn,MTL-LSTM (full),239,2343458.7667586803,7.717300566744072
homerule_Y,tot_rev_gn,MTL-LSTM (full),240,413809.8489431441,1.3983060755866317
homerule_Y,tot_rev_gn,MTL-LSTM (full),242,3432984.946766328,19.309040647941085
homerule_Y,tot_rev_gn,MTL-LSTM (full),244,1009791.9382875264,2.5854945415870825
homerule_Y,tot_rev_gn,MTL-LSTM (full),247,212859.87548732758,2.2950220338691256
homerule_Y,tot_rev_gn,MTL-LSTM (full),260,13289113.802442014,5.811684279030655
homerule_Y,tot_rev_gn,MTL-LSTM (full),261,212018.95511307567,0.9149958925221888
homerule_Y,tot_rev_gn,MTL-LSTM (full),263,123737.0613954477,3.0421058063238524
homerule_Y,tot_rev_gn,MTL-LSTM (full),265,504132.1453625858,3.88090337406825
homerule_Y,tot_rev_gn,MTL-LSTM (full),267,196552.24640715122,6.99959145298911
homerule_Y,tot_rev_gn,MTL-LSTM (full),268,1698195.7409252226,4.897305095754729
homerule_Y,tot_exp_gn,ARIMA,1,1971731.0254916325,5.068527123352936
homerule_Y,tot_exp_gn,ARIMA,4,2694961.0,13.695120109084863
homerule_Y,tot_exp_gn,ARIMA,12,19027978.0610895,18.721316157044907
homerule_Y,tot_exp_gn,ARIMA,13,8972658.158312596,20.313322334863972
homerule_Y,tot_exp_gn,ARIMA,20,1158233.4221253092,26.06288591278565
homerule_Y,tot_exp_gn,ARIMA,27,7026429.818618797,10.6199888050876
homerule_Y,tot_exp_gn,ARIMA,29,1438708.8784511648,5.96595331485589
homerule_Y,tot_exp_gn,ARIMA,30,9159832.90611127,20.292024836396845
homerule_Y,tot_exp_gn,ARIMA,31,2108701.2374637425,4.417832963415792
homerule_Y,tot_exp_gn,ARIMA,32,219766.4740309231,0.764934908023634
homerule_Y,tot_exp_gn,ARIMA,33,15326356.0,200.0
homerule_Y,tot_exp_gn,ARIMA,34,2912879.7850063145,4.0419653252518755
homerule_Y,tot_exp_gn,ARIMA,35,14553725.827639788,9.43275354818208
homerule_Y,tot_exp_gn,ARIMA,36,3733.466290208511,0.11100204208733094
homerule_Y,tot_exp_gn,ARIMA,37,1443707.0621228702,6.751249762915503
homerule_Y,tot_exp_gn,ARIMA,38,2123931.8483519554,13.875838344632117
homerule_Y,tot_exp_gn,ARIMA,39,116519.89189845696,0.46689021873337916
homerule_Y,tot_exp_gn,ARIMA,42,2623694.782360144,6.677023725938108
homerule_Y,tot_exp_gn,ARIMA,44,5117747.755882248,13.804624931142001
homerule_Y,tot_exp_gn,ARIMA,45,201052882.51554108,4.0622255100218725
homerule_Y,tot_exp_gn,ARIMA,48,3351817.865365185,7.9458594429954195
homerule_Y,tot_exp_gn,ARIMA,55,3057828.5623186515,59.89002046138325
homerule_Y,tot_exp_gn,ARIMA,57,3313610.0462523717,23.674668429739793
homerule_Y,tot_exp_gn,ARIMA,58,3741774.0,5.857894702977016
homerule_Y,tot_exp_gn,ARIMA,59,43029564.980131984,32.16285480246108
homerule_Y,tot_exp_gn,ARIMA,60,368445.3491840847,3.672341256408055
homerule_Y,tot_exp_gn,ARIMA,61,478856.831568053,3.2531725203294033
homerule_Y,tot_exp_gn,ARIMA,62,2932525.846177712,6.481534544191983
homerule_Y,tot_exp_gn,ARIMA,73,21192.730990347452,0.4868820197341616
homerule_Y,tot_exp_gn,ARIMA,74,1983129.0,200.0
homerule_Y,tot_exp_gn,ARIMA,76,287153.71554627176,19.459616333633747
homerule_Y,tot_exp_gn,ARIMA,92,46519.550824913895,16.01963793747917
homerule_Y,tot_exp_gn,ARIMA,99,232886.21463814296,27.25360998810106
homerule_Y,tot_exp_gn,ARIMA,102,654413.4775289595,2.5037606176672007
homerule_Y,tot_exp_gn,ARIMA,104,115381.33898686897,1.9226164298512711
homerule_Y,tot_exp_gn,ARIMA,112,22282577.149950415,9.68369029212042
homerule_Y,tot_exp_gn,ARIMA,113,2107069.4829592444,7.179688646892017
homerule_Y,tot_exp_gn,ARIMA,114,14336411.0,9.21155083150705
homerule_Y,tot_exp_gn,ARIMA,116,10419084.304295972,21.065919490721505
homerule_Y,tot_exp_gn,ARIMA,117,35391800.81848665,77.23079030907152
homerule_Y,tot_exp_gn,ARIMA,122,2854195.0,9.993245216835367
homerule_Y,tot_exp_gn,ARIMA,125,3513708.9945337996,6.78948870871299
homerule_Y,tot_exp_gn,ARIMA,126,1562797.3308522692,32.809521182945865
homerule_Y,tot_exp_gn,ARIMA,127,539169.3096598089,1.3838683784194823
homerule_Y,tot_exp_gn,ARIMA,128,4055983.350597322,14.573608987227447
homerule_Y,tot_exp_gn,ARIMA,129,178678.64221973997,3.8447254278931635
homerule_Y,tot_exp_gn,ARIMA,130,11292719.0,12.0923725411419
homerule_Y,tot_exp_gn,ARIMA,132,2616153.0,23.746713630247623
homerule_Y,tot_exp_gn,ARIMA,137,1087648.1639475487,5.111839655036212
homerule_Y,tot_exp_gn,ARIMA,159,5500331.632404104,13.653797069494686
homerule_Y,tot_exp_gn,ARIMA,160,5550774.752096403,19.74961842788684
homerule_Y,tot_exp_gn,ARIMA,179,1287961.7146300487,4.0372920212170325
homerule_Y,tot_exp_gn,ARIMA,182,1184763.2717684805,4.288918348711796
homerule_Y,tot_exp_gn,ARIMA,183,713933.2243741713,8.473751126519366
homerule_Y,tot_exp_gn,ARIMA,184,2532916.187952444,2.098630139034959
homerule_Y,tot_exp_gn,ARIMA,199,541460.4686689451,3.410095000026283
homerule_Y,tot_exp_gn,ARIMA,208,11096364.978498831,8.677223965239543
homerule_Y,tot_exp_gn,ARIMA,210,163895.54721382912,2.5800070518890146
homerule_Y,tot_exp_gn,ARIMA,220,1839720.4532703562,30.16709735055936
homerule_Y,tot_exp_gn,ARIMA,224,745759.9016942158,1.6371031658068327
homerule_Y,tot_exp_gn,ARIMA,225,10101144.855944246,23.390918928624814
homerule_Y,tot_exp_gn,ARIMA,229,3973052.812607616,2.316235278406622
homerule_Y,tot_exp_gn,ARIMA,235,942244.6424163803,2.5924473334390967
homerule_Y,tot_exp_gn,ARIMA,236,3407612.4525243808,19.754200910087402
homerule_Y,tot_exp_gn,ARIMA,238,999998.4987620227,21.108324843309887
homerule_Y,tot_exp_gn,ARIMA,239,1838802.6177087016,8.787238341208383
homerule_Y,tot_exp_gn,ARIMA,240,2261974.154023163,10.233204648804872
homerule_Y,tot_exp_gn,ARIMA,242,969203.0068602022,7.537962057917626
homerule_Y,tot_exp_gn,ARIMA,244,734813.9255912863,2.4694480539032133
homerule_Y,tot_exp_gn,ARIMA,247,838009.0,10.359128460528282
homerule_Y,tot_exp_gn,ARIMA,260,16761140.351878077,7.66724767978625
homerule_Y,tot_exp_gn,ARIMA,261,1593527.0,8.640440856181336
homerule_Y,tot_exp_gn,ARIMA,263,249838.42721482506,7.738273619067019
homerule_Y,tot_exp_gn,ARIMA,265,544352.5385826025,5.492303782078382
homerule_Y,tot_exp_gn,ARIMA,267,121594.05194176082,4.482457402808473
homerule_Y,tot_exp_gn,ARIMA,268,4751973.152665906,20.68776077803261
homerule_Y,tot_exp_gn,STL-LSTM (full),1,1971735.8562453538,5.068539855980775
homerule_Y,tot_exp_gn,STL-LSTM (full),4,2694960.861464098,13.695119356872778
homerule_Y,tot_exp_gn,STL-LSTM (full),12,548257.142770797,0.593363602019633
homerule_Y,tot_exp_gn,STL-LSTM (full),13,2471220.8559845984,6.427209575828197
homerule_Y,tot_exp_gn,STL-LSTM (full),20,485858.85601887107,10.16402299915816
homerule_Y,tot_exp_gn,STL-LSTM (full),27,7026429.857073113,10.619988866295014
homerule_Y,tot_exp_gn,STL-LSTM (full),29,1438700.136814803,5.9659181468545155
homerule_Y,tot_exp_gn,STL-LSTM (full),30,9159833.853079483,20.292027147088625
homerule_Y,tot_exp_gn,STL-LSTM (full),31,832374.8522537351,1.7993000457837467
homerule_Y,tot_exp_gn,STL-LSTM (full),32,219763.14727842808,0.7649233729774692
homerule_Y,tot_exp_gn,STL-LSTM (full),33,7953480.1505206525,41.20313197173677
homerule_Y,tot_exp_gn,STL-LSTM (full),34,2912881.8540157825,4.0419682542696584
homerule_Y,tot_exp_gn,STL-LSTM (full),35,9041191.854363322,6.34506102062794
homerule_Y,tot_exp_gn,STL-LSTM (full),36,3733.8620921969414,0.111013816457963
homerule_Y,tot_exp_gn,STL-LSTM (full),37,1443706.8561408967,6.751248767160598
homerule_Y,tot_exp_gn,STL-LSTM (full),38,435838.85419005156,2.6985691844534565
homerule_Y,tot_exp_gn,STL-LSTM (full),39,1678651.0955180079,6.9435965723362205
homerule_Y,tot_exp_gn,STL-LSTM (full),42,2623686.0985334963,6.677000888735329
homerule_Y,tot_exp_gn,STL-LSTM (full),44,3246202.853093803,8.540733925024249
homerule_Y,tot_exp_gn,STL-LSTM (full),45,261477999.84756565,5.542062491394066
homerule_Y,tot_exp_gn,STL-LSTM (full),48,3351817.846910998,7.945859397509639
homerule_Y,tot_exp_gn,STL-LSTM (full),55,3057828.856578395,59.89002795052068
homerule_Y,tot_exp_gn,STL-LSTM (full),57,2676397.843471229,18.696400903850627
homerule_Y,tot_exp_gn,STL-LSTM (full),58,3741773.857820958,5.857894473870667
homerule_Y,tot_exp_gn,STL-LSTM (full),59,12181798.84590751,8.164175145021852
homerule_Y,tot_exp_gn,STL-LSTM (full),60,97945.14615729451,0.9540566141592899
homerule_Y,tot_exp_gn,STL-LSTM (full),61,1260236.8435048908,8.795010513631606
homerule_Y,tot_exp_gn,STL-LSTM (full),62,2932507.1029497385,6.481491774953996
homerule_Y,tot_exp_gn,STL-LSTM (full),73,21192.847188666463,0.4868846957743319
homerule_Y,tot_exp_gn,STL-LSTM (full),74,251043.8586638868,13.514368169023127
homerule_Y,tot_exp_gn,STL-LSTM (full),76,287153.8531191051,19.459626563669588
homerule_Y,tot_exp_gn,STL-LSTM (full),92,6844.845597267151,2.5956097711757264
homerule_Y,tot_exp_gn,STL-LSTM (full),99,160696.84826816618,24.432277352473335
homerule_Y,tot_exp_gn,STL-LSTM (full),102,654398.0994761065,2.5037010452959194
homerule_Y,tot_exp_gn,STL-LSTM (full),104,115380.14574304223,1.9225967377886055
homerule_Y,tot_exp_gn,STL-LSTM (full),112,26850989.860009223,11.786055542765522
homerule_Y,tot_exp_gn,STL-LSTM (full),113,2107070.8495239317,7.179693470523694
homerule_Y,tot_exp_gn,STL-LSTM (full),114,14336410.849979281,9.211550730674857
homerule_Y,tot_exp_gn,STL-LSTM (full),116,10419086.863305524,21.065925209648935
homerule_Y,tot_exp_gn,STL-LSTM (full),117,35391785.15728614,77.23076933066937
homerule_Y,tot_exp_gn,STL-LSTM (full),122,2854195.0969816297,9.993245573358497
homerule_Y,tot_exp_gn,STL-LSTM (full),125,6242826.857195824,13.318337320826949
homerule_Y,tot_exp_gn,STL-LSTM (full),126,499883.09436640143,9.441196887738226
homerule_Y,tot_exp_gn,STL-LSTM (full),127,2119164.855454996,5.551762659369331
homerule_Y,tot_exp_gn,STL-LSTM (full),128,4055981.8607276976,14.573603243874391
homerule_Y,tot_exp_gn,STL-LSTM (full),129,178678.85602542758,3.844730116906124
homerule_Y,tot_exp_gn,STL-LSTM (full),130,11292718.85867107,12.09237238065517
homerule_Y,tot_exp_gn,STL-LSTM (full),132,2616152.861111358,23.746712219875306
homerule_Y,tot_exp_gn,STL-LSTM (full),137,1087651.0941624343,5.11185377875383
homerule_Y,tot_exp_gn,STL-LSTM (full),159,305100.1476240903,0.8095709308679546
homerule_Y,tot_exp_gn,STL-LSTM (full),160,2799765.9001053423,8.673107186813246
homerule_Y,tot_exp_gn,STL-LSTM (full),179,935874.8525699824,3.0395706458750076
homerule_Y,tot_exp_gn,STL-LSTM (full),182,1184769.848578602,4.2889426677482945
homerule_Y,tot_exp_gn,STL-LSTM (full),183,961683.8605072051,11.584658417019329
homerule_Y,tot_exp_gn,STL-LSTM (full),184,8888597.853863046,7.5637376465797574
homerule_Y,tot_exp_gn,STL-LSTM (full),199,856465.8492775857,5.44802693202205
homerule_Y,tot_exp_gn,STL-LSTM (full),208,7469657.863842785,6.298395986079355
homerule_Y,tot_exp_gn,STL-LSTM (full),210,163896.85132303834,2.580027845711445
homerule_Y,tot_exp_gn,STL-LSTM (full),220,1839720.8540807068,30.167104914252057
homerule_Y,tot_exp_gn,STL-LSTM (full),224,745740.1528656185,1.6370601677429129
homerule_Y,tot_exp_gn,STL-LSTM (full),225,6577851.849336654,14.63511115740056
homerule_Y,tot_exp_gn,STL-LSTM (full),229,22077460.85135892,13.928525783388643
homerule_Y,tot_exp_gn,STL-LSTM (full),235,751011.8530810177,2.1155781888934313
homerule_Y,tot_exp_gn,STL-LSTM (full),236,2020075.8670687824,11.257772291941391
homerule_Y,tot_exp_gn,STL-LSTM (full),238,572808.8521675766,14.497612004573737
homerule_Y,tot_exp_gn,STL-LSTM (full),239,1838803.8551987112,8.787244514729831
homerule_Y,tot_exp_gn,STL-LSTM (full),240,2261977.8495584726,10.23322222289011
homerule_Y,tot_exp_gn,STL-LSTM (full),242,969202.8582029641,7.537960858161975
homerule_Y,tot_exp_gn,STL-LSTM (full),244,734811.1450891644,2.4694388250008887
homerule_Y,tot_exp_gn,STL-LSTM (full),247,838009.0976393893,10.359129730023179
homerule_Y,tot_exp_gn,STL-LSTM (full),260,24732888.099276006,11.523976329933609
homerule_Y,tot_exp_gn,STL-LSTM (full),261,1593526.8462796658,8.640439986667916
homerule_Y,tot_exp_gn,STL-LSTM (full),263,2211.1422297507524,0.06591311692138828
homerule_Y,tot_exp_gn,STL-LSTM (full),265,544342.1014382094,5.492195583556912
homerule_Y,tot_exp_gn,STL-LSTM (full),267,608557.0930475816,24.64608663203344
homerule_Y,tot_exp_gn,STL-LSTM (full),268,1865065.8435133994,7.639508527565572
homerule_Y,tot_exp_gn,MTL-LSTM (full),1,1971735.9788370207,5.068540179100987
homerule_Y,tot_exp_gn,MTL-LSTM (full),4,2694961.1010759026,13.69512065789939
homerule_Y,tot_exp_gn,MTL-LSTM (full),12,548256.9371745884,0.5933633801686701
homerule_Y,tot_exp_gn,MTL-LSTM (full),13,2471221.0118966848,6.427209994359197
homerule_Y,tot_exp_gn,MTL-LSTM (full),20,485859.0980947241,10.164028320674198
homerule_Y,tot_exp_gn,MTL-LSTM (full),27,7026429.956304632,10.619989024240994
homerule_Y,tot_exp_gn,MTL-LSTM (full),29,1438700.0661561638,5.965917862591539
homerule_Y,tot_exp_gn,MTL-LSTM (full),30,9159833.780523896,20.292026970046145
homerule_Y,tot_exp_gn,MTL-LSTM (full),31,832375.0324049667,1.7993004387104425
homerule_Y,tot_exp_gn,MTL-LSTM (full),32,219762.95201429725,0.7649226959265298
homerule_Y,tot_exp_gn,MTL-LSTM (full),33,7953479.788736373,41.20313048362805
homerule_Y,tot_exp_gn,MTL-LSTM (full),34,2912882.1935858577,4.041968734986071
homerule_Y,tot_exp_gn,MTL-LSTM (full),35,9041191.975777507,6.3450611085390225
homerule_Y,tot_exp_gn,MTL-LSTM (full),36,3734.1502622812986,0.11102238898115001
homerule_Y,tot_exp_gn,MTL-LSTM (full),37,1443706.9245241135,6.751249097737697
homerule_Y,tot_exp_gn,MTL-LSTM (full),38,435839.1024171114,2.6985707421305256
homerule_Y,tot_exp_gn,MTL-LSTM (full),39,1678651.1324969828,6.943596730607061
homerule_Y,tot_exp_gn,MTL-LSTM (full),42,2623686.1467485577,6.677001015533923
homerule_Y,tot_exp_gn,MTL-LSTM (full),44,3246203.0627932623,8.540734500302229
homerule_Y,tot_exp_gn,MTL-LSTM (full),45,261478000.07266617,5.54206249629731
homerule_Y,tot_exp_gn,MTL-LSTM (full),48,3351818.1605712473,7.945860170617755
homerule_Y,tot_exp_gn,MTL-LSTM (full),55,3057829.0212589055,59.890032141766895
homerule_Y,tot_exp_gn,MTL-LSTM (full),57,2676397.994197175,18.69640205519966
homerule_Y,tot_exp_gn,MTL-LSTM (full),58,3741774.0647925884,5.857894807383355
homerule_Y,tot_exp_gn,MTL-LSTM (full),59,12181799.032722026,8.16417527533478
homerule_Y,tot_exp_gn,MTL-LSTM (full),60,97945.00622455217,0.9540552576152063
homerule_Y,tot_exp_gn,MTL-LSTM (full),61,1260237.1084580794,8.795012444014525
homerule_Y,tot_exp_gn,MTL-LSTM (full),62,2932506.8444532603,6.481491185103887
homerule_Y,tot_exp_gn,MTL-LSTM (full),73,21193.075857952237,0.48688996201418705
homerule_Y,tot_exp_gn,MTL-LSTM (full),74,251044.06822619587,13.514380212626762
homerule_Y,tot_exp_gn,MTL-LSTM (full),76,287153.9600871429,19.459634517906807
homerule_Y,tot_exp_gn,MTL-LSTM (full),92,6845.074093289673,2.5956975428962368
homerule_Y,tot_exp_gn,MTL-LSTM (full),99,160696.97179071978,24.43229842701865
homerule_Y,tot_exp_gn,MTL-LSTM (full),102,654397.8554131985,2.503700099831499
homerule_Y,tot_exp_gn,MTL-LSTM (full),104,115379.84325492382,1.9225917458367578
homerule_Y,tot_exp_gn,MTL-LSTM (full),112,26850989.955567777,11.786055587182103
homerule_Y,tot_exp_gn,MTL-LSTM (full),113,2107071.137079656,7.179694485523536
homerule_Y,tot_exp_gn,MTL-LSTM (full),114,14336411.044564962,9.211550861460132
homerule_Y,tot_exp_gn,MTL-LSTM (full),116,10419086.992616855,21.065925498636577
homerule_Y,tot_exp_gn,MTL-LSTM (full),117,35391785.121879816,77.2307692832421
homerule_Y,tot_exp_gn,MTL-LSTM (full),122,2854194.942393124,9.993245005061407
homerule_Y,tot_exp_gn,MTL-LSTM (full),125,6242827.113677993,13.318337904438787
homerule_Y,tot_exp_gn,MTL-LSTM (full),126,499883.0474623479,9.441195960052028
homerule_Y,tot_exp_gn,MTL-LSTM (full),127,2119165.129460603,5.551763397132226
homerule_Y,tot_exp_gn,MTL-LSTM (full),128,4055981.9957817793,14.573603764499312
homerule_Y,tot_exp_gn,MTL-LSTM (full),129,178678.9549005553,3.8447322853553176
homerule_Y,tot_exp_gn,MTL-LSTM (full),130,11292718.793490484,12.092372306639053
homerule_Y,tot_exp_gn,MTL-LSTM (full),132,2616153.107396744,23.746714720829214
homerule_Y,tot_exp_gn,MTL-LSTM (full),137,1087651.2960307598,5.111854751764871
homerule_Y,tot_exp_gn,MTL-LSTM (full),159,305099.905276604,0.8095702904116872
homerule_Y,tot_exp_gn,MTL-LSTM (full),160,2799765.9058599696,8.673107203866852
homerule_Y,tot_exp_gn,MTL-LSTM (full),179,935875.1798740625,3.039571725061687
homerule_Y,tot_exp_gn,MTL-LSTM (full),182,1184770.0015805587,4.288943233502901
homerule_Y,tot_exp_gn,MTL-LSTM (full),183,961683.8573942631,11.584658377348058
homerule_Y,tot_exp_gn,MTL-LSTM (full),184,8888598.108137771,7.56373787113742
homerule_Y,tot_exp_gn,MTL-LSTM (full),199,856466.081665352,5.4480284505208
homerule_Y,tot_exp_gn,MTL-LSTM (full),208,7469657.88271828,6.298396002496341
homerule_Y,tot_exp_gn,MTL-LSTM (full),210,163896.8650086969,2.5800280639272066
homerule_Y,tot_exp_gn,MTL-LSTM (full),220,1839720.7868934125,30.167103646360495
homerule_Y,tot_exp_gn,MTL-LSTM (full),224,745740.0108263865,1.6370598584884537
homerule_Y,tot_exp_gn,MTL-LSTM (full),225,6577852.012289517,14.635111546485756
homerule_Y,tot_exp_gn,MTL-LSTM (full),229,22077461.15267861,13.928525986728374
homerule_Y,tot_exp_gn,MTL-LSTM (full),235,751011.8761591688,2.1155782545915742
homerule_Y,tot_exp_gn,MTL-LSTM (full),236,2020075.9889565706,11.257773009450926
homerule_Y,tot_exp_gn,MTL-LSTM (full),238,572809.031078076,14.497616860980505
homerule_Y,tot_exp_gn,MTL-LSTM (full),239,1838803.8490879536,8.787244484244823
homerule_Y,tot_exp_gn,MTL-LSTM (full),240,2261978.000035085,10.23322293848036
homerule_Y,tot_exp_gn,MTL-LSTM (full),242,969202.9683679119,7.537961747261086
homerule_Y,tot_exp_gn,MTL-LSTM (full),244,734810.9962006733,2.4694383308176984
homerule_Y,tot_exp_gn,MTL-LSTM (full),247,838009.0459314622,10.3591290577233
homerule_Y,tot_exp_gn,MTL-LSTM (full),260,24732888.06333548,11.52397631222267
homerule_Y,tot_exp_gn,MTL-LSTM (full),261,1593526.9485847764,8.640440565353014
homerule_Y,tot_exp_gn,MTL-LSTM (full),263,2211.0504297725856,0.06591038130874756
homerule_Y,tot_exp_gn,MTL-LSTM (full),265,544341.8210519254,5.492192676883993
homerule_Y,tot_exp_gn,MTL-LSTM (full),267,608557.2086407244,24.646091890360385
homerule_Y,tot_exp_gn,MTL-LSTM (full),268,1865066.0169012994,7.639509264909377
homerule_Y,cash_ga,ARIMA,1,10477509.148265295,17.672636585247968
homerule_Y,cash_ga,ARIMA,4,4815018.0394479185,15.727528891590993
homerule_Y,cash_ga,ARIMA,12,10008366.917881846,6.835196258451422
homerule_Y,cash_ga,ARIMA,13,3634798.583498463,4.519511615880586
homerule_Y,cash_ga,ARIMA,20,59779.35206571594,0.5829649715682121
homerule_Y,cash_ga,ARIMA,27,10934635.80358629,14.388086685505852
homerule_Y,cash_ga,ARIMA,29,8147068.45382791,15.79371868842801
homerule_Y,cash_ga,ARIMA,30,7559581.159372322,14.442014782744641
homerule_Y,cash_ga,ARIMA,31,56549920.0,200.0
homerule_Y,cash_ga,ARIMA,32,2269766.8727748357,10.241112812820354
homerule_Y,cash_ga,ARIMA,33,89239.6144657135,0.5175879662247099
homerule_Y,cash_ga,ARIMA,34,12988104.0,8.12485939720607
homerule_Y,cash_ga,ARIMA,35,22963318.93449475,66.59119968849659
homerule_Y,cash_ga,ARIMA,36,1168069.0,58.604889656973434
homerule_Y,cash_ga,ARIMA,37,34711590.0910949,123.58108602961822
homerule_Y,cash_ga,ARIMA,38,105549.00971174985,0.4349130800558
homerule_Y,cash_ga,ARIMA,39,2597702.0,13.334636492709434
homerule_Y,cash_ga,ARIMA,42,251501174.80527735,137.59189338132148
homerule_Y,cash_ga,ARIMA,44,15534620.135506235,50.85982267794383
homerule_Y,cash_ga,ARIMA,45,1087426000.0,48.00908769020619
homerule_Y,cash_ga,ARIMA,48,7404945.4861397445,14.780497663746605
homerule_Y,cash_ga,ARIMA,55,3672419.4882605877,43.53289279469595
homerule_Y,cash_ga,ARIMA,57,110996.36850909516,0.49063559326338274
homerule_Y,cash_ga,ARIMA,58,120168002.5654022,200.0
homerule_Y,cash_ga,ARIMA,59,20550450.92854452,13.196488896080119
homerule_Y,cash_ga,ARIMA,60,1646588.401789803,12.533884022845454
homerule_Y,cash_ga,ARIMA,61,1269164.7745548412,4.975267643812349
homerule_Y,cash_ga,ARIMA,62,1349353.559752643,2.061671058384227
homerule_Y,cash_ga,ARIMA,73,921018.3759005759,8.419733927776594
homerule_Y,cash_ga,ARIMA,74,35717.29728602967,1.8387892186277455
homerule_Y,cash_ga,ARIMA,76,163891.29282764206,7.818183054951371
homerule_Y,cash_ga,ARIMA,92,118632.49192338018,6.470147082429636
homerule_Y,cash_ga,ARIMA,99,1481937.7613436617,36.73246329699933
homerule_Y,cash_ga,ARIMA,102,943744.5117148571,4.613563245712418
homerule_Y,cash_ga,ARIMA,104,111050.11047845636,11.876597287787243
homerule_Y,cash_ga,ARIMA,112,16138123.699347615,5.382002362285753
homerule_Y,cash_ga,ARIMA,113,3876838.752891779,8.183609939214412
homerule_Y,cash_ga,ARIMA,114,336937.4460325241,0.1353573535767407
homerule_Y,cash_ga,ARIMA,116,36585975.0,200.0
homerule_Y,cash_ga,ARIMA,117,2517424.153355213,19.481822608567384
homerule_Y,cash_ga,ARIMA,122,57816120.915394284,200.0
homerule_Y,cash_ga,ARIMA,125,20610554.475987583,24.30234160045412
homerule_Y,cash_ga,ARIMA,126,2457667.7986028884,41.5893432399131
homerule_Y,cash_ga,ARIMA,127,45744937.753323585,44.17133019421508
homerule_Y,cash_ga,ARIMA,128,7040555.760888822,19.062448969815655
homerule_Y,cash_ga,ARIMA,129,801021.9515543669,29.36972480259181
homerule_Y,cash_ga,ARIMA,130,27753797.516318798,24.1986868265356
homerule_Y,cash_ga,ARIMA,132,314442.1103425715,1.9515046010566608
homerule_Y,cash_ga,ARIMA,137,66687.14571265317,0.6305517144932731
homerule_Y,cash_ga,ARIMA,159,27599425.0,200.0
homerule_Y,cash_ga,ARIMA,160,64887561.59744597,84.95281927023804
homerule_Y,cash_ga,ARIMA,179,4179265.853253253,7.290322193783203
homerule_Y,cash_ga,ARIMA,182,1289444.843246404,6.667203743911977
homerule_Y,cash_ga,ARIMA,183,16710076.85289365,59.52312824150805
homerule_Y,cash_ga,ARIMA,184,59617875.2047393,38.365129910388426
homerule_Y,cash_ga,ARIMA,199,2584676.6420521773,8.857191339298067
homerule_Y,cash_ga,ARIMA,208,4447233.77546528,2.7917217031910835
homerule_Y,cash_ga,ARIMA,210,568844.5205597254,10.776031277444924
homerule_Y,cash_ga,ARIMA,220,5641427.69672141,200.0
homerule_Y,cash_ga,ARIMA,224,9145097.979419153,72.86437743707383
homerule_Y,cash_ga,ARIMA,225,20714440.861575603,68.89760969692782
homerule_Y,cash_ga,ARIMA,229,56908014.464993894,31.579749483313435
homerule_Y,cash_ga,ARIMA,235,9260093.87793076,18.25763027446054
homerule_Y,cash_ga,ARIMA,236,4801627.789616711,13.919462261765023
homerule_Y,cash_ga,ARIMA,238,141167.9517632546,1.7547198801453703
homerule_Y,cash_ga,ARIMA,239,9860081.732388414,16.146535094102347
homerule_Y,cash_ga,ARIMA,240,6601770.605154015,15.983220368628833
homerule_Y,cash_ga,ARIMA,242,13965539.647831414,50.02628225139658
homerule_Y,cash_ga,ARIMA,244,6645544.7133274,13.61911022989034
homerule_Y,cash_ga,ARIMA,247,160492.69210903533,1.0282391588913122
homerule_Y,cash_ga,ARIMA,260,16900262.13801927,42.21054590189191
homerule_Y,cash_ga,ARIMA,261,7957479.676682051,29.462797246610023
homerule_Y,cash_ga,ARIMA,263,1124292.9741342813,19.259403006597328
homerule_Y,cash_ga,ARIMA,265,6021563.366772894,42.236837999283004
homerule_Y,cash_ga,ARIMA,267,9395045.986407755,200.0
homerule_Y,cash_ga,ARIMA,268,10195334.0,200.0
homerule_Y,cash_ga,STL-LSTM (full),1,8994933.737516224,14.984586116185008
homerule_Y,cash_ga,STL-LSTM (full),4,5756981.826921791,19.0981149944842
homerule_Y,cash_ga,STL-LSTM (full),12,10008372.800073445,6.835200412976573
homerule_Y,cash_ga,STL-LSTM (full),13,3634914.821636483,4.519659412624567
homerule_Y,cash_ga,STL-LSTM (full),20,59781.827681452036,0.582989184010287
homerule_Y,cash_ga,STL-LSTM (full),27,10934631.210152715,14.38808107616245
homerule_Y,cash_ga,STL-LSTM (full),29,8147080.820371613,15.793744555080291
homerule_Y,cash_ga,STL-LSTM (full),30,7559563.26932171,14.441983073102026
homerule_Y,cash_ga,STL-LSTM (full),31,882603.8308259994,1.5730272121395377
homerule_Y,cash_ga,STL-LSTM (full),32,2269773.725451976,10.241145315104736
homerule_Y,cash_ga,STL-LSTM (full),33,658427.7280015349,3.882961262668482
homerule_Y,cash_ga,STL-LSTM (full),34,12988103.71825844,8.124859213799464
homerule_Y,cash_ga,STL-LSTM (full),35,11921189.205858141,41.16013517025397
homerule_Y,cash_ga,STL-LSTM (full),36,1168069.279638052,58.60489957592998
homerule_Y,cash_ga,STL-LSTM (full),37,34711588.78819521,123.58107852477535
homerule_Y,cash_ga,STL-LSTM (full),38,143707.2064667046,0.5891180586829251
homerule_Y,cash_ga,STL-LSTM (full),39,2597701.825141102,13.334635535270763
homerule_Y,cash_ga,STL-LSTM (full),42,2794191.72486189,5.021902580180939
homerule_Y,cash_ga,STL-LSTM (full),44,2627667.7309693694,7.102290679501907
homerule_Y,cash_ga,STL-LSTM (full),45,1087426000.286766,48.00908769982761
homerule_Y,cash_ga,STL-LSTM (full),48,597838.2886533439,1.2802806149244081
homerule_Y,cash_ga,STL-LSTM (full),55,3672417.16892305,43.532871285592016
homerule_Y,cash_ga,STL-LSTM (full),57,110991.27244570851,0.49061312246824024
homerule_Y,cash_ga,STL-LSTM (full),58,4422253.250237048,15.536683527140882
homerule_Y,cash_ga,STL-LSTM (full),59,13971515.171666563,9.165424330690525
homerule_Y,cash_ga,STL-LSTM (full),60,1646587.270769596,12.533875953026552
homerule_Y,cash_ga,STL-LSTM (full),61,1269158.26347816,4.9752427546088205
homerule_Y,cash_ga,STL-LSTM (full),62,1349344.2433315814,2.06165697060106
homerule_Y,cash_ga,STL-LSTM (full),73,1355682.831127435,13.832855212163212
homerule_Y,cash_ga,STL-LSTM (full),74,35717.171917796135,1.8387828237899628
homerule_Y,cash_ga,STL-LSTM (full),76,163891.1728145182,7.818177553706132
homerule_Y,cash_ga,STL-LSTM (full),92,118633.21559217572,6.4701852740629455
homerule_Y,cash_ga,STL-LSTM (full),99,301334.728615731,9.588180996407585
homerule_Y,cash_ga,STL-LSTM (full),102,943740.2662717402,4.613542970307883
homerule_Y,cash_ga,STL-LSTM (full),104,111050.24447450042,11.876610767412272
homerule_Y,cash_ga,STL-LSTM (full),112,16138175.828032613,5.382020214826761
homerule_Y,cash_ga,STL-LSTM (full),113,2973420.178457141,6.337009919615993
homerule_Y,cash_ga,STL-LSTM (full),114,336908.1768377125,0.13534560326600478
homerule_Y,cash_ga,STL-LSTM (full),116,1259438.2060680091,3.384158851320023
homerule_Y,cash_ga,STL-LSTM (full),117,4115770.2761645317,25.345738255336002
homerule_Y,cash_ga,STL-LSTM (full),122,1163343.2647227347,2.4389390078892155
homerule_Y,cash_ga,STL-LSTM (full),125,9180456.275726557,11.607038167904548
homerule_Y,cash_ga,STL-LSTM (full),126,2457663.7970787734,41.589261443934625
homerule_Y,cash_ga,STL-LSTM (full),127,10530384.259675205,12.25101020467118
homerule_Y,cash_ga,STL-LSTM (full),128,2146127.732096195,6.635971886944068
homerule_Y,cash_ga,STL-LSTM (full),129,801021.7248083353,29.36971526801912
homerule_Y,cash_ga,STL-LSTM (full),130,17007755.733431637,14.165532550926748
homerule_Y,cash_ga,STL-LSTM (full),132,2243539.7283055186,14.810548859824427
homerule_Y,cash_ga,STL-LSTM (full),137,66687.75441379845,0.6305574881343821
homerule_Y,cash_ga,STL-LSTM (full),159,14170791.787052795,69.07853992749247
homerule_Y,cash_ga,STL-LSTM (full),160,64887577.824147314,84.95284953864702
homerule_Y,cash_ga,STL-LSTM (full),179,4179270.7333166897,7.290331016883998
homerule_Y,cash_ga,STL-LSTM (full),182,1289445.726899296,6.667208465240688
homerule_Y,cash_ga,STL-LSTM (full),183,16710083.20327039,59.52314412995959
homerule_Y,cash_ga,STL-LSTM (full),184,6022787.181125551,4.683405712484949
homerule_Y,cash_ga,STL-LSTM (full),199,29792.79790726304,0.10688214508522752
homerule_Y,cash_ga,STL-LSTM (full),208,4445049.177692622,2.7903694694329855
homerule_Y,cash_ga,STL-LSTM (full),210,568843.2766377032,10.776008982591406
homerule_Y,cash_ga,STL-LSTM (full),220,892129.2069304734,16.97848259207987
homerule_Y,cash_ga,STL-LSTM (full),224,9145107.212398484,72.86442420044995
homerule_Y,cash_ga,STL-LSTM (full),225,14049283.208509013,29.61022426745551
homerule_Y,cash_ga,STL-LSTM (full),229,14834857.271085382,9.320277061897615
homerule_Y,cash_ga,STL-LSTM (full),235,6924598.1796159595,13.974608100624403
homerule_Y,cash_ga,STL-LSTM (full),236,4801627.731294513,13.919462080927666
homerule_Y,cash_ga,STL-LSTM (full),238,446968.26923531294,5.3599036590228
homerule_Y,cash_ga,STL-LSTM (full),239,9860078.731387109,16.146529783016984
homerule_Y,cash_ga,STL-LSTM (full),240,1969603.1765916348,5.051780142735192
homerule_Y,cash_ga,STL-LSTM (full),242,8219111.732996315,26.694424823375584
homerule_Y,cash_ga,STL-LSTM (full),244,6645526.272804767,13.619075012040039
homerule_Y,cash_ga,STL-LSTM (full),247,160490.27959349751,1.02822378193156
homerule_Y,cash_ga,STL-LSTM (full),260,28229822.207091764,45.09336479527083
homerule_Y,cash_ga,STL-LSTM (full),261,600474.7233598232,1.9567678206794625
homerule_Y,cash_ga,STL-LSTM (full),263,143306.27457517385,2.680055590407246
homerule_Y,cash_ga,STL-LSTM (full),265,6021565.716692001,42.23685796317807
homerule_Y,cash_ga,STL-LSTM (full),267,187438.75880154967,4.167042370128458
homerule_Y,cash_ga,STL-LSTM (full),268,606481.7960720509,6.130975414613113
homerule_Y,cash_ga,MTL-LSTM (full),1,8994934.090884827,14.984586748964029
homerule_Y,cash_ga,MTL-LSTM (full),4,5756982.099069223,19.098115983512077
homerule_Y,cash_ga,MTL-LSTM (full),12,10008373.030231595,6.835200575534666
homerule_Y,cash_ga,MTL-LSTM (full),13,3634915.0074217618,4.519659648850642
homerule_Y,cash_ga,MTL-LSTM (full),20,59782.02073460445,0.5829910721421203
homerule_Y,cash_ga,MTL-LSTM (full),27,10934631.002942339,14.388080823124245
homerule_Y,cash_ga,MTL-LSTM (full),29,8147080.941033602,15.793744807464641
homerule_Y,cash_ga,MTL-LSTM (full),30,7559563.205301434,14.441982959627758
homerule_Y,cash_ga,MTL-LSTM (full),31,882604.0265919492,1.5730275637890396
homerule_Y,cash_ga,MTL-LSTM (full),32,2269774.011381004,10.241146671267865
homerule_Y,cash_ga,MTL-LSTM (full),33,658428.0790238231,3.882963372950901
homerule_Y,cash_ga,MTL-LSTM (full),34,12988103.975093931,8.12485938099285
homerule_Y,cash_ga,MTL-LSTM (full),35,11921189.074126236,41.16013480902905
homerule_Y,cash_ga,MTL-LSTM (full),36,1168068.8183721602,58.60488321450666
homerule_Y,cash_ga,MTL-LSTM (full),37,34711588.76902202,123.58107841433569
homerule_Y,cash_ga,MTL-LSTM (full),38,143706.7922499925,0.5891163656310391
homerule_Y,cash_ga,MTL-LSTM (full),39,2597702.048072178,13.334636755928308
homerule_Y,cash_ga,MTL-LSTM (full),42,2794191.8826917037,5.021902870965531
homerule_Y,cash_ga,MTL-LSTM (full),44,2627668.156920925,7.102291871685424
homerule_Y,cash_ga,MTL-LSTM (full),45,1087425999.9294271,48.00908768783837
homerule_Y,cash_ga,MTL-LSTM (full),48,597838.2088132203,1.2802804450399634
homerule_Y,cash_ga,MTL-LSTM (full),55,3672417.1119199246,43.53287075695558
homerule_Y,cash_ga,MTL-LSTM (full),57,110991.13469056785,0.4906125150448884
homerule_Y,cash_ga,MTL-LSTM (full),58,4422253.023545705,15.536682792576842
homerule_Y,cash_ga,MTL-LSTM (full),59,13971514.936994672,9.165424183798839
homerule_Y,cash_ga,MTL-LSTM (full),60,1646586.9830146562,12.53387389989756
homerule_Y,cash_ga,MTL-LSTM (full),61,1269158.1167995706,4.975242193916032
homerule_Y,cash_ga,MTL-LSTM (full),62,1349344.0223433822,2.061656636434749
homerule_Y,cash_ga,MTL-LSTM (full),73,1355682.9310169443,13.83285630189108
homerule_Y,cash_ga,MTL-LSTM (full),74,35716.94904430956,1.8387714553604946
homerule_Y,cash_ga,MTL-LSTM (full),76,163891.2138725072,7.818179435750891
homerule_Y,cash_ga,MTL-LSTM (full),92,118633.14809454978,6.4701817118751945
homerule_Y,cash_ga,MTL-LSTM (full),99,301335.02242761664,9.588190793409893
homerule_Y,cash_ga,MTL-LSTM (full),102,943739.9791317806,4.6135415989835415
homerule_Y,cash_ga,MTL-LSTM (full),104,111049.92551456392,11.876578680936891
homerule_Y,cash_ga,MTL-LSTM (full),112,16138175.916568756,5.382020245147787
homerule_Y,cash_ga,MTL-LSTM (full),113,2973419.9962591603,6.3370095436156
homerule_Y,cash_ga,MTL-LSTM (full),114,336908.0634621382,0.1353455577506322
homerule_Y,cash_ga,MTL-LSTM (full),116,1259437.9946886748,3.384158292946375
homerule_Y,cash_ga,MTL-LSTM (full),117,4115770.145124972,25.345737550634105
homerule_Y,cash_ga,MTL-LSTM (full),122,1163343.0036111698,2.4389384671466923
homerule_Y,cash_ga,MTL-LSTM (full),125,9180455.952401876,11.60703778284253
homerule_Y,cash_ga,MTL-LSTM (full),126,2457664.0384754315,41.589266378371846
homerule_Y,cash_ga,MTL-LSTM (full),127,10530383.941623598,12.251009857316712
homerule_Y,cash_ga,MTL-LSTM (full),128,2146127.876647629,6.635972348737027
homerule_Y,cash_ga,MTL-LSTM (full),129,801022.0889623165,29.36973058053713
homerule_Y,cash_ga,MTL-LSTM (full),130,17007755.847314596,14.16553265249646
homerule_Y,cash_ga,MTL-LSTM (full),132,2243539.907332912,14.810550129177646
homerule_Y,cash_ga,MTL-LSTM (full),137,66688.27468079329,0.6305624229617478
homerule_Y,cash_ga,MTL-LSTM (full),159,14170791.80050449,69.07854001571411
homerule_Y,cash_ga,MTL-LSTM (full),160,64887577.91744487,84.95284971267924
homerule_Y,cash_ga,MTL-LSTM (full),179,4179271.0599603057,7.2903316074520745
homerule_Y,cash_ga,MTL-LSTM (full),182,1289445.8422532678,6.667209081573229
homerule_Y,cash_ga,MTL-LSTM (full),183,16710083.086285233,59.52314383726629
homerule_Y,cash_ga,MTL-LSTM (full),184,6022786.872203141,4.683405477887748
homerule_Y,cash_ga,MTL-LSTM (full),199,29793.10361689329,0.10688324240959272
homerule_Y,cash_ga,MTL-LSTM (full),208,4445048.972358614,2.7903693423333964
homerule_Y,cash_ga,MTL-LSTM (full),210,568843.0128509002,10.776004254731568
homerule_Y,cash_ga,MTL-LSTM (full),220,892129.1872731447,16.97848224973189
homerule_Y,cash_ga,MTL-LSTM (full),224,9145107.006531797,72.86442315777265
homerule_Y,cash_ga,MTL-LSTM (full),225,14049283.115811728,29.61022410101153
homerule_Y,cash_ga,MTL-LSTM (full),229,14834856.981190264,9.320276888253181
homerule_Y,cash_ga,MTL-LSTM (full),235,6924598.084237918,13.974607921590328
homerule_Y,cash_ga,MTL-LSTM (full),236,4801627.9265678,13.919462686403907
homerule_Y,cash_ga,MTL-LSTM (full),238,446967.92962097377,5.359899695616155
homerule_Y,cash_ga,MTL-LSTM (full),239,9860078.878395632,16.146530043188413
homerule_Y,cash_ga,MTL-LSTM (full),240,1969603.047429487,5.051779819818688
homerule_Y,cash_ga,MTL-LSTM (full),242,8219111.95553061,26.69442564260112
homerule_Y,cash_ga,MTL-LSTM (full),244,6645526.020539008,13.61907453026088
homerule_Y,cash_ga,MTL-LSTM (full),247,160490.20641188323,1.0282233154844804
homerule_Y,cash_ga,MTL-LSTM (full),260,28229822.02183409,45.0933645660676
homerule_Y,cash_ga,MTL-LSTM (full),261,600475.0519599989,1.9567689019659515
homerule_Y,cash_ga,MTL-LSTM (full),263,143306.16876991093,2.6800536381957762
homerule_Y,cash_ga,MTL-LSTM (full),265,6021565.867230818,42.23685924209077
homerule_Y,cash_ga,MTL-LSTM (full),267,187438.9943573326,4.167047715992882
homerule_Y,cash_ga,MTL-LSTM (full),268,606482.036949385,6.130977924308478
homerule_Y,una_ga,ARIMA,1,8597854.34761554,19.04897967036849
homerule_Y,una_ga,ARIMA,4,5961715.180564569,92.88697616559422
homerule_Y,una_ga,ARIMA,12,35089369.93001102,52.65926475577114
homerule_Y,una_ga,ARIMA,13,9443655.401077963,49.27073495603646
homerule_Y,una_ga,ARIMA,20,1030545.1728514647,22.73042255880396
homerule_Y,una_ga,ARIMA,27,3695453.0464331806,1.4112420322353592
homerule_Y,una_ga,ARIMA,29,6509661.0,33.14802824267423
homerule_Y,una_ga,ARIMA,30,34003139.29964769,17.25059524493914
homerule_Y,una_ga,ARIMA,31,20655252.827563167,13.402026013106976
homerule_Y,una_ga,ARIMA,32,864341.9099659026,2.355954549005053
homerule_Y,una_ga,ARIMA,33,2688248.0,29.85145164832993
homerule_Y,una_ga,ARIMA,34,43707636.423977695,200.0
homerule_Y,una_ga,ARIMA,35,28800236.99692239,21.382951259031614
homerule_Y,una_ga,ARIMA,36,245588.35315312585,11.749536043806367
homerule_Y,una_ga,ARIMA,37,4153609.4698004797,20.43210499274942
homerule_Y,una_ga,ARIMA,38,3401711.098398179,58.572507535743654
homerule_Y,una_ga,ARIMA,39,4468263.276602004,18.496305074444912
homerule_Y,una_ga,ARIMA,42,1730202.3122020215,14.234788882706894
homerule_Y,una_ga,ARIMA,44,6307086.33509063,17.820807481315416
homerule_Y,una_ga,ARIMA,45,26821328411.112625,54.36823108880004
homerule_Y,una_ga,ARIMA,48,9737117.97280009,11.429130980991184
homerule_Y,una_ga,ARIMA,55,3100103.4750945717,39.00572418144698
homerule_Y,una_ga,ARIMA,57,3464659.1780872876,200.0
homerule_Y,una_ga,ARIMA,58,6348187.704030693,17.735019297510064
homerule_Y,una_ga,ARIMA,59,19124667.354214717,79.52271361021658
homerule_Y,una_ga,ARIMA,60,4983105.086962599,131.63422687653394
homerule_Y,una_ga,ARIMA,61,3562301.0,200.0
homerule_Y,una_ga,ARIMA,62,1903890.2021423755,23.359962761195973
homerule_Y,una_ga,ARIMA,73,836262.0,22.47453661462682
homerule_Y,una_ga,ARIMA,74,566297.2533946801,47.313294224781856
homerule_Y,una_ga,ARIMA,76,483886.4148351785,30.903379397174486
homerule_Y,una_ga,ARIMA,92,585269.9604063485,53.98337615140044
homerule_Y,una_ga,ARIMA,99,473058.9132653647,12.196897308981043
homerule_Y,una_ga,ARIMA,102,12632789.0,22.8175371479114
homerule_Y,una_ga,ARIMA,104,756177.4365782756,9.680273981033578
homerule_Y,una_ga,ARIMA,112,44581154.71624541,7.888517999575538
homerule_Y,una_ga,ARIMA,113,7589448.75354071,200.0
homerule_Y,una_ga,ARIMA,114,4596402.585616376,14.91669222156163
homerule_Y,una_ga,ARIMA,116,3511790.173627816,25.80365442746966
homerule_Y,una_ga,ARIMA,117,5175828.0,3.9777446704750177
homerule_Y,una_ga,ARIMA,122,3461057.0,7.554702891536193
homerule_Y,una_ga,ARIMA,125,9463724.691264395,49.02026221471739
homerule_Y,una_ga,ARIMA,126,4197081.771069727,200.0
homerule_Y,una_ga,ARIMA,127,10483407.566537054,200.0
homerule_Y,una_ga,ARIMA,128,7233113.151381776,8.475784580009945
homerule_Y,una_ga,ARIMA,129,243116.51614237484,9.315739700450305
homerule_Y,una_ga,ARIMA,130,3652717.35025388,1.3676524444744018
homerule_Y,una_ga,ARIMA,132,800386.2764731217,5.026437729505482
homerule_Y,una_ga,ARIMA,137,1081631.2213014318,20.29304554250261
homerule_Y,una_ga,ARIMA,159,8421418.9160828,10.454764564721247
homerule_Y,una_ga,ARIMA,160,97236150.71428928,102.61927532851689
homerule_Y,una_ga,ARIMA,179,6027251.0,200.0
homerule_Y,una_ga,ARIMA,182,3118136.8546049786,200.0
homerule_Y,una_ga,ARIMA,183,8818699.986468427,169.46488235352618
homerule_Y,una_ga,ARIMA,184,84867021.0,200.0
homerule_Y,una_ga,ARIMA,199,788082.0,16.873166598974056
homerule_Y,una_ga,ARIMA,208,135665036.3361435,22.78114523850686
homerule_Y,una_ga,ARIMA,210,1935472.4887909451,50.65382735807583
homerule_Y,una_ga,ARIMA,220,214546.0,2.958020555834213
homerule_Y,una_ga,ARIMA,224,14273294.296473563,13.227189373333307
homerule_Y,una_ga,ARIMA,225,41619273.51440117,25.854124469005797
homerule_Y,una_ga,ARIMA,229,22217642.64100498,4.928546736879814
homerule_Y,una_ga,ARIMA,235,634506.4574597031,0.6957098840886836
homerule_Y,una_ga,ARIMA,236,5440427.409323612,200.0
homerule_Y,una_ga,ARIMA,238,5866833.607546939,101.9982062914262
homerule_Y,una_ga,ARIMA,239,13645904.926981628,28.517791098347544
homerule_Y,una_ga,ARIMA,240,4093137.0,14.316258295339072
homerule_Y,una_ga,ARIMA,242,22239277.26302515,200.0
homerule_Y,una_ga,ARIMA,244,5307170.092890099,6.66272251155397
homerule_Y,una_ga,ARIMA,247,6099817.109698329,36.96866795938454
homerule_Y,una_ga,ARIMA,260,43235474.72266793,4.975984339155558
homerule_Y,una_ga,ARIMA,261,8722151.240479447,56.07470660251109
homerule_Y,una_ga,ARIMA,263,144597.42227062676,3.0222429537916637
homerule_Y,una_ga,ARIMA,265,2059892.7108970694,12.802275551466982
homerule_Y,una_ga,ARIMA,267,706272.8986269711,18.44682408169525
homerule_Y,una_ga,ARIMA,268,1594928.3438032307,5.298109628993643
homerule_Y,una_ga,STL-LSTM (full),1,8597866.779153734,19.049004589762912
homerule_Y,una_ga,STL-LSTM (full),4,5961719.773589209,92.88701449168335
homerule_Y,una_ga,STL-LSTM (full),12,12637488.774900824,29.546640829524524
homerule_Y,una_ga,STL-LSTM (full),13,9443684.782075554,49.27092601045152
homerule_Y,una_ga,STL-LSTM (full),20,2065947.8837151378,33.96813760081629
homerule_Y,una_ga,STL-LSTM (full),27,4940826.198560089,1.8913301829186193
homerule_Y,una_ga,STL-LSTM (full),29,6509660.775654316,33.148027289618284
homerule_Y,una_ga,STL-LSTM (full),30,5901272.793280274,2.7186655466292913
homerule_Y,una_ga,STL-LSTM (full),31,2543005.1197452247,1.5584383342396082
homerule_Y,una_ga,STL-LSTM (full),32,864342.1026019007,2.3559550802621905
homerule_Y,una_ga,STL-LSTM (full),33,2688247.779355675,29.85144883250185
homerule_Y,una_ga,STL-LSTM (full),34,4969771.769957095,12.744904873935614
homerule_Y,una_ga,STL-LSTM (full),35,4485836.203293204,3.0548092952036225
homerule_Y,una_ga,STL-LSTM (full),36,274701.22097042203,13.051473109093559
homerule_Y,una_ga,STL-LSTM (full),37,3671035.7747201473,18.27517846901942
homerule_Y,una_ga,STL-LSTM (full),38,1600525.800401777,23.85894124341416
homerule_Y,una_ga,STL-LSTM (full),39,1048805.7753206044,3.896569171850603
homerule_Y,una_ga,STL-LSTM (full),42,1730202.7798099518,14.234792456014404
homerule_Y,una_ga,STL-LSTM (full),44,1936261.229074791,5.152767759981537
homerule_Y,una_ga,STL-LSTM (full),45,2033165000.1177711,5.824773824156044
homerule_Y,una_ga,STL-LSTM (full),48,1538159.791948408,1.6933884824224266
homerule_Y,una_ga,STL-LSTM (full),55,3100103.2297908366,39.00572169695978
homerule_Y,una_ga,STL-LSTM (full),57,1063632.2211727202,69.03014152246176
homerule_Y,una_ga,STL-LSTM (full),58,1554824.9201749489,4.655447875944949
homerule_Y,una_ga,STL-LSTM (full),59,30898029.075482965,170.1186622506492
homerule_Y,una_ga,STL-LSTM (full),60,4304047.921441242,104.33807585802552
homerule_Y,una_ga,STL-LSTM (full),61,3562301.227237463,200.0
homerule_Y,una_ga,STL-LSTM (full),62,1903896.220953226,23.360045235077717
homerule_Y,una_ga,STL-LSTM (full),73,836261.9270290956,22.47453443316095
homerule_Y,una_ga,STL-LSTM (full),74,566296.888266936,47.3132565022385
homerule_Y,una_ga,STL-LSTM (full),76,483886.2288893759,30.903369356708204
homerule_Y,una_ga,STL-LSTM (full),92,585269.7818580121,53.98335523750769
homerule_Y,una_ga,STL-LSTM (full),99,597014.7759544849,17.856080733559043
homerule_Y,una_ga,STL-LSTM (full),102,12632788.883589193,22.81753696163683
homerule_Y,una_ga,STL-LSTM (full),104,1216680.9240429178,16.048494702217848
homerule_Y,una_ga,STL-LSTM (full),112,4230309.206024647,0.7823271121444205
homerule_Y,una_ga,STL-LSTM (full),113,3915892.7780400515,151.13766218352382
homerule_Y,una_ga,STL-LSTM (full),114,4596422.925007716,14.91675330585224
homerule_Y,una_ga,STL-LSTM (full),116,3511791.777181387,25.803664689780128
homerule_Y,una_ga,STL-LSTM (full),117,5175827.778150886,3.9777445033697454
homerule_Y,una_ga,STL-LSTM (full),122,3461056.7770118266,7.554702423189158
homerule_Y,una_ga,STL-LSTM (full),125,12856436.0769452,73.00900119472465
homerule_Y,una_ga,STL-LSTM (full),126,4197081.77710779,200.0
homerule_Y,una_ga,STL-LSTM (full),127,10483413.797223061,200.0
homerule_Y,una_ga,STL-LSTM (full),128,17283485.794703573,19.126569060352068
homerule_Y,una_ga,STL-LSTM (full),129,785359.9223365337,37.478383822438055
homerule_Y,una_ga,STL-LSTM (full),130,3652713.9016723633,1.3676511620843
homerule_Y,una_ga,STL-LSTM (full),132,800387.7812298834,5.026446941903369
homerule_Y,una_ga,STL-LSTM (full),137,1081630.8848699927,20.293039870982312
homerule_Y,una_ga,STL-LSTM (full),159,13321810.201551601,19.118721201414832
homerule_Y,una_ga,STL-LSTM (full),160,99563074.77513942,103.80048308775278
homerule_Y,una_ga,STL-LSTM (full),179,6027250.774506122,200.0
homerule_Y,una_ga,STL-LSTM (full),182,3118138.778132111,200.0
homerule_Y,una_ga,STL-LSTM (full),183,8818698.220284373,169.46481965545198
homerule_Y,una_ga,STL-LSTM (full),184,2074528.2288766801,2.4746919303472117
homerule_Y,una_ga,STL-LSTM (full),199,788082.2238919437,16.873171797012514
homerule_Y,una_ga,STL-LSTM (full),208,164977767.21299338,28.402417211881026
homerule_Y,una_ga,STL-LSTM (full),210,1935468.1972972453,50.65368659853434
homerule_Y,una_ga,STL-LSTM (full),220,214546.22172906995,2.9580235676760416
homerule_Y,una_ga,STL-LSTM (full),224,3535114.2315304726,3.1207465897704356
homerule_Y,una_ga,STL-LSTM (full),225,6427258.794427216,4.48263391155024
homerule_Y,una_ga,STL-LSTM (full),229,14400696.218395114,3.167052117169399
homerule_Y,una_ga,STL-LSTM (full),235,248459.77448692918,0.27300357717282636
homerule_Y,una_ga,STL-LSTM (full),236,5440429.779998809,200.0
homerule_Y,una_ga,STL-LSTM (full),238,5866830.876776978,101.9981830277678
homerule_Y,una_ga,STL-LSTM (full),239,13645918.925950348,28.517824525522208
homerule_Y,una_ga,STL-LSTM (full),240,4093136.779144287,14.31625757816304
homerule_Y,una_ga,STL-LSTM (full),242,8729300.802289888,49.03885417978349
homerule_Y,una_ga,STL-LSTM (full),244,3463704.7751988173,4.121489839035615
homerule_Y,una_ga,STL-LSTM (full),247,6099803.880160883,36.96860260075999
homerule_Y,una_ga,STL-LSTM (full),260,34162869.122299075,3.911394531531651
homerule_Y,una_ga,STL-LSTM (full),261,1683598.2219811976,13.988900817830041
homerule_Y,una_ga,STL-LSTM (full),263,648271.7772500515,14.773720929183407
homerule_Y,una_ga,STL-LSTM (full),265,2059895.7967427224,12.802293502411205
homerule_Y,una_ga,STL-LSTM (full),267,118200.22950327396,3.3440338155845377
homerule_Y,una_ga,STL-LSTM (full),268,1594926.2293103486,5.298102418899565
homerule_Y,una_ga,MTL-LSTM (full),1,8597867.158170864,19.049005349514108
homerule_Y,una_ga,MTL-LSTM (full),4,5961720.115572408,92.88701734533089
homerule_Y,una_ga,MTL-LSTM (full),12,12637489.37702775,29.546642445282572
homerule_Y,una_ga,MTL-LSTM (full),13,9443685.428289711,49.27093021256087
homerule_Y,una_ga,MTL-LSTM (full),20,2065948.4576461911,33.968145434635076
homerule_Y,una_ga,MTL-LSTM (full),27,4940825.786030412,1.8913300235104231
homerule_Y,una_ga,MTL-LSTM (full),29,6509661.42610988,33.14803005285636
homerule_Y,una_ga,MTL-LSTM (full),30,5901273.04906258,2.718665662864203
homerule_Y,una_ga,MTL-LSTM (full),31,2543004.8162631392,1.558438146806444
homerule_Y,una_ga,MTL-LSTM (full),32,864341.790512234,2.355954219572266
homerule_Y,una_ga,MTL-LSTM (full),33,2688248.2890239656,29.851455336808304
homerule_Y,una_ga,MTL-LSTM (full),34,4969772.0992715955,12.744905664640921
homerule_Y,una_ga,MTL-LSTM (full),35,4485835.8113105,3.0548090241901504
homerule_Y,una_ga,MTL-LSTM (full),36,274700.79761855304,13.051454307592655
homerule_Y,una_ga,MTL-LSTM (full),37,3671036.3858388066,18.27518123330433
homerule_Y,una_ga,MTL-LSTM (full),38,1600526.259399116,23.858948901903652
homerule_Y,una_ga,MTL-LSTM (full),39,1048806.411612749,3.8965714897739643
homerule_Y,una_ga,MTL-LSTM (full),42,1730203.3027056158,14.234796451812601
homerule_Y,una_ga,MTL-LSTM (full),44,1936260.6866897345,5.152766279402089
homerule_Y,una_ga,MTL-LSTM (full),45,2033164999.5581093,5.824773822505984
homerule_Y,una_ga,MTL-LSTM (full),48,1538160.3577392697,1.6933891000380488
homerule_Y,una_ga,MTL-LSTM (full),55,3100102.886325754,39.00571821827394
homerule_Y,una_ga,MTL-LSTM (full),57,1063631.792014271,69.03010405659109
homerule_Y,una_ga,MTL-LSTM (full),58,1554825.3333604038,4.655449084304854
homerule_Y,una_ga,MTL-LSTM (full),59,30898028.684004962,170.11865826187432
homerule_Y,una_ga,MTL-LSTM (full),60,4304048.345833838,104.33809151326953
homerule_Y,una_ga,MTL-LSTM (full),61,3562300.54984197,200.0
homerule_Y,una_ga,MTL-LSTM (full),62,1903895.7743012905,23.360039114743913
homerule_Y,una_ga,MTL-LSTM (full),73,836262.485858202,22.474551139363427
homerule_Y,una_ga,MTL-LSTM (full),74,566297.1515965909,47.31328370768663
homerule_Y,una_ga,MTL-LSTM (full),76,483885.97130434774,30.90335544795565
homerule_Y,una_ga,MTL-LSTM (full),92,585270.1096695215,53.98339363503835
homerule_Y,una_ga,MTL-LSTM (full),99,597014.815668866,17.85608202742282
homerule_Y,una_ga,MTL-LSTM (full),102,12632789.274035066,22.81753758640817
homerule_Y,una_ga,MTL-LSTM (full),104,1216681.1648379266,16.048498133262267
homerule_Y,una_ga,MTL-LSTM (full),112,4230308.949562073,0.7823270645303014
homerule_Y,una_ga,MTL-LSTM (full),113,3915893.2157601416,151.1376663109812
homerule_Y,una_ga,MTL-LSTM (full),114,4596423.3365082145,14.916754541690972
homerule_Y,una_ga,MTL-LSTM (full),116,3511792.0451411977,25.803666404650542
homerule_Y,una_ga,MTL-LSTM (full),117,5175828.020112187,3.977744685624289
homerule_Y,una_ga,MTL-LSTM (full),122,3461057.2049634755,7.554703322025551
homerule_Y,una_ga,MTL-LSTM (full),125,12856435.910476528,73.00899990429212
homerule_Y,una_ga,MTL-LSTM (full),126,4197081.986106308,200.0
homerule_Y,una_ga,MTL-LSTM (full),127,10483414.186942741,200.0
homerule_Y,una_ga,MTL-LSTM (full),128,17283486.034686834,19.126569300529095
homerule_Y,una_ga,MTL-LSTM (full),129,785360.211962983,37.47840023379376
homerule_Y,una_ga,MTL-LSTM (full),130,3652714.444759071,1.3676513640366155
homerule_Y,una_ga,MTL-LSTM (full),132,800388.1157677919,5.026448990005906
homerule_Y,una_ga,MTL-LSTM (full),137,1081631.4771954417,20.29304985633248
homerule_Y,una_ga,MTL-LSTM (full),159,13321809.81068325,19.118720586838837
homerule_Y,una_ga,MTL-LSTM (full),160,99563075.14346266,103.80048327245541
homerule_Y,una_ga,MTL-LSTM (full),179,6027251.234778762,200.0
homerule_Y,una_ga,MTL-LSTM (full),182,3118139.139771104,200.0
homerule_Y,una_ga,MTL-LSTM (full),183,8818697.896812819,169.46480817248147
homerule_Y,una_ga,MTL-LSTM (full),184,2074527.724214673,2.474691320890093
homerule_Y,una_ga,MTL-LSTM (full),199,788081.697898984,16.873159585177195
homerule_Y,una_ga,MTL-LSTM (full),208,164977766.73189753,28.402417117293865
homerule_Y,una_ga,MTL-LSTM (full),210,1935467.7597121,50.6536722458985
homerule_Y,una_ga,MTL-LSTM (full),220,214545.91466473043,2.958019396688325
homerule_Y,una_ga,MTL-LSTM (full),224,3535113.637547165,3.120746057228784
homerule_Y,una_ga,MTL-LSTM (full),225,6427259.080109835,4.482634106331264
homerule_Y,una_ga,MTL-LSTM (full),229,14400695.768463016,3.1670520166518292
homerule_Y,una_ga,MTL-LSTM (full),235,248460.2545814216,0.27300410397280533
homerule_Y,una_ga,MTL-LSTM (full),236,5440430.130137935,200.0
homerule_Y,una_ga,MTL-LSTM (full),238,5866831.068192877,101.99818465845625
homerule_Y,una_ga,MTL-LSTM (full),239,13645919.03484936,28.51782478555471
homerule_Y,una_ga,MTL-LSTM (full),240,4093137.1182760596,14.316258679412245
homerule_Y,una_ga,MTL-LSTM (full),242,8729301.268824637,49.03885744327112
homerule_Y,una_ga,MTL-LSTM (full),244,3463705.381981343,4.121490546172067
homerule_Y,una_ga,MTL-LSTM (full),247,6099804.313671827,36.96860474245921
homerule_Y,una_ga,MTL-LSTM (full),260,34162868.851780415,3.91139449995355
homerule_Y,una_ga,MTL-LSTM (full),261,1683597.5415372849,13.988895559518157
homerule_Y,una_ga,MTL-LSTM (full),263,648272.2803873718,14.77373324237052
homerule_Y,una_ga,MTL-LSTM (full),265,2059896.276563108,12.802296293616273
homerule_Y,una_ga,MTL-LSTM (full),267,118199.78218391538,3.3440213719515763
homerule_Y,una_ga,MTL-LSTM (full),268,1594925.8384823054,5.298101086236368
homerule_Y,una_ba,ARIMA,1,3289986.8109822124,28.581281105834737
homerule_Y,una_ba,ARIMA,4,425825.62822691724,9.975526750953524
homerule_Y,una_ba,ARIMA,12,2828985.7352064606,37.716949009368264
homerule_Y,una_ba,ARIMA,13,319105.0,83.07419156228319
homerule_Y,una_ba,ARIMA,20,4902726.952985797,27.083038478586257
homerule_Y,una_ba,ARIMA,27,2829145.949726598,56.34827323185792
homerule_Y,una_ba,ARIMA,29,0.0,0.0
homerule_Y,una_ba,ARIMA,30,793683.535771162,200.0
homerule_Y,una_ba,ARIMA,31,621811.973860044,4.120789249139659
homerule_Y,una_ba,ARIMA,32,3263516.0,133.51437906197148
homerule_Y,una_ba,ARIMA,33,1238767.5165072437,39.71839895286105
homerule_Y,una_ba,ARIMA,34,7119534.0,56.68388101083529
homerule_Y,una_ba,ARIMA,35,9759797.30228817,57.41594126738481
homerule_Y,una_ba,ARIMA,36,2141369.0,200.0
homerule_Y,una_ba,ARIMA,37,84350.54066888615,3.2431953681381605
homerule_Y,una_ba,ARIMA,38,3242423.936597902,60.59808050282122
homerule_Y,una_ba,ARIMA,39,1105617.723725371,88.8027007491167
homerule_Y,una_ba,ARIMA,42,39082.765716401394,1.7872090445199935
homerule_Y,una_ba,ARIMA,44,4359338.136691654,41.09356501122673
homerule_Y,una_ba,ARIMA,45,3953887000.0,200.0
homerule_Y,una_ba,ARIMA,48,1589632.3303925768,15.498625724150466
homerule_Y,una_ba,ARIMA,55,294282.2063026079,9.405443405866224
homerule_Y,una_ba,ARIMA,57,1413231.8061153772,31.505801100870816
homerule_Y,una_ba,ARIMA,58,13923845.110622967,139.4468342542987
homerule_Y,una_ba,ARIMA,59,1606069.8150749356,2.563705696736582
homerule_Y,una_ba,ARIMA,60,92136.91302835487,10.178270265920961
homerule_Y,una_ba,ARIMA,61,1033320.0829171883,12.310143442260447
homerule_Y,una_ba,ARIMA,62,2030592.608370237,13.42254607012542
homerule_Y,una_ba,ARIMA,73,758188.7526549278,44.00965110040435
homerule_Y,una_ba,ARIMA,74,405990.8655582116,49.97655996719704
homerule_Y,una_ba,ARIMA,76,26051.0,5.739919996739058
homerule_Y,una_ba,ARIMA,92,247854.09990384988,15.59187714139634
homerule_Y,una_ba,ARIMA,99,269095.0,65.21704884341194
homerule_Y,una_ba,ARIMA,102,1254667.0,43.74665602288958
homerule_Y,una_ba,ARIMA,104,1363946.3579179961,67.00736166793465
homerule_Y,una_ba,ARIMA,112,1969253.644957181,7.558061025343665
homerule_Y,una_ba,ARIMA,113,3728764.9274309203,6.739999419563141
homerule_Y,una_ba,ARIMA,114,1714653.040054135,3.2381059318753556
homerule_Y,una_ba,ARIMA,116,8484383.56422709,11.949648982521447
homerule_Y,una_ba,ARIMA,117,6113306.0,39.666993023228194
homerule_Y,una_ba,ARIMA,122,2420592.8113338463,18.73714903712911
homerule_Y,una_ba,ARIMA,125,679022.880671747,7.608226144839818
homerule_Y,una_ba,ARIMA,126,655104.3548064362,47.623905227746036
homerule_Y,una_ba,ARIMA,127,113412.28822354972,0.6729444309216243
homerule_Y,una_ba,ARIMA,128,615554.7651511505,5.178039271040965
homerule_Y,una_ba,ARIMA,129,360913.34470424056,14.297406709158148
homerule_Y,una_ba,ARIMA,130,2915842.47775881,6.57546577314785
homerule_Y,una_ba,ARIMA,132,7098499.103035126,73.7760377562448
homerule_Y,una_ba,ARIMA,137,1807503.0,9.82961832838196
homerule_Y,una_ba,ARIMA,159,17022056.966246203,155.80460118628017
homerule_Y,una_ba,ARIMA,160,4287225.796316106,37.58662689699372
homerule_Y,una_ba,ARIMA,179,6835574.0,43.050492570272695
homerule_Y,una_ba,ARIMA,182,1298510.7858246248,10.520086774877296
homerule_Y,una_ba,ARIMA,183,618137.6705688881,16.51004253125071
homerule_Y,una_ba,ARIMA,184,9843018.427640967,27.69817350788038
homerule_Y,una_ba,ARIMA,199,2630703.820649218,26.951273607100834
homerule_Y,una_ba,ARIMA,208,1792406.0,5.917070963282987
homerule_Y,una_ba,ARIMA,210,4894490.643077526,200.0
homerule_Y,una_ba,ARIMA,220,144015.71359978872,12.729161396273605
homerule_Y,una_ba,ARIMA,224,2650131.0,8.638093710632917
homerule_Y,una_ba,ARIMA,225,1438285.8623257366,200.0
homerule_Y,una_ba,ARIMA,229,51184457.57060648,200.0
homerule_Y,una_ba,ARIMA,235,2571272.666413851,18.715116977264508
homerule_Y,una_ba,ARIMA,236,0.0,0.0
homerule_Y,una_ba,ARIMA,238,3377922.542098375,30.95102230243582
homerule_Y,una_ba,ARIMA,239,7652586.877175868,22.014712287967114
homerule_Y,una_ba,ARIMA,240,3825132.0,200.0
homerule_Y,una_ba,ARIMA,242,974768.6862981375,9.336566419584646
homerule_Y,una_ba,ARIMA,244,6113216.547625495,38.651912651539526
homerule_Y,una_ba,ARIMA,247,5667287.660239029,200.0
homerule_Y,una_ba,ARIMA,260,38216716.514306605,156.97349836481774
homerule_Y,una_ba,ARIMA,261,4169950.096575454,25.20491834478572
homerule_Y,una_ba,ARIMA,263,181173.52453267178,21.24864245092256
homerule_Y,una_ba,ARIMA,265,1009562.7146680041,51.667293559560655
homerule_Y,una_ba,ARIMA,267,634246.8323078228,32.673504907869365
homerule_Y,una_ba,ARIMA,268,11989214.308904694,200.0
homerule_Y,una_ba,STL-LSTM (full),1,1025561.7901458293,10.964810783044248
homerule_Y,una_ba,STL-LSTM (full),4,981601.9317760989,19.74094164890272
homerule_Y,una_ba,STL-LSTM (full),12,120003.16169714928,1.9525162206068463
homerule_Y,una_ba,STL-LSTM (full),13,319105.2163435966,83.07422448963646
homerule_Y,una_ba,STL-LSTM (full),20,4902731.0850372985,27.083064395313407
homerule_Y,una_ba,STL-LSTM (full),27,2829146.030758936,56.3482753004937
homerule_Y,una_ba,STL-LSTM (full),29,0.061883844435214996,200.0
homerule_Y,una_ba,STL-LSTM (full),30,793684.167699337,200.0
homerule_Y,una_ba,STL-LSTM (full),31,621812.1731158942,4.120790542414269
homerule_Y,una_ba,STL-LSTM (full),32,3263516.171297893,133.51438139162875
homerule_Y,una_ba,STL-LSTM (full),33,907885.9761566464,30.740002059343446
homerule_Y,una_ba,STL-LSTM (full),34,7119533.83733657,56.68387934869937
homerule_Y,una_ba,STL-LSTM (full),35,2393762.0254315212,11.574452339090419
homerule_Y,una_ba,STL-LSTM (full),36,267250.92708194256,11.747322086488653
homerule_Y,una_ba,STL-LSTM (full),37,84349.82584877312,3.243167438329328
homerule_Y,una_ba,STL-LSTM (full),38,823197.8252681643,12.54814080333871
homerule_Y,una_ba,STL-LSTM (full),39,1105618.0639885068,88.80274021368858
homerule_Y,una_ba,STL-LSTM (full),42,39084.21648964286,1.7872747938206857
homerule_Y,una_ba,STL-LSTM (full),44,1250647.974798482,13.81324293629889
homerule_Y,una_ba,STL-LSTM (full),45,351372999.8280363,8.5086995021484
homerule_Y,una_ba,STL-LSTM (full),48,2187555.0765063018,21.96860877745071
homerule_Y,una_ba,STL-LSTM (full),55,294283.0755863115,9.40547249527139
homerule_Y,una_ba,STL-LSTM (full),57,165037.1796464175,3.1288101026050743
homerule_Y,una_ba,STL-LSTM (full),58,13106765.023239296,126.10423194600796
homerule_Y,una_ba,STL-LSTM (full),59,1606063.7919811904,2.5636959590680304
homerule_Y,una_ba,STL-LSTM (full),60,92137.06875032932,10.178288343825054
homerule_Y,una_ba,STL-LSTM (full),61,2068575.07112246,26.262862739363555
homerule_Y,una_ba,STL-LSTM (full),62,2030591.9319794327,13.422541899137105
homerule_Y,una_ba,STL-LSTM (full),73,281626.82592090964,23.41289486627467
homerule_Y,una_ba,STL-LSTM (full),74,405991.0660768822,49.976590818553134
homerule_Y,una_ba,STL-LSTM (full),76,26051.068259328604,5.739935468226038
homerule_Y,una_ba,STL-LSTM (full),92,17537.78752064705,1.2037411452631097
homerule_Y,una_ba,STL-LSTM (full),99,269094.9701813217,65.21704397318852
homerule_Y,una_ba,STL-LSTM (full),102,1254666.7810370624,43.74664671833365
homerule_Y,una_ba,STL-LSTM (full),104,412866.1646345109,26.466168594042554
homerule_Y,una_ba,STL-LSTM (full),112,5007314.074895591,20.408045158406154
homerule_Y,una_ba,STL-LSTM (full),113,8368279.0783601105,15.788261652062072
homerule_Y,una_ba,STL-LSTM (full),114,1938570.081732884,3.6687280190286318
homerule_Y,una_ba,STL-LSTM (full),116,14682706.074791923,21.623393853752653
homerule_Y,una_ba,STL-LSTM (full),117,6113306.070114002,39.666993568403456
homerule_Y,una_ba,STL-LSTM (full),122,2420594.0298588816,18.737159353068947
homerule_Y,una_ba,STL-LSTM (full),125,70559.92515286803,0.8185017488206251
homerule_Y,una_ba,STL-LSTM (full),126,655103.9755533449,47.623871092254475
homerule_Y,una_ba,STL-LSTM (full),127,1860866.069911465,11.72863736837137
homerule_Y,una_ba,STL-LSTM (full),128,3243915.060347479,32.57576858886447
homerule_Y,una_ba,STL-LSTM (full),129,360914.0711951703,14.297437546114777
homerule_Y,una_ba,STL-LSTM (full),130,2915843.823547676,6.575468907791275
homerule_Y,una_ba,STL-LSTM (full),132,2469924.1713891774,33.800318587012065
homerule_Y,una_ba,STL-LSTM (full),137,1807502.8189497292,9.829617295397949
homerule_Y,una_ba,STL-LSTM (full),159,174209.8224914819,7.4860499967467895
homerule_Y,una_ba,STL-LSTM (full),160,1458355.7805297375,11.375019562501988
homerule_Y,una_ba,STL-LSTM (full),179,6835574.06296397,43.05049305217804
homerule_Y,una_ba,STL-LSTM (full),182,1557926.078675285,12.755824204064925
homerule_Y,una_ba,STL-LSTM (full),183,75620.91474194825,1.8485201208674633
homerule_Y,una_ba,STL-LSTM (full),184,9843021.020804964,27.698181815610575
homerule_Y,una_ba,STL-LSTM (full),199,127226.06370437145,1.5178488969794492
homerule_Y,una_ba,STL-LSTM (full),208,1792405.9336405247,5.917070750698938
homerule_Y,una_ba,STL-LSTM (full),210,3030869.791063264,200.0
homerule_Y,una_ba,STL-LSTM (full),220,144014.77252683043,12.729072923415305
homerule_Y,una_ba,STL-LSTM (full),224,2650131.044432692,8.638093861716339
homerule_Y,una_ba,STL-LSTM (full),225,1382856.1815387309,200.0
homerule_Y,una_ba,STL-LSTM (full),229,25112039.824842125,39.583290158594494
homerule_Y,una_ba,STL-LSTM (full),235,2571275.064221576,18.715136062943337
homerule_Y,una_ba,STL-LSTM (full),236,0.1139877438545227,200.0
homerule_Y,una_ba,STL-LSTM (full),238,3377920.967392903,30.951010106721778
homerule_Y,una_ba,STL-LSTM (full),239,3825812.0738569424,10.43176820233028
homerule_Y,una_ba,STL-LSTM (full),240,3825131.973842889,200.0
homerule_Y,una_ba,STL-LSTM (full),242,953004.7895683497,9.11860232883091
homerule_Y,una_ba,STL-LSTM (full),244,7116414.061602257,46.46853527250317
homerule_Y,una_ba,STL-LSTM (full),247,4500383.172885627,200.0
homerule_Y,una_ba,STL-LSTM (full),260,38406086.77466257,157.14018662844782
homerule_Y,una_ba,STL-LSTM (full),261,1331721.825922206,9.654806397505936
homerule_Y,una_ba,STL-LSTM (full),263,181173.1703800857,21.248605327644665
homerule_Y,una_ba,STL-LSTM (full),265,1009563.0732654482,51.66731665288329
homerule_Y,una_ba,STL-LSTM (full),267,335036.9773482736,13.811358853187205
homerule_Y,una_ba,STL-LSTM (full),268,8027146.830283716,200.0
homerule_Y,una_ba,MTL-LSTM (full),1,1025562.0387484804,10.964813586702638
homerule_Y,una_ba,MTL-LSTM (full),4,981602.0274941567,19.74094338387858
homerule_Y,una_ba,MTL-LSTM (full),12,120003.27283933759,1.9525180112961313
homerule_Y,una_ba,MTL-LSTM (full),13,319104.97096333466,83.07418714292038
homerule_Y,una_ba,MTL-LSTM (full),20,4902730.930441186,27.08306342566777
homerule_Y,una_ba,MTL-LSTM (full),27,2829145.682625115,56.348266413152196
homerule_Y,una_ba,MTL-LSTM (full),29,0.32342174649238586,200.0
homerule_Y,una_ba,MTL-LSTM (full),30,793683.9747660402,200.0
homerule_Y,una_ba,MTL-LSTM (full),31,621811.9418204427,4.120789041185899
homerule_Y,una_ba,MTL-LSTM (full),32,3263515.9937931327,133.51437897755787
homerule_Y,una_ba,MTL-LSTM (full),33,907885.9352455437,30.740000887045216
homerule_Y,una_ba,MTL-LSTM (full),34,7119533.946148835,56.68388046057051
homerule_Y,una_ba,MTL-LSTM (full),35,2393761.9729532823,11.574452070659857
homerule_Y,una_ba,MTL-LSTM (full),36,267251.01632926427,11.747325779035437
homerule_Y,una_ba,MTL-LSTM (full),37,84349.97724167071,3.2431733536276717
homerule_Y,una_ba,MTL-LSTM (full),38,823197.9176171198,12.548142299348633
homerule_Y,una_ba,MTL-LSTM (full),39,1105617.9101903588,88.8027223757923
homerule_Y,una_ba,MTL-LSTM (full),42,39084.07641618699,1.7872684456687171
homerule_Y,una_ba,MTL-LSTM (full),44,1250648.152134508,13.813244759675273
homerule_Y,una_ba,MTL-LSTM (full),45,351372999.9804144,8.50869950568134
homerule_Y,una_ba,MTL-LSTM (full),48,2187555.022733975,21.968608178123564
homerule_Y,una_ba,MTL-LSTM (full),55,294283.1100654602,9.405473649069702
homerule_Y,una_ba,MTL-LSTM (full),57,165037.10492540896,3.1288087081892244
homerule_Y,una_ba,MTL-LSTM (full),58,13106764.980346,126.10423127310877
homerule_Y,una_ba,MTL-LSTM (full),59,1606063.937100187,2.563696193685103
homerule_Y,una_ba,MTL-LSTM (full),60,92136.81818178296,10.178259255098636
homerule_Y,una_ba,MTL-LSTM (full),61,2068574.9288752824,26.2628606962255
homerule_Y,una_ba,MTL-LSTM (full),62,2030591.9138584211,13.42254178739323
homerule_Y,una_ba,MTL-LSTM (full),73,281626.7157923579,23.412884639015942
homerule_Y,una_ba,MTL-LSTM (full),74,405991.06404516846,49.97659050595814
homerule_Y,una_ba,MTL-LSTM (full),76,26050.907437987626,5.7398990168708846
homerule_Y,una_ba,MTL-LSTM (full),92,17538.089286759496,1.2037619822476924
homerule_Y,una_ba,MTL-LSTM (full),99,269095.19378730655,65.21708049428575
homerule_Y,una_ba,MTL-LSTM (full),102,1254667.01269083,43.74665656217054
homerule_Y,una_ba,MTL-LSTM (full),104,412866.158305794,26.466168242035305
homerule_Y,una_ba,MTL-LSTM (full),112,5007313.877189897,20.408044270405682
homerule_Y,una_ba,MTL-LSTM (full),113,8368278.886747912,15.788261262013103
homerule_Y,una_ba,MTL-LSTM (full),114,1938569.8292224407,3.668727532388737
homerule_Y,una_ba,MTL-LSTM (full),116,14682705.867915183,21.62339351614287
homerule_Y,una_ba,MTL-LSTM (full),117,6113306.02375645,39.666993207947776
homerule_Y,una_ba,MTL-LSTM (full),122,2420593.808809519,18.737157481681862
homerule_Y,una_ba,MTL-LSTM (full),125,70560.14355245233,0.8185042719080629
homerule_Y,una_ba,MTL-LSTM (full),126,655104.0369330831,47.62387661686941
homerule_Y,una_ba,MTL-LSTM (full),127,1860865.8712128699,11.728636042574948
homerule_Y,una_ba,MTL-LSTM (full),128,3243914.985400456,32.57576771365089
homerule_Y,una_ba,MTL-LSTM (full),129,360913.8508271128,14.29742819227341
homerule_Y,una_ba,MTL-LSTM (full),130,2915843.97006353,6.575469249059491
homerule_Y,una_ba,MTL-LSTM (full),132,2469924.0915984213,33.8003176796305
homerule_Y,una_ba,MTL-LSTM (full),137,1807502.9516331032,9.829618052424177
homerule_Y,una_ba,MTL-LSTM (full),159,174210.06269096583,7.486060704813909
homerule_Y,una_ba,MTL-LSTM (full),160,1458355.8824121207,11.375020402370748
homerule_Y,una_ba,MTL-LSTM (full),179,6835574.00507183,43.050492609090796
homerule_Y,una_ba,MTL-LSTM (full),182,1557925.8791225925,12.755822465981057
homerule_Y,una_ba,MTL-LSTM (full),183,75620.88517254591,1.8485194047370332
homerule_Y,una_ba,MTL-LSTM (full),184,9843020.902151339,27.698181435479448
homerule_Y,una_ba,MTL-LSTM (full),199,127225.92899718136,1.5178472776815766
homerule_Y,una_ba,MTL-LSTM (full),208,1792406.130106479,5.917071380081974
homerule_Y,una_ba,MTL-LSTM (full),210,3030869.8808063045,200.0
homerule_Y,una_ba,MTL-LSTM (full),220,144015.06852538884,12.729100751046326
homerule_Y,una_ba,MTL-LSTM (full),224,2650130.7831883132,8.638092973413329
homerule_Y,una_ba,MTL-LSTM (full),225,1382855.833446607,200.0
homerule_Y,una_ba,MTL-LSTM (full),229,25112039.749666244,39.58329006354976
homerule_Y,una_ba,MTL-LSTM (full),235,2571275.2549725473,18.715137581251952
homerule_Y,una_ba,MTL-LSTM (full),236,0.020355572924017906,200.0
homerule_Y,una_ba,MTL-LSTM (full),238,3377920.9316232204,30.951009829694197
homerule_Y,una_ba,MTL-LSTM (full),239,3825811.884494111,10.431767659067011
homerule_Y,una_ba,MTL-LSTM (full),240,3825132.0371381044,200.0
homerule_Y,una_ba,MTL-LSTM (full),242,953004.8991698623,9.118603425340451
homerule_Y,una_ba,MTL-LSTM (full),244,7116413.978405541,46.4685346030265
homerule_Y,una_ba,MTL-LSTM (full),247,4500383.077623308,200.0
homerule_Y,una_ba,MTL-LSTM (full),260,38406087.06669447,157.14018688450548
homerule_Y,una_ba,MTL-LSTM (full),261,1331721.9367824271,9.654807240026718
homerule_Y,una_ba,MTL-LSTM (full),263,181173.09113845974,21.248597021310715
homerule_Y,una_ba,MTL-LSTM (full),265,1009563.0062204064,51.667312335248226
homerule_Y,una_ba,MTL-LSTM (full),267,335036.904898867,13.811356072822969
homerule_Y,una_ba,MTL-LSTM (full),268,8027146.9393126555,200.0
homerule_Y,nic,ARIMA,1,5298118.0138906315,9.718236152951125
homerule_Y,nic,ARIMA,4,1224932.0,6.191062238034034
homerule_Y,nic,ARIMA,12,23331839.680417478,7.705036160471772
homerule_Y,nic,ARIMA,13,1861983.0,1.787142554248634
homerule_Y,nic,ARIMA,20,344700.0380040109,6.981381149353809
homerule_Y,nic,ARIMA,27,16501734.383569423,65.3267403366219
homerule_Y,nic,ARIMA,29,707264.0168024525,1.34174738828233
homerule_Y,nic,ARIMA,30,3532527.792652609,42.059119107969885
homerule_Y,nic,ARIMA,31,4698568.7617040025,46.73427767673458
homerule_Y,nic,ARIMA,32,62111235.06235368,200.0
homerule_Y,nic,ARIMA,33,2127611.53762641,12.187703303150176
homerule_Y,nic,ARIMA,34,7336984.744179934,2.7832589877056106
homerule_Y,nic,ARIMA,35,14387245.398666501,13.334322404993577
homerule_Y,nic,ARIMA,36,45603.31132169487,1.3272805559981877
homerule_Y,nic,ARIMA,37,303374.8563384749,2.875877124200274
homerule_Y,nic,ARIMA,38,6192492.954439521,11.936677376646925
homerule_Y,nic,ARIMA,39,193629335.92199647,149.2258720309945
homerule_Y,nic,ARIMA,42,4893240.405592322,5.513231592193129
homerule_Y,nic,ARIMA,44,127540.520195961,0.09115636779239882
homerule_Y,nic,ARIMA,45,21309168.012367845,2.0488233506956064
homerule_Y,nic,ARIMA,48,1362792.8716213554,1.3530715338594967
homerule_Y,nic,ARIMA,55,7094587.801306851,25.761051927218855
homerule_Y,nic,ARIMA,57,1020812.405948095,16.172029111406577
homerule_Y,nic,ARIMA,58,1284083.2939211428,1.0983242011634924
homerule_Y,nic,ARIMA,59,21918121.68642676,5.0312317471179275
homerule_Y,nic,ARIMA,60,893298.0544737242,3.0910908543777125
homerule_Y,nic,ARIMA,61,803876.6862632185,1.21699699266179
homerule_Y,nic,ARIMA,62,70434.27335807681,0.035969472339435045
homerule_Y,nic,ARIMA,73,851808.5375868455,7.9785037405409795
homerule_Y,nic,ARIMA,74,170004.894965203,12.231592686832295
homerule_Y,nic,ARIMA,76,443615.35684252915,58.075987144451105
homerule_Y,nic,ARIMA,92,85320.81793839531,2.4752622125372996
homerule_Y,nic,ARIMA,99,1387411.5403765105,15.509048650857338
homerule_Y,nic,ARIMA,102,15671774.0,26.10813749337875
homerule_Y,nic,ARIMA,104,332645.4937894242,14.647316194409948
homerule_Y,nic,ARIMA,112,22389652.101018906,5.351867959234517
homerule_Y,nic,ARIMA,113,8815772.449913964,9.474336133970167
homerule_Y,nic,ARIMA,114,6522366.430174649,1.4468453617180999
homerule_Y,nic,ARIMA,116,11280642.997492597,9.571604370130677
homerule_Y,nic,ARIMA,117,9394599.493335053,15.901004659764492
homerule_Y,nic,ARIMA,122,2201099.5318342,2.8588713275160003
homerule_Y,nic,ARIMA,125,9919210.945016965,12.365521276222683
homerule_Y,nic,ARIMA,126,1362094.0,200.0
homerule_Y,nic,ARIMA,127,21348041.48708585,11.81790232064223
homerule_Y,nic,ARIMA,128,667140.7629935346,22.00938737939492
homerule_Y,nic,ARIMA,129,136634.71150944568,8.580866446438968
homerule_Y,nic,ARIMA,130,3322717.7172640786,5.00621220839843
homerule_Y,nic,ARIMA,132,3196130.0,18.230572453196793
homerule_Y,nic,ARIMA,137,633506.6146982089,1.6157619480438585
homerule_Y,nic,ARIMA,159,46087189.0,200.0
homerule_Y,nic,ARIMA,160,1404934.1883209422,2.4382715538364774
homerule_Y,nic,ARIMA,179,8001296.203755856,4.499236889036307
homerule_Y,nic,ARIMA,182,2905656.7692445815,3.117089691970598
homerule_Y,nic,ARIMA,183,1802358.9749476835,3.241271370412867
homerule_Y,nic,ARIMA,184,16594259.095907658,12.029751575681567
homerule_Y,nic,ARIMA,199,81150.04719563574,0.2830694803922924
homerule_Y,nic,ARIMA,208,13658613.642640233,5.6841687748918375
homerule_Y,nic,ARIMA,210,164986.23121602577,8.707940888144195
homerule_Y,nic,ARIMA,220,1330081.0625732034,46.14463547130542
homerule_Y,nic,ARIMA,224,7941625.8735498935,6.777185799374904
homerule_Y,nic,ARIMA,225,10498799.0,19.36603171188917
homerule_Y,nic,ARIMA,229,8604390.941903591,2.803318610629954
homerule_Y,nic,ARIMA,235,10617424.553962931,16.721248222172907
homerule_Y,nic,ARIMA,236,15207011.186533496,20.679900093929845
homerule_Y,nic,ARIMA,238,2462432.8409121446,11.093164341223899
homerule_Y,nic,ARIMA,239,1129805.2733275145,1.428007990381486
homerule_Y,nic,ARIMA,240,6313277.880834151,29.802758902500432
homerule_Y,nic,ARIMA,242,133565.93346678466,0.37204656545482695
homerule_Y,nic,ARIMA,244,5627767.453809172,9.42616159391047
homerule_Y,nic,ARIMA,247,1853166.9119909303,26.89363986646267
homerule_Y,nic,ARIMA,260,37595721.50905532,8.277409853319421
homerule_Y,nic,ARIMA,261,5142421.04034175,3.847781291370531
homerule_Y,nic,ARIMA,263,74574.96685755718,2.2781621670345857
homerule_Y,nic,ARIMA,265,4991266.317468696,200.0
homerule_Y,nic,ARIMA,267,225731.2699293266,5.756773126682748
homerule_Y,nic,ARIMA,268,1918143.1164636016,2.0960329178981065
homerule_Y,nic,STL-LSTM (full),1,5298118.782787204,9.71823763185501
homerule_Y,nic,STL-LSTM (full),4,1224932.2201831043,6.191063316436775
homerule_Y,nic,STL-LSTM (full),12,26098595.752486467,8.658276007990521
homerule_Y,nic,STL-LSTM (full),13,1861982.8433135748,1.787142402516226
homerule_Y,nic,STL-LSTM (full),20,344699.76600435376,6.981375448109558
homerule_Y,nic,STL-LSTM (full),27,16501743.787774965,65.32678972612031
homerule_Y,nic,STL-LSTM (full),29,2422487.8502913415,4.736298205216525
homerule_Y,nic,STL-LSTM (full),30,6877825.754125908,102.25259690596411
homerule_Y,nic,STL-LSTM (full),31,4698576.754910782,46.734375759039004
homerule_Y,nic,STL-LSTM (full),32,2084274.8433995396,9.632977425927576
homerule_Y,nic,STL-LSTM (full),33,851300.8387563825,4.70456988009699
homerule_Y,nic,STL-LSTM (full),34,11106917.779581279,4.243714542051309
homerule_Y,nic,STL-LSTM (full),35,6855531.836350694,7.047582107763279
homerule_Y,nic,STL-LSTM (full),36,45603.21937131882,1.3272778975505535
homerule_Y,nic,STL-LSTM (full),37,303374.84239034355,2.875876990076061
homerule_Y,nic,STL-LSTM (full),38,215921.7863059342,0.4436112107629083
homerule_Y,nic,STL-LSTM (full),39,1572242.8353989273,4.889561967965507
homerule_Y,nic,STL-LSTM (full),42,9890500.846919492,11.466468758724838
homerule_Y,nic,STL-LSTM (full),44,2557070.760320604,1.843608414515964
homerule_Y,nic,STL-LSTM (full),45,21309000.02441287,2.0488073645305844
homerule_Y,nic,STL-LSTM (full),48,476155.2179171592,0.4748486925902998
homerule_Y,nic,STL-LSTM (full),55,4171803.786354944,14.384851180606963
homerule_Y,nic,STL-LSTM (full),57,1286152.8906401023,20.813086141119697
homerule_Y,nic,STL-LSTM (full),58,8000542.752954483,7.045539178196725
homerule_Y,nic,STL-LSTM (full),59,21918131.75624311,5.031234116759
homerule_Y,nic,STL-LSTM (full),60,21967.75705742836,0.07488637454292887
homerule_Y,nic,STL-LSTM (full),61,803874.889846459,1.2169942564996383
homerule_Y,nic,STL-LSTM (full),62,70432.24920970201,0.03596843883043952
homerule_Y,nic,STL-LSTM (full),73,260467.21747677028,2.5091673419071814
homerule_Y,nic,STL-LSTM (full),74,170004.78455254436,12.231584256970157
homerule_Y,nic,STL-LSTM (full),76,444405.83945700526,58.20959276493187
homerule_Y,nic,STL-LSTM (full),92,369718.7639351636,11.187524068985681
homerule_Y,nic,STL-LSTM (full),99,765524.7481178641,9.727926575225538
homerule_Y,nic,STL-LSTM (full),102,15671773.842721313,26.108137197159138
homerule_Y,nic,STL-LSTM (full),104,332645.25675722957,14.647306521599985
homerule_Y,nic,STL-LSTM (full),112,2979358.7563654184,0.6960187605648144
homerule_Y,nic,STL-LSTM (full),113,10544577.838889256,11.438549672331161
homerule_Y,nic,STL-LSTM (full),114,6522340.028995872,1.4468394628225996
homerule_Y,nic,STL-LSTM (full),116,10355447.778025866,8.752224330282028
homerule_Y,nic,STL-LSTM (full),117,2724478.7605229616,4.364972574350899
homerule_Y,nic,STL-LSTM (full),122,1666121.8437864333,2.1565297555100416
homerule_Y,nic,STL-LSTM (full),125,11469589.844221383,14.437782322363823
homerule_Y,nic,STL-LSTM (full),126,946148.1598827243,51.55648521921523
homerule_Y,nic,STL-LSTM (full),127,21348043.756585628,11.81790365123504
homerule_Y,nic,STL-LSTM (full),128,667138.8433403969,22.00931707953731
homerule_Y,nic,STL-LSTM (full),129,83033.78108584881,5.600989619798215
homerule_Y,nic,STL-LSTM (full),130,3118990.7544795275,4.6920634650169175
homerule_Y,nic,STL-LSTM (full),132,3196129.8381133974,18.230571445633416
homerule_Y,nic,STL-LSTM (full),137,3922887.835492015,10.443426031799346
homerule_Y,nic,STL-LSTM (full),159,831861.2149786651,1.7888288398714087
homerule_Y,nic,STL-LSTM (full),160,1883367.7821974456,3.282222417720511
homerule_Y,nic,STL-LSTM (full),179,4961899.781963855,2.7665021865275152
homerule_Y,nic,STL-LSTM (full),182,2905659.7532295883,3.1170929429790624
homerule_Y,nic,STL-LSTM (full),183,1802352.0308821052,3.2412586801740986
homerule_Y,nic,STL-LSTM (full),184,18972786.75968115,13.873638400307176
homerule_Y,nic,STL-LSTM (full),199,2061402.7485342026,7.447866006838972
homerule_Y,nic,STL-LSTM (full),208,20379517.7924816,8.601430080910825
homerule_Y,nic,STL-LSTM (full),210,260575.97560108826,13.414747865340503
homerule_Y,nic,STL-LSTM (full),220,685823.1132845283,26.786946006740862
homerule_Y,nic,STL-LSTM (full),224,11260125.758913234,9.747126648545509
homerule_Y,nic,STL-LSTM (full),225,10498798.783394739,19.36603127365181
homerule_Y,nic,STL-LSTM (full),229,43124819.846720666,14.887276843814497
homerule_Y,nic,STL-LSTM (full),235,13458712.844383582,21.68103908941487
homerule_Y,nic,STL-LSTM (full),236,1741286.8859349042,2.676388061928997
homerule_Y,nic,STL-LSTM (full),238,3411994.840380758,15.706853452580285
homerule_Y,nic,STL-LSTM (full),239,5268614.764758781,6.939842369752998
homerule_Y,nic,STL-LSTM (full),240,6313279.791744322,29.802769267447736
homerule_Y,nic,STL-LSTM (full),242,1483382.7557667047,4.227142897641723
homerule_Y,nic,STL-LSTM (full),244,7411111.777591944,12.601353436667177
homerule_Y,nic,STL-LSTM (full),247,1853167.7497479022,26.89365365904075
homerule_Y,nic,STL-LSTM (full),260,37595764.79145402,8.277419777154774
homerule_Y,nic,STL-LSTM (full),261,6414768.844782695,4.822763784971349
homerule_Y,nic,STL-LSTM (full),263,74575.03467159346,2.2781642622571785
homerule_Y,nic,STL-LSTM (full),265,4991266.217582181,200.0
homerule_Y,nic,STL-LSTM (full),267,290439.84144708514,7.468646671564678
homerule_Y,nic,STL-LSTM (full),268,1564873.8532942384,1.7067070257533838
homerule_Y,nic,MTL-LSTM (full),1,5298118.896458939,9.71823785049244
homerule_Y,nic,MTL-LSTM (full),4,1224931.874383241,6.19106162279401
homerule_Y,nic,MTL-LSTM (full),12,26098596.072871268,8.658276118880373
homerule_Y,nic,MTL-LSTM (full),13,1861982.8411462605,1.7871424004174363
homerule_Y,nic,MTL-LSTM (full),20,344699.8791429028,6.981377819548179
homerule_Y,nic,MTL-LSTM (full),27,16501743.991332885,65.32679079517663
homerule_Y,nic,MTL-LSTM (full),29,2422488.1461696774,4.736298797398864
homerule_Y,nic,MTL-LSTM (full),30,6877826.083389461,102.25260430383749
homerule_Y,nic,MTL-LSTM (full),31,4698576.975690564,46.7343784681643
homerule_Y,nic,MTL-LSTM (full),32,2084274.9353245348,9.632977830318028
homerule_Y,nic,MTL-LSTM (full),33,851301.0676578432,4.704571174838202
homerule_Y,nic,MTL-LSTM (full),34,11106917.950437754,4.243714608717057
homerule_Y,nic,MTL-LSTM (full),35,6855532.172482282,7.047582465487618
homerule_Y,nic,MTL-LSTM (full),36,45603.05422676355,1.3272731229298558
homerule_Y,nic,MTL-LSTM (full),37,303375.04266942665,2.8758789159451186
homerule_Y,nic,MTL-LSTM (full),38,215922.08760347217,0.4436118311515751
homerule_Y,nic,MTL-LSTM (full),39,1572242.9758977965,4.889562415589131
homerule_Y,nic,MTL-LSTM (full),42,9890501.064883113,11.46646902590668
homerule_Y,nic,MTL-LSTM (full),44,2557070.9322395325,1.8436085396094335
homerule_Y,nic,MTL-LSTM (full),45,21308999.899112105,2.0488073526066413
homerule_Y,nic,MTL-LSTM (full),48,476154.9558083415,0.4748484318212864
homerule_Y,nic,MTL-LSTM (full),55,4171803.8419544995,14.384851386109373
homerule_Y,nic,MTL-LSTM (full),57,1286153.0173454657,20.813088404896988
homerule_Y,nic,MTL-LSTM (full),58,8000543.027954698,7.045539428902131
homerule_Y,nic,MTL-LSTM (full),59,21918132.0994702,5.0312341975276045
homerule_Y,nic,MTL-LSTM (full),60,21967.92101917416,0.0748869336850466
homerule_Y,nic,MTL-LSTM (full),61,803874.9169136509,1.2169942977262773
homerule_Y,nic,MTL-LSTM (full),62,70431.8139116168,0.03596821657178733
homerule_Y,nic,MTL-LSTM (full),73,260466.89608351886,2.509164284662058
homerule_Y,nic,MTL-LSTM (full),74,170005.06095818803,12.231605360180945
homerule_Y,nic,MTL-LSTM (full),76,444406.04755007103,58.2096279545739
homerule_Y,nic,MTL-LSTM (full),92,369718.9679310508,11.187530587103078
homerule_Y,nic,MTL-LSTM (full),99,765524.997397637,9.72792989703229
homerule_Y,nic,MTL-LSTM (full),102,15671774.090134025,26.108137663137697
homerule_Y,nic,MTL-LSTM (full),104,332644.97644528747,14.64729508262875
homerule_Y,nic,MTL-LSTM (full),112,2979358.99977839,0.6960188176272919
homerule_Y,nic,MTL-LSTM (full),113,10544577.959598318,11.438549810762943
homerule_Y,nic,MTL-LSTM (full),114,6522340.014068544,1.4468394594873415
homerule_Y,nic,MTL-LSTM (full),116,10355448.089203417,8.752224604792511
homerule_Y,nic,MTL-LSTM (full),117,2724479.1917164773,4.364973280256749
homerule_Y,nic,MTL-LSTM (full),122,1666122.1066888869,2.1565300994646357
homerule_Y,nic,MTL-LSTM (full),125,11469590.094740719,14.437782660479389
homerule_Y,nic,MTL-LSTM (full),126,946148.070621416,51.556481609120105
homerule_Y,nic,MTL-LSTM (full),127,21348043.95508483,11.817903767613819
homerule_Y,nic,MTL-LSTM (full),128,667139.0387545414,22.009324235821097
homerule_Y,nic,MTL-LSTM (full),129,83034.03522840887,5.60100724290999
homerule_Y,nic,MTL-LSTM (full),130,3118990.8048295677,4.692063542538142
homerule_Y,nic,MTL-LSTM (full),132,3196130.068133734,18.23057287725323
homerule_Y,nic,MTL-LSTM (full),137,3922887.988226697,10.443426459638115
homerule_Y,nic,MTL-LSTM (full),159,831860.9603033066,1.7888282971174858
homerule_Y,nic,MTL-LSTM (full),160,1883367.9967661723,3.282222797794983
homerule_Y,nic,MTL-LSTM (full),179,4961900.009357393,2.7665023150642796
homerule_Y,nic,MTL-LSTM (full),182,2905660.0096495003,3.117093222344849
homerule_Y,nic,MTL-LSTM (full),183,1802352.0485926121,3.241258712539943
homerule_Y,nic,MTL-LSTM (full),184,18972787.0321552,13.87363861337195
homerule_Y,nic,MTL-LSTM (full),199,2061402.9133129492,7.44786662435634
homerule_Y,nic,MTL-LSTM (full),208,20379517.985997707,8.601430166099362
homerule_Y,nic,MTL-LSTM (full),210,260576.02328912914,13.414750155706756
homerule_Y,nic,MTL-LSTM (full),220,685822.914489761,26.786939282137496
homerule_Y,nic,MTL-LSTM (full),224,11260126.060063452,9.747126921935479
homerule_Y,nic,MTL-LSTM (full),225,10498799.11919862,19.3660319530527
homerule_Y,nic,MTL-LSTM (full),229,43124820.04537737,14.88727691749828
homerule_Y,nic,MTL-LSTM (full),235,13458712.889345631,21.68103916969743
homerule_Y,nic,MTL-LSTM (full),236,1741287.0698693246,2.676388348422596
homerule_Y,nic,MTL-LSTM (full),238,3411995.1785925627,15.706855131784591
homerule_Y,nic,MTL-LSTM (full),239,5268615.043398976,6.939842749514598
homerule_Y,nic,MTL-LSTM (full),240,6313280.139047414,29.802771151250802
homerule_Y,nic,MTL-LSTM (full),242,1483382.8998671994,4.227143316958889
homerule_Y,nic,MTL-LSTM (full),244,7411111.986580215,12.601353814406133
homerule_Y,nic,MTL-LSTM (full),247,1853168.1665370166,26.89366052093164
homerule_Y,nic,MTL-LSTM (full),260,37595764.99988687,8.277419824944486
homerule_Y,nic,MTL-LSTM (full),261,6414768.990634888,4.822763897270422
homerule_Y,nic,MTL-LSTM (full),263,74575.03108460084,2.2781641514313313
homerule_Y,nic,MTL-LSTM (full),265,4991265.955757599,200.0
homerule_Y,nic,MTL-LSTM (full),267,290440.21848745644,7.46865672920446
homerule_Y,nic,MTL-LSTM (full),268,1564874.0050150007,1.7067071926374997
homerule_Y,total_assets_GA,ARIMA,1,15151903.013327569,9.64035737359926
homerule_Y,total_assets_GA,ARIMA,4,6660595.106561109,11.094711045741802
homerule_Y,total_assets_GA,ARIMA,12,25657813.45430863,4.772501770795932
homerule_Y,total_assets_GA,ARIMA,13,21419907.45494932,11.144507248517547
homerule_Y,total_assets_GA,ARIMA,20,510205.0,1.5038562023372413
homerule_Y,total_assets_GA,ARIMA,27,11356203.155453712,5.3517279327714276
homerule_Y,total_assets_GA,ARIMA,29,11784429.0,10.093952181256935
homerule_Y,total_assets_GA,ARIMA,30,2418679.7251950204,1.9870548685394767
homerule_Y,total_assets_GA,ARIMA,31,20421157.262060985,18.946914100350504
homerule_Y,total_assets_GA,ARIMA,32,6247537.605283827,8.131197922032861
homerule_Y,total_assets_GA,ARIMA,33,1691974.0127328932,2.28112933987393
homerule_Y,total_assets_GA,ARIMA,34,26842452.06206721,5.512651871063514
homerule_Y,total_assets_GA,ARIMA,35,9211604.049446285,2.1370542248328794
homerule_Y,total_assets_GA,ARIMA,36,272365.3283085581,3.8796867899272587
homerule_Y,total_assets_GA,ARIMA,37,26793516.29218979,39.67235784441841
homerule_Y,total_assets_GA,ARIMA,38,2997292.1953492463,3.2118598813310153
homerule_Y,total_assets_GA,ARIMA,39,2678609.747721806,3.9195930913181924
homerule_Y,total_assets_GA,ARIMA,42,3353509.329947144,1.9568985658007114
homerule_Y,total_assets_GA,ARIMA,44,8210060.929805845,3.7996974803619
homerule_Y,total_assets_GA,ARIMA,45,1095155389.758213,4.926137338982642
homerule_Y,total_assets_GA,ARIMA,48,1954785.1937616467,1.0599669395437337
homerule_Y,total_assets_GA,ARIMA,55,793646.0568435192,2.025102767922348
homerule_Y,total_assets_GA,ARIMA,57,1904322.839453496,4.952564762766686
homerule_Y,total_assets_GA,ARIMA,58,17420906.638804585,7.683872010233224
homerule_Y,total_assets_GA,ARIMA,59,2673697.3320053816,0.36365108738227814
homerule_Y,total_assets_GA,ARIMA,60,2802893.9603475034,5.25345172953424
homerule_Y,total_assets_GA,ARIMA,61,159776.6587279886,0.15366902394644813
homerule_Y,total_assets_GA,ARIMA,62,66898531.843177736,20.000699967767822
homerule_Y,total_assets_GA,ARIMA,73,590759.2938995771,2.524342171112761
homerule_Y,total_assets_GA,ARIMA,74,82359.5701412214,1.8041492145769764
homerule_Y,total_assets_GA,ARIMA,76,320638.6016554511,7.668720215240923
homerule_Y,total_assets_GA,ARIMA,92,1716177.69833324,24.238076516489716
homerule_Y,total_assets_GA,ARIMA,99,708473.7474635597,6.0493272815491315
homerule_Y,total_assets_GA,ARIMA,102,1148384107.8579423,200.0
homerule_Y,total_assets_GA,ARIMA,104,499339.55461174436,4.009921489031803
homerule_Y,total_assets_GA,ARIMA,112,76304337.15208042,7.371751791132635
homerule_Y,total_assets_GA,ARIMA,113,12730562.250739753,7.580278126069342
homerule_Y,total_assets_GA,ARIMA,114,12044487.638480544,1.4307690647425717
homerule_Y,total_assets_GA,ARIMA,116,11238421.0,3.90962850619952
homerule_Y,total_assets_GA,ARIMA,117,19764259.04945472,12.40167421184813
homerule_Y,total_assets_GA,ARIMA,122,1196825.0,0.7329554272125778
homerule_Y,total_assets_GA,ARIMA,125,13715146.40832305,6.482479876218796
homerule_Y,total_assets_GA,ARIMA,126,4529810.621170491,15.24606520236771
homerule_Y,total_assets_GA,ARIMA,127,27277737.679518282,7.6080606488495475
homerule_Y,total_assets_GA,ARIMA,128,4580418.66090589,7.211070942997785
homerule_Y,total_assets_GA,ARIMA,129,1112867.7165010506,23.351992319150032
homerule_Y,total_assets_GA,ARIMA,130,55534487.38525939,18.069072194901917
homerule_Y,total_assets_GA,ARIMA,132,3081257.250560291,6.730115535971421
homerule_Y,total_assets_GA,ARIMA,137,17966028.50136158,20.95578579841668
homerule_Y,total_assets_GA,ARIMA,159,11525973.729369149,13.082925735777412
homerule_Y,total_assets_GA,ARIMA,160,73494915.46851291,46.20968183056271
homerule_Y,total_assets_GA,ARIMA,179,9038320.779800534,3.2061910708333863
homerule_Y,total_assets_GA,ARIMA,182,1773702.6511941701,1.346877274293499
homerule_Y,total_assets_GA,ARIMA,183,70296639.61804861,43.80292607669315
homerule_Y,total_assets_GA,ARIMA,184,7404189.0,2.0236868217954935
homerule_Y,total_assets_GA,ARIMA,199,3585378.0,5.0397615647100835
homerule_Y,total_assets_GA,ARIMA,208,144194867.33294743,28.223320932046548
homerule_Y,total_assets_GA,ARIMA,210,765481.733481992,9.15709141453031
homerule_Y,total_assets_GA,ARIMA,220,801023.5916098077,4.816202827330609
homerule_Y,total_assets_GA,ARIMA,224,13235362.375481278,6.283111882854767
homerule_Y,total_assets_GA,ARIMA,225,2459913.0,1.3698770310617487
homerule_Y,total_assets_GA,ARIMA,229,111539282.02903152,16.168049197183365
homerule_Y,total_assets_GA,ARIMA,235,26020325.88306701,16.37510536212665
homerule_Y,total_assets_GA,ARIMA,236,9555644.656727314,7.81627622745549
homerule_Y,total_assets_GA,ARIMA,238,14879667.745414354,48.118432468776625
homerule_Y,total_assets_GA,ARIMA,239,28122591.663132787,13.722275008923837
homerule_Y,total_assets_GA,ARIMA,240,84625071.29062787,200.0
homerule_Y,total_assets_GA,ARIMA,242,14059044.032943383,17.913801838236605
homerule_Y,total_assets_GA,ARIMA,244,21174128.32053393,14.633263196802151
homerule_Y,total_assets_GA,ARIMA,247,632817.5259570256,1.708139886921374
homerule_Y,total_assets_GA,ARIMA,260,17259808.26782906,1.9037905714607566
homerule_Y,total_assets_GA,ARIMA,261,4623687.454377323,2.5020257537929806
homerule_Y,total_assets_GA,ARIMA,263,1022374.5896694623,9.487372745241949
homerule_Y,total_assets_GA,ARIMA,265,11720625.67380165,45.43062327141122
homerule_Y,total_assets_GA,ARIMA,267,534685.1243587285,5.025315271489824
homerule_Y,total_assets_GA,ARIMA,268,13959774.91899237,7.9310698031523925
homerule_Y,total_assets_GA,STL-LSTM (full),1,15151923.7625857,9.640371211603197
homerule_Y,total_assets_GA,STL-LSTM (full),4,6660600.640755683,11.09472077556083
homerule_Y,total_assets_GA,STL-LSTM (full),12,23109780.924566686,4.2883905883856075
homerule_Y,total_assets_GA,STL-LSTM (full),13,7246074.63438338,3.6359742465866485
homerule_Y,total_assets_GA,STL-LSTM (full),20,510205.07359375805,1.5038564176276386
homerule_Y,total_assets_GA,STL-LSTM (full),27,2300116.9360479414,1.1199934504602436
homerule_Y,total_assets_GA,STL-LSTM (full),29,11784428.810518011,10.093952010764864
homerule_Y,total_assets_GA,STL-LSTM (full),30,2418661.228209451,1.987039823405008
homerule_Y,total_assets_GA,STL-LSTM (full),31,6427629.632296681,5.6000693985121925
homerule_Y,total_assets_GA,STL-LSTM (full),32,3123373.7627491057,4.329078118456178
homerule_Y,total_assets_GA,STL-LSTM (full),33,1691977.7601547241,2.2811344497949717
homerule_Y,total_assets_GA,STL-LSTM (full),34,26842486.763264596,5.512659194103824
homerule_Y,total_assets_GA,STL-LSTM (full),35,9211586.929618001,2.137050210664253
homerule_Y,total_assets_GA,STL-LSTM (full),36,272365.23173317313,3.879685440952332
homerule_Y,total_assets_GA,STL-LSTM (full),37,31666243.92794723,48.64199602385279
homerule_Y,total_assets_GA,STL-LSTM (full),38,2997293.228688568,3.211860970861502
homerule_Y,total_assets_GA,STL-LSTM (full),39,2678616.6395485997,3.9196033737271962
homerule_Y,total_assets_GA,STL-LSTM (full),42,9572271.641045868,5.689003379277554
homerule_Y,total_assets_GA,STL-LSTM (full),44,8210060.92695868,3.7996974790191693
homerule_Y,total_assets_GA,STL-LSTM (full),45,1095151000.3655624,4.926118081286332
homerule_Y,total_assets_GA,STL-LSTM (full),48,1954798.7703065872,1.059974340335207
homerule_Y,total_assets_GA,STL-LSTM (full),55,793646.9254077077,2.02510500663044
homerule_Y,total_assets_GA,STL-LSTM (full),57,1559628.767964989,4.038020966796855
homerule_Y,total_assets_GA,STL-LSTM (full),58,3927551.7680757046,1.6822720918969871
homerule_Y,total_assets_GA,STL-LSTM (full),59,2673736.6332933903,0.36365644249213225
homerule_Y,total_assets_GA,STL-LSTM (full),60,2802895.7738003284,5.2534552177619025
homerule_Y,total_assets_GA,STL-LSTM (full),61,159783.7677539885,0.15367586647589765
homerule_Y,total_assets_GA,STL-LSTM (full),62,343721.1911472678,0.11411591725632084
homerule_Y,total_assets_GA,STL-LSTM (full),73,1118442.7641827762,4.960296013038019
homerule_Y,total_assets_GA,STL-LSTM (full),74,331139.63767775893,7.597979466414781
homerule_Y,total_assets_GA,STL-LSTM (full),76,320638.76570627093,7.668724289293147
homerule_Y,total_assets_GA,STL-LSTM (full),92,262466.62966549397,4.308961484341308
homerule_Y,total_assets_GA,STL-LSTM (full),99,708475.7667745054,6.049345045017273
homerule_Y,total_assets_GA,STL-LSTM (full),102,13181758.759823889,13.86468333959262
homerule_Y,total_assets_GA,STL-LSTM (full),104,1047038.6403167844,8.96482270999764
homerule_Y,total_assets_GA,STL-LSTM (full),112,76304450.63524854,7.371763158831385
homerule_Y,total_assets_GA,STL-LSTM (full),113,12730573.644771576,7.580285167665145
homerule_Y,total_assets_GA,STL-LSTM (full),114,12044484.923760772,1.4307687399530333
homerule_Y,total_assets_GA,STL-LSTM (full),116,11238420.932048917,3.9096284820985616
homerule_Y,total_assets_GA,STL-LSTM (full),117,4688859.761562973,3.1866415780269173
homerule_Y,total_assets_GA,STL-LSTM (full),122,1196824.6405481696,0.7329552062715883
homerule_Y,total_assets_GA,STL-LSTM (full),125,13715146.920890093,6.482480126336608
homerule_Y,total_assets_GA,STL-LSTM (full),126,1781171.6405278146,6.707266238511567
homerule_Y,total_assets_GA,STL-LSTM (full),127,27277755.637220204,7.6080658479786605
homerule_Y,total_assets_GA,STL-LSTM (full),128,5041687.922537692,7.966183746981087
homerule_Y,total_assets_GA,STL-LSTM (full),129,1112867.767701432,23.35199351896266
homerule_Y,total_assets_GA,STL-LSTM (full),130,55534506.777344525,18.069079074478168
homerule_Y,total_assets_GA,STL-LSTM (full),132,5771382.6348106265,13.955097690824692
homerule_Y,total_assets_GA,STL-LSTM (full),137,3657489.6409688294,4.881777863522238
homerule_Y,total_assets_GA,STL-LSTM (full),159,15949306.929382801,18.56995625167833
homerule_Y,total_assets_GA,STL-LSTM (full),160,65817402.76808052,40.40720114160093
homerule_Y,total_assets_GA,STL-LSTM (full),179,11106669.63735336,3.954409746871794
homerule_Y,total_assets_GA,STL-LSTM (full),182,3057395.9201878905,2.3330324738857775
homerule_Y,total_assets_GA,STL-LSTM (full),183,6847711.073762938,5.318221206106189
homerule_Y,total_assets_GA,STL-LSTM (full),184,7404188.632754087,2.023686720405505
homerule_Y,total_assets_GA,STL-LSTM (full),199,3585377.63008672,5.039761031641541
homerule_Y,total_assets_GA,STL-LSTM (full),208,19480251.92550409,3.3981286256162972
homerule_Y,total_assets_GA,STL-LSTM (full),210,765480.2373665273,9.157074336652567
homerule_Y,total_assets_GA,STL-LSTM (full),220,801022.9198455587,4.816198691043712
homerule_Y,total_assets_GA,STL-LSTM (full),224,1297290.9256602526,0.6378546538774444
homerule_Y,total_assets_GA,STL-LSTM (full),225,2459913.074745804,1.369877072401111
homerule_Y,total_assets_GA,STL-LSTM (full),229,31585449.640221238,5.108332397174633
homerule_Y,total_assets_GA,STL-LSTM (full),235,6483123.643680096,3.843665664233247
homerule_Y,total_assets_GA,STL-LSTM (full),236,6096723.766577885,4.917401939754728
homerule_Y,total_assets_GA,STL-LSTM (full),238,8587248.92638503,25.205299807668307
homerule_Y,total_assets_GA,STL-LSTM (full),239,23194196.76273924,11.183026008389813
homerule_Y,total_assets_GA,STL-LSTM (full),240,4405605.806504309,5.432708377341301
homerule_Y,total_assets_GA,STL-LSTM (full),242,14858926.760983989,19.02997571273338
homerule_Y,total_assets_GA,STL-LSTM (full),244,2035136.6265711188,1.5290974672441866
homerule_Y,total_assets_GA,STL-LSTM (full),247,632818.9201468974,1.7081436823453433
homerule_Y,total_assets_GA,STL-LSTM (full),260,17259980.75996089,1.9038097787913961
homerule_Y,total_assets_GA,STL-LSTM (full),261,4623693.62947157,2.502029137137942
homerule_Y,total_assets_GA,STL-LSTM (full),263,665424.763568759,6.699629844107004
homerule_Y,total_assets_GA,STL-LSTM (full),265,8115982.768711135,29.404375659040145
homerule_Y,total_assets_GA,STL-LSTM (full),267,1142653.9337897524,11.055250910519367
homerule_Y,total_assets_GA,STL-LSTM (full),268,10350250.766842902,6.316568598809755
homerule_Y,total_assets_GA,MTL-LSTM (full),1,15151923.647693783,9.640371134979981
homerule_Y,total_assets_GA,MTL-LSTM (full),4,6660600.735544533,11.094720942211712
homerule_Y,total_assets_GA,MTL-LSTM (full),12,23109780.596068263,4.288390526120393
homerule_Y,total_assets_GA,MTL-LSTM (full),13,7246074.694191635,3.6359742771431494
homerule_Y,total_assets_GA,MTL-LSTM (full),20,510205.12375319004,1.5038565643635078
homerule_Y,total_assets_GA,MTL-LSTM (full),27,2300116.7529220283,1.119993360791596
homerule_Y,total_assets_GA,MTL-LSTM (full),29,11784428.585202754,10.09395180803074
homerule_Y,total_assets_GA,MTL-LSTM (full),30,2418660.900367826,1.9870395567441677
homerule_Y,total_assets_GA,MTL-LSTM (full),31,6427629.848250374,5.600069591930003
homerule_Y,total_assets_GA,MTL-LSTM (full),32,3123373.9683606476,4.329078409607748
homerule_Y,total_assets_GA,MTL-LSTM (full),33,1691977.577529341,2.281134200770081
homerule_Y,total_assets_GA,MTL-LSTM (full),34,26842486.70543313,5.512659181899571
homerule_Y,total_assets_GA,MTL-LSTM (full),35,9211586.897258699,2.137050203076812
homerule_Y,total_assets_GA,MTL-LSTM (full),36,272365.1425412148,3.879684195109852
homerule_Y,total_assets_GA,MTL-LSTM (full),37,31666243.67770666,48.64199554597479
homerule_Y,total_assets_GA,MTL-LSTM (full),38,2997293.293649733,3.21186103935514
homerule_Y,total_assets_GA,MTL-LSTM (full),39,2678616.534159273,3.919603216489319
homerule_Y,total_assets_GA,MTL-LSTM (full),42,9572271.84062633,5.689003501266444
homerule_Y,total_assets_GA,MTL-LSTM (full),44,8210060.524165094,3.7996972890606715
homerule_Y,total_assets_GA,MTL-LSTM (full),45,1095150999.9326477,4.926118079386994
homerule_Y,total_assets_GA,MTL-LSTM (full),48,1954798.6827708483,1.0599742926180762
homerule_Y,total_assets_GA,MTL-LSTM (full),55,793646.9585493281,2.0251050920523532
homerule_Y,total_assets_GA,MTL-LSTM (full),57,1559628.9644479305,4.038021485780046
homerule_Y,total_assets_GA,MTL-LSTM (full),58,3927551.823607832,1.6822721158829064
homerule_Y,total_assets_GA,MTL-LSTM (full),59,2673736.791382432,0.3636564640330091
homerule_Y,total_assets_GA,MTL-LSTM (full),60,2802895.725264132,5.2534551244011585
homerule_Y,total_assets_GA,MTL-LSTM (full),61,159783.6827738881,0.1536757846814494
homerule_Y,total_assets_GA,MTL-LSTM (full),62,343721.18752360344,0.11411591605394564
homerule_Y,total_assets_GA,MTL-LSTM (full),73,1118442.5846691728,4.960295197149284
homerule_Y,total_assets_GA,MTL-LSTM (full),74,331139.83655920625,7.59798420309815
homerule_Y,total_assets_GA,MTL-LSTM (full),76,320638.9627297111,7.668729182190484
homerule_Y,total_assets_GA,MTL-LSTM (full),92,262466.87489447,4.308965597047942
homerule_Y,total_assets_GA,MTL-LSTM (full),99,708476.1792535484,6.049348673511991
homerule_Y,total_assets_GA,MTL-LSTM (full),102,13181758.77268374,13.864683354056393
homerule_Y,total_assets_GA,MTL-LSTM (full),104,1047038.9741935283,8.96482569681288
homerule_Y,total_assets_GA,MTL-LSTM (full),112,76304451.00255764,7.37176319562503
homerule_Y,total_assets_GA,MTL-LSTM (full),113,12730573.79913956,7.580285263065702
homerule_Y,total_assets_GA,MTL-LSTM (full),114,12044484.648980498,1.4307687070782744
homerule_Y,total_assets_GA,MTL-LSTM (full),116,11238420.97622335,3.909628497766394
homerule_Y,total_assets_GA,MTL-LSTM (full),117,4688859.9612900615,3.1866417159281353
homerule_Y,total_assets_GA,MTL-LSTM (full),122,1196824.8286759853,0.7329553219064028
homerule_Y,total_assets_GA,MTL-LSTM (full),125,13715146.542099237,6.482479941497685
homerule_Y,total_assets_GA,MTL-LSTM (full),126,1781171.790585488,6.707266822526203
homerule_Y,total_assets_GA,MTL-LSTM (full),127,27277755.80449426,7.6080658964079895
homerule_Y,total_assets_GA,MTL-LSTM (full),128,5041687.865412101,7.966183653123846
homerule_Y,total_assets_GA,MTL-LSTM (full),129,1112867.8240913898,23.351994840386105
homerule_Y,total_assets_GA,MTL-LSTM (full),130,55534507.07141882,18.069079178804575
homerule_Y,total_assets_GA,MTL-LSTM (full),132,5771382.985848904,13.955098598854557
homerule_Y,total_assets_GA,MTL-LSTM (full),137,3657489.703255564,4.88177794868776
homerule_Y,total_assets_GA,MTL-LSTM (full),159,15949307.05432026,18.569956410650907
homerule_Y,total_assets_GA,MTL-LSTM (full),160,65817402.88869645,40.40720123061121
homerule_Y,total_assets_GA,MTL-LSTM (full),179,11106669.572259605,3.95440972323763
homerule_Y,total_assets_GA,MTL-LSTM (full),182,3057395.8767226636,2.3330324403315035
homerule_Y,total_assets_GA,MTL-LSTM (full),183,6847711.160160422,5.318221271421857
homerule_Y,total_assets_GA,MTL-LSTM (full),184,7404188.70703876,2.0236867409141666
homerule_Y,total_assets_GA,MTL-LSTM (full),199,3585377.558961451,5.039760929145508
homerule_Y,total_assets_GA,MTL-LSTM (full),208,19480251.576253653,3.398128563658045
homerule_Y,total_assets_GA,MTL-LSTM (full),210,765480.1620388925,9.157073476801646
homerule_Y,total_assets_GA,MTL-LSTM (full),220,801022.8448535949,4.816198229292032
homerule_Y,total_assets_GA,MTL-LSTM (full),224,1297290.7886118293,0.6378545862782888
homerule_Y,total_assets_GA,MTL-LSTM (full),225,2459913.2533493936,1.3698771711806814
homerule_Y,total_assets_GA,MTL-LSTM (full),229,31585449.700884104,5.108332407236262
homerule_Y,total_assets_GA,MTL-LSTM (full),235,6483123.9302556515,3.843665837401258
homerule_Y,total_assets_GA,MTL-LSTM (full),236,6096723.94757776,4.917402089332241
homerule_Y,total_assets_GA,MTL-LSTM (full),238,8587248.796054408,25.205299376910762
homerule_Y,total_assets_GA,MTL-LSTM (full),239,23194196.965369135,11.183026111550097
homerule_Y,total_assets_GA,MTL-LSTM (full),240,4405605.81137611,5.432708383512078
homerule_Y,total_assets_GA,MTL-LSTM (full),242,14858926.900983006,19.02997590909171
homerule_Y,total_assets_GA,MTL-LSTM (full),244,2035136.7518148422,1.529097562065362
homerule_Y,total_assets_GA,MTL-LSTM (full),247,632818.8095572889,1.7081433812855904
homerule_Y,total_assets_GA,MTL-LSTM (full),260,17259980.975895524,1.9038098028361348
homerule_Y,total_assets_GA,MTL-LSTM (full),261,4623693.854520768,2.5020292604427943
homerule_Y,total_assets_GA,MTL-LSTM (full),263,665424.7806921005,6.699630022283359
homerule_Y,total_assets_GA,MTL-LSTM (full),265,8115982.7911904305,29.404375752457
homerule_Y,total_assets_GA,MTL-LSTM (full),267,1142653.565703094,11.055247152403904
homerule_Y,total_assets_GA,MTL-LSTM (full),268,10350250.72435546,6.3165685720615246
homerule_Y,total_liabilities_GA,ARIMA,1,1099228576.9483337,160.60760018783554
homerule_Y,total_liabilities_GA,ARIMA,4,204962.0,0.4505712390012206
homerule_Y,total_liabilities_GA,ARIMA,12,87748858.94645774,45.393519172546185
homerule_Y,total_liabilities_GA,ARIMA,13,4058943.258315809,7.954128296021704
homerule_Y,total_liabilities_GA,ARIMA,20,2251189.7427346483,8.058812604754864
homerule_Y,total_liabilities_GA,ARIMA,27,11276456.696783781,3.044245691771856
homerule_Y,total_liabilities_GA,ARIMA,29,106879.06444617361,0.18940041547989503
homerule_Y,total_liabilities_GA,ARIMA,30,13179977.91754061,4.988777093300338
homerule_Y,total_liabilities_GA,ARIMA,31,49394642.103390336,18.851014244255214
homerule_Y,total_liabilities_GA,ARIMA,32,3383314.5977092236,3.0725494968459826
homerule_Y,total_liabilities_GA,ARIMA,33,4031220.813796684,8.209637707216704
homerule_Y,total_liabilities_GA,ARIMA,34,2039532.0,0.8386114174641148
homerule_Y,total_liabilities_GA,ARIMA,35,4295398515.104618,165.64311664861387
homerule_Y,total_liabilities_GA,ARIMA,36,67111.07580213144,17.891394757726793
homerule_Y,total_liabilities_GA,ARIMA,37,8582681.272181652,18.200005314974504
homerule_Y,total_liabilities_GA,ARIMA,38,5319618.141308591,18.335869787895323
homerule_Y,total_liabilities_GA,ARIMA,39,4410218.433163792,7.17506686167982
homerule_Y,total_liabilities_GA,ARIMA,42,3308173.872131869,5.070689211266729
homerule_Y,total_liabilities_GA,ARIMA,44,2882847.0,2.65790223525906
homerule_Y,total_liabilities_GA,ARIMA,45,489531905.28943634,0.8998790779500129
homerule_Y,total_liabilities_GA,ARIMA,48,11052670.655519038,7.1629131986833805
homerule_Y,total_liabilities_GA,ARIMA,55,131234.3754588822,23.25930204800663
homerule_Y,total_liabilities_GA,ARIMA,57,882914.2494124211,2.663228002039428
homerule_Y,total_liabilities_GA,ARIMA,58,463217.0563031733,0.35013220303482395
homerule_Y,total_liabilities_GA,ARIMA,59,3790890.0,1.373213971748782
homerule_Y,total_liabilities_GA,ARIMA,60,1931848.0,10.20647603252149
homerule_Y,total_liabilities_GA,ARIMA,61,6621908.6556039825,19.630302500424172
homerule_Y,total_liabilities_GA,ARIMA,62,10413401.0,11.102722106597755
homerule_Y,total_liabilities_GA,ARIMA,73,879244.0,20.990575722243072
homerule_Y,total_liabilities_GA,ARIMA,74,71618.0,14.899247319433636
homerule_Y,total_liabilities_GA,ARIMA,76,281811.04685129714,61.054686554269665
homerule_Y,total_liabilities_GA,ARIMA,92,35523.46394679588,19.800850047012013
homerule_Y,total_liabilities_GA,ARIMA,99,401.0,200.0
homerule_Y,total_liabilities_GA,ARIMA,102,6080659.287921637,7.363474685906161
homerule_Y,total_liabilities_GA,ARIMA,104,18546.349465544365,10.17893870002283
homerule_Y,total_liabilities_GA,ARIMA,112,213090036.12271,20.953525108836153
homerule_Y,total_liabilities_GA,ARIMA,113,2976310.781430483,4.439549066005052
homerule_Y,total_liabilities_GA,ARIMA,114,171273.0,0.05618701691754163
homerule_Y,total_liabilities_GA,ARIMA,116,13515947.864176005,7.821137934410811
homerule_Y,total_liabilities_GA,ARIMA,117,2583244.9674898684,1.491139976061468
homerule_Y,total_liabilities_GA,ARIMA,122,47746266.56207818,39.00051232503696
homerule_Y,total_liabilities_GA,ARIMA,125,617003.0,0.4542720342428447
homerule_Y,total_liabilities_GA,ARIMA,126,237660.33534410968,1.7290948314345949
homerule_Y,total_liabilities_GA,ARIMA,127,7991628.383364916,7.000662290598894
homerule_Y,total_liabilities_GA,ARIMA,128,282969.0,0.2646270866582799
homerule_Y,total_liabilities_GA,ARIMA,129,457378.4146760951,158.33298821673642
homerule_Y,total_liabilities_GA,ARIMA,130,13757687.156180978,3.246545636276663
homerule_Y,total_liabilities_GA,ARIMA,132,360686.5432501137,2.0201185363584035
homerule_Y,total_liabilities_GA,ARIMA,137,1085009.503652215,2.92196551734904
homerule_Y,total_liabilities_GA,ARIMA,159,5576930.960507557,5.414317853524132
homerule_Y,total_liabilities_GA,ARIMA,160,52323867.841212094,37.24485750445005
homerule_Y,total_liabilities_GA,ARIMA,179,100409.38095723093,0.11860657124870176
homerule_Y,total_liabilities_GA,ARIMA,182,5002196.163601615,13.227269405223542
homerule_Y,total_liabilities_GA,ARIMA,183,63497457.0,200.0
homerule_Y,total_liabilities_GA,ARIMA,184,18553881.302583694,6.85912398123419
homerule_Y,total_liabilities_GA,ARIMA,199,884360.306991592,1.9675463183873814
homerule_Y,total_liabilities_GA,ARIMA,208,24299303.91797471,2.664229544980255
homerule_Y,total_liabilities_GA,ARIMA,210,756811.2314421851,8.620354720024066
homerule_Y,total_liabilities_GA,ARIMA,220,4670607.284464644,179.454362170053
homerule_Y,total_liabilities_GA,ARIMA,224,20416916.005521476,10.738386532206503
homerule_Y,total_liabilities_GA,ARIMA,225,20971340.14329037,9.688233416432405
homerule_Y,total_liabilities_GA,ARIMA,229,84916336.9067787,11.933648733938824
homerule_Y,total_liabilities_GA,ARIMA,235,1418036.772662431,0.941109239725323
homerule_Y,total_liabilities_GA,ARIMA,236,4451437.714131989,9.970339037891703
homerule_Y,total_liabilities_GA,ARIMA,238,2600696.0937281474,28.056118220099886
homerule_Y,total_liabilities_GA,ARIMA,239,5227982.569829285,10.864120879878595
homerule_Y,total_liabilities_GA,ARIMA,240,46852638.84358607,49.4045256585919
homerule_Y,total_liabilities_GA,ARIMA,242,7667859.0,38.533638442141985
homerule_Y,total_liabilities_GA,ARIMA,244,15253925.562660366,10.784171212810465
homerule_Y,total_liabilities_GA,ARIMA,247,6780778.66528035,21.785906313211985
homerule_Y,total_liabilities_GA,ARIMA,260,356019698.1960466,29.49180129814498
homerule_Y,total_liabilities_GA,ARIMA,261,383444.0227460824,1.2841516061305984
homerule_Y,total_liabilities_GA,ARIMA,263,32545.98520623194,5.798994295647424
homerule_Y,total_liabilities_GA,ARIMA,265,4320171.679967605,10.984875374523027
homerule_Y,total_liabilities_GA,ARIMA,267,587673.5698462023,114.0319301889637
homerule_Y,total_liabilities_GA,ARIMA,268,10351241.729120255,11.94501271108294
homerule_Y,total_liabilities_GA,STL-LSTM (full),1,6978935.27057296,5.046449851781339
homerule_Y,total_liabilities_GA,STL-LSTM (full),4,204961.74133703113,0.4505706690972598
homerule_Y,total_liabilities_GA,STL-LSTM (full),12,29329265.518491924,17.87310292357729
homerule_Y,total_liabilities_GA,STL-LSTM (full),13,8599186.252025396,14.99201134900416
homerule_Y,total_liabilities_GA,STL-LSTM (full),20,1652250.2679173946,5.528466841740162
homerule_Y,total_liabilities_GA,STL-LSTM (full),27,11276470.52010119,3.0442493667773607
homerule_Y,total_liabilities_GA,STL-LSTM (full),29,106880.4858391881,0.18940293671618225
homerule_Y,total_liabilities_GA,STL-LSTM (full),30,32855514.549987793,11.439531880353131
homerule_Y,total_liabilities_GA,STL-LSTM (full),31,8377692.200896829,3.4687656023226014
homerule_Y,total_liabilities_GA,STL-LSTM (full),32,3383303.265930116,3.072539364012856
homerule_Y,total_liabilities_GA,STL-LSTM (full),33,4161992.249470949,7.823275596021741
homerule_Y,total_liabilities_GA,STL-LSTM (full),34,2039531.4871116877,0.8386112056912735
homerule_Y,total_liabilities_GA,STL-LSTM (full),35,3372792.481804967,0.7600164880400928
homerule_Y,total_liabilities_GA,STL-LSTM (full),36,67111.27953612804,17.8914442131425
homerule_Y,total_liabilities_GA,STL-LSTM (full),37,8503446.556461453,18.047145647204722
homerule_Y,total_liabilities_GA,STL-LSTM (full),38,5319623.512754083,18.335886605005857
homerule_Y,total_liabilities_GA,STL-LSTM (full),39,4410220.25583294,7.1750697206319405
homerule_Y,total_liabilities_GA,STL-LSTM (full),42,3308182.514945209,5.070702122892263
homerule_Y,total_liabilities_GA,STL-LSTM (full),44,2882847.2421248704,2.657902455524599
homerule_Y,total_liabilities_GA,STL-LSTM (full),45,489530000.19535065,0.8998755916792247
homerule_Y,total_liabilities_GA,STL-LSTM (full),48,8573721.255118757,5.224141557911948
homerule_Y,total_liabilities_GA,STL-LSTM (full),55,131234.25879001617,23.259283774972673
homerule_Y,total_liabilities_GA,STL-LSTM (full),57,882912.7503867149,2.663223420157925
homerule_Y,total_liabilities_GA,STL-LSTM (full),58,16444034.51970023,11.683035734371073
homerule_Y,total_liabilities_GA,STL-LSTM (full),59,3790890.51453197,1.3732141568533833
homerule_Y,total_liabilities_GA,STL-LSTM (full),60,1931848.255775243,10.206477314889764
homerule_Y,total_liabilities_GA,STL-LSTM (full),61,1109672.7371360958,3.715342749637646
homerule_Y,total_liabilities_GA,STL-LSTM (full),62,10413401.55143702,11.10272266189881
homerule_Y,total_liabilities_GA,STL-LSTM (full),73,879244.2491459846,20.990581045957075
homerule_Y,total_liabilities_GA,STL-LSTM (full),74,71617.73415371776,14.899187893295194
homerule_Y,total_liabilities_GA,STL-LSTM (full),76,238282.26864388585,54.178809311779155
homerule_Y,total_liabilities_GA,STL-LSTM (full),92,73401.25129288435,37.00730039932342
homerule_Y,total_liabilities_GA,STL-LSTM (full),99,373621.554746449,199.5716081481342
homerule_Y,total_liabilities_GA,STL-LSTM (full),102,6080660.263362139,7.363475823642294
homerule_Y,total_liabilities_GA,STL-LSTM (full),104,65536.49050962925,46.75775544389755
homerule_Y,total_liabilities_GA,STL-LSTM (full),112,57692989.72697997,6.544319274863741
homerule_Y,total_liabilities_GA,STL-LSTM (full),113,2976314.2504084706,4.439554125569704
homerule_Y,total_liabilities_GA,STL-LSTM (full),114,171272.47895652056,0.05618684593844164
homerule_Y,total_liabilities_GA,STL-LSTM (full),116,13515948.25371641,7.8211381510073785
homerule_Y,total_liabilities_GA,STL-LSTM (full),117,2583249.729288459,1.4911427452326784
homerule_Y,total_liabilities_GA,STL-LSTM (full),122,4456841.555748284,4.422347081442327
homerule_Y,total_liabilities_GA,STL-LSTM (full),125,617002.4819899797,0.454271651988697
homerule_Y,total_liabilities_GA,STL-LSTM (full),126,237661.50896561146,1.7291032962821196
homerule_Y,total_liabilities_GA,STL-LSTM (full),127,7991621.26486057,7.00065627306648
homerule_Y,total_liabilities_GA,STL-LSTM (full),128,282969.55229508877,0.2646276024704739
homerule_Y,total_liabilities_GA,STL-LSTM (full),129,56671.48155015707,64.02273832785447
homerule_Y,total_liabilities_GA,STL-LSTM (full),130,13757677.275878012,3.2465433425655457
homerule_Y,total_liabilities_GA,STL-LSTM (full),132,1267772.2750626802,6.790806112904756
homerule_Y,total_liabilities_GA,STL-LSTM (full),137,1085002.265108645,2.921946308514926
homerule_Y,total_liabilities_GA,STL-LSTM (full),159,15704442.487102926,17.00301295695502
homerule_Y,total_liabilities_GA,STL-LSTM (full),160,52323878.27026808,37.24486354555226
homerule_Y,total_liabilities_GA,STL-LSTM (full),179,100410.74079075456,0.11860817847741767
homerule_Y,total_liabilities_GA,STL-LSTM (full),182,5002192.267856002,13.227259785035402
homerule_Y,total_liabilities_GA,STL-LSTM (full),183,2941404.259868145,4.527455139963929
homerule_Y,total_liabilities_GA,STL-LSTM (full),184,18553846.25477183,6.859111468880352
homerule_Y,total_liabilities_GA,STL-LSTM (full),199,884356.2594012618,1.967537401800095
homerule_Y,total_liabilities_GA,STL-LSTM (full),208,107628081.79910326,12.36545731204482
homerule_Y,total_liabilities_GA,STL-LSTM (full),210,756808.4800841212,8.620322030296764
homerule_Y,total_liabilities_GA,STL-LSTM (full),220,1820792.7474976778,45.208124197253916
homerule_Y,total_liabilities_GA,STL-LSTM (full),224,20416996.5085001,10.73842659980291
homerule_Y,total_liabilities_GA,STL-LSTM (full),225,20971346.55017668,9.688236232876049
homerule_Y,total_liabilities_GA,STL-LSTM (full),229,19390923.276222587,2.8566142541104877
homerule_Y,total_liabilities_GA,STL-LSTM (full),235,8650733.254145056,5.60667313255969
homerule_Y,total_liabilities_GA,STL-LSTM (full),236,4451433.260456115,9.970329559827368
homerule_Y,total_liabilities_GA,STL-LSTM (full),238,174198.75063756108,1.661746642445646
homerule_Y,total_liabilities_GA,STL-LSTM (full),239,5227981.515903175,10.864118570775563
homerule_Y,total_liabilities_GA,STL-LSTM (full),240,5738078.517452717,7.725197947028583
homerule_Y,total_liabilities_GA,STL-LSTM (full),242,7667858.728903383,38.53363681730561
homerule_Y,total_liabilities_GA,STL-LSTM (full),244,15253913.276610583,10.784162995212125
homerule_Y,total_liabilities_GA,STL-LSTM (full),247,6780768.278319627,21.785876576244668
homerule_Y,total_liabilities_GA,STL-LSTM (full),260,167948769.26253057,15.087751108399223
homerule_Y,total_liabilities_GA,STL-LSTM (full),261,383447.51642876863,1.2841632313261988
homerule_Y,total_liabilities_GA,STL-LSTM (full),263,32546.47397556901,5.7990788586707
homerule_Y,total_liabilities_GA,STL-LSTM (full),265,4320173.747016698,10.984880919072452
homerule_Y,total_liabilities_GA,STL-LSTM (full),267,65630.52032887936,25.804524388776727
homerule_Y,total_liabilities_GA,STL-LSTM (full),268,777621.2726296782,0.9498171860613627
homerule_Y,total_liabilities_GA,MTL-LSTM (full),1,6978935.224227846,5.046449819114891
homerule_Y,total_liabilities_GA,MTL-LSTM (full),4,204961.99774626642,0.4505712340356405
homerule_Y,total_liabilities_GA,MTL-LSTM (full),12,29329265.0814704,17.873102681058334
homerule_Y,total_liabilities_GA,MTL-LSTM (full),13,8599186.078211688,14.992011068688694
homerule_Y,total_liabilities_GA,MTL-LSTM (full),20,1652249.9762597159,5.528465892822921
homerule_Y,total_liabilities_GA,MTL-LSTM (full),27,11276469.936890602,3.044249211727598
homerule_Y,total_liabilities_GA,MTL-LSTM (full),29,106880.99070582539,0.189403832237755
homerule_Y,total_liabilities_GA,MTL-LSTM (full),30,32855514.059836686,11.43953171945514
homerule_Y,total_liabilities_GA,MTL-LSTM (full),31,8377692.088142842,3.4687655564467597
homerule_Y,total_liabilities_GA,MTL-LSTM (full),32,3383302.888569668,3.0725390265785824
homerule_Y,total_liabilities_GA,MTL-LSTM (full),33,4161992.130376339,7.823275380916862
homerule_Y,total_liabilities_GA,MTL-LSTM (full),34,2039531.8633949757,0.8386113610595655
homerule_Y,total_liabilities_GA,MTL-LSTM (full),35,3372793.0460478067,0.7600166156683025
homerule_Y,total_liabilities_GA,MTL-LSTM (full),36,67111.31375870109,17.89145252049948
homerule_Y,total_liabilities_GA,MTL-LSTM (full),37,8503446.131207079,18.047144826113882
homerule_Y,total_liabilities_GA,MTL-LSTM (full),38,5319622.917263143,18.335884740622028
homerule_Y,total_liabilities_GA,MTL-LSTM (full),39,4410220.145227626,7.1750695471417085
homerule_Y,total_liabilities_GA,MTL-LSTM (full),42,3308182.150185123,5.0707015779718585
homerule_Y,total_liabilities_GA,MTL-LSTM (full),44,2882847.1465450525,2.6579023685738443
homerule_Y,total_liabilities_GA,MTL-LSTM (full),45,489529999.9993744,0.8998755913205934
homerule_Y,total_liabilities_GA,MTL-LSTM (full),48,8573721.059299886,5.224141441712183
homerule_Y,total_liabilities_GA,MTL-LSTM (full),55,131234.1459927559,23.259266108317828
homerule_Y,total_liabilities_GA,MTL-LSTM (full),57,882912.971821297,2.663224096988877
homerule_Y,total_liabilities_GA,MTL-LSTM (full),58,16444034.199378133,11.683035520085133
homerule_Y,total_liabilities_GA,MTL-LSTM (full),59,3790890.018681228,1.3732139784694164
homerule_Y,total_liabilities_GA,MTL-LSTM (full),60,1931848.1413046569,10.206476740973985
homerule_Y,total_liabilities_GA,MTL-LSTM (full),61,1109672.8136268556,3.715343010497164
homerule_Y,total_liabilities_GA,MTL-LSTM (full),62,10413401.261725962,11.102722370157686
homerule_Y,total_liabilities_GA,MTL-LSTM (full),73,879244.0349670574,20.990576469413924
homerule_Y,total_liabilities_GA,MTL-LSTM (full),74,71618.07491065562,14.899264064646442
homerule_Y,total_liabilities_GA,MTL-LSTM (full),76,238281.95753932,54.17875773729261
homerule_Y,total_liabilities_GA,MTL-LSTM (full),92,73401.00091831089,37.0071975236726
homerule_Y,total_liabilities_GA,MTL-LSTM (full),99,373621.0814238414,199.5716076065876
homerule_Y,total_liabilities_GA,MTL-LSTM (full),102,6080660.135168791,7.363475674119896
homerule_Y,total_liabilities_GA,MTL-LSTM (full),104,65537.00866281707,46.75821155460396
homerule_Y,total_liabilities_GA,MTL-LSTM (full),112,57692990.0144285,6.544319308536971
homerule_Y,total_liabilities_GA,MTL-LSTM (full),113,2976314.0919113755,4.439553894398944
homerule_Y,total_liabilities_GA,MTL-LSTM (full),114,171273.06291627884,0.05618703756335943
homerule_Y,total_liabilities_GA,MTL-LSTM (full),116,13515948.307669252,7.821138181006836
homerule_Y,total_liabilities_GA,MTL-LSTM (full),117,2583249.881658882,1.491142833842011
homerule_Y,total_liabilities_GA,MTL-LSTM (full),122,4456841.043377459,4.422346584278803
homerule_Y,total_liabilities_GA,MTL-LSTM (full),125,617002.8664990067,0.45427193572871083
homerule_Y,total_liabilities_GA,MTL-LSTM (full),126,237661.04444187135,1.7290999458641831
homerule_Y,total_liabilities_GA,MTL-LSTM (full),127,7991621.175081119,7.000656197172618
homerule_Y,total_liabilities_GA,MTL-LSTM (full),128,282969.1884099841,0.2646272626224871
homerule_Y,total_liabilities_GA,MTL-LSTM (full),129,56671.09204606712,64.02243915722705
homerule_Y,total_liabilities_GA,MTL-LSTM (full),130,13757677.090341687,3.2465432994933106
homerule_Y,total_liabilities_GA,MTL-LSTM (full),132,1267772.0548875406,6.790804973583614
homerule_Y,total_liabilities_GA,MTL-LSTM (full),137,1085002.0774211287,2.9219458104508216
homerule_Y,total_liabilities_GA,MTL-LSTM (full),159,15704442.873940006,17.00301341138526
homerule_Y,total_liabilities_GA,MTL-LSTM (full),160,52323878.07210243,37.24486343076345
homerule_Y,total_liabilities_GA,MTL-LSTM (full),179,100410.95464283228,0.11860843123571306
homerule_Y,total_liabilities_GA,MTL-LSTM (full),182,5002191.9620240405,13.227259029811252
homerule_Y,total_liabilities_GA,MTL-LSTM (full),183,2941403.988409139,4.527454731588631
homerule_Y,total_liabilities_GA,MTL-LSTM (full),184,18553846.077866316,6.859111405723642
homerule_Y,total_liabilities_GA,MTL-LSTM (full),199,884356.162909776,1.9675371892354026
homerule_Y,total_liabilities_GA,MTL-LSTM (full),208,107628081.97679019,12.365457333721558
homerule_Y,total_liabilities_GA,MTL-LSTM (full),210,756808.8901775256,8.620326902741375
homerule_Y,total_liabilities_GA,MTL-LSTM (full),220,1820792.849953249,45.20812731611776
homerule_Y,total_liabilities_GA,MTL-LSTM (full),224,20416996.04864326,10.73842637092499
homerule_Y,total_liabilities_GA,MTL-LSTM (full),225,20971346.09596467,9.688236033206124
homerule_Y,total_liabilities_GA,MTL-LSTM (full),229,19390923.094524026,2.8566142277255056
homerule_Y,total_liabilities_GA,MTL-LSTM (full),235,8650733.255990118,5.60667313372198
homerule_Y,total_liabilities_GA,MTL-LSTM (full),236,4451433.098349921,9.970329214841998
homerule_Y,total_liabilities_GA,MTL-LSTM (full),238,174198.9840773344,1.661748887816911
homerule_Y,total_liabilities_GA,MTL-LSTM (full),239,5227981.899967454,10.86411941224251
homerule_Y,total_liabilities_GA,MTL-LSTM (full),240,5738078.040761292,7.725197330046081
homerule_Y,total_liabilities_GA,MTL-LSTM (full),242,7667859.017724941,38.53363854837764
homerule_Y,total_liabilities_GA,MTL-LSTM (full),244,15253913.037689954,10.78416283540862
homerule_Y,total_liabilities_GA,MTL-LSTM (full),247,6780767.826166272,21.785875281768615
homerule_Y,total_liabilities_GA,MTL-LSTM (full),260,167948769.1232109,15.087751096827558
homerule_Y,total_liabilities_GA,MTL-LSTM (full),261,383447.0315402858,1.284161617864508
homerule_Y,total_liabilities_GA,MTL-LSTM (full),263,32546.19407211244,5.799030431986959
homerule_Y,total_liabilities_GA,MTL-LSTM (full),265,4320174.049816743,10.984881731288217
homerule_Y,total_liabilities_GA,MTL-LSTM (full),267,65629.89274799824,25.80430947357933
homerule_Y,total_liabilities_GA,MTL-LSTM (full),268,777620.992354989,0.9498168453486359
homerule_Y,tot_fnp,ARIMA,1,4946376.507582068,0.8752575483511122
homerule_Y,tot_fnp,ARIMA,4,8206764.254731953,3.5763174268674223
homerule_Y,tot_fnp,ARIMA,12,22022582.082808495,1.7522554566318918
homerule_Y,tot_fnp,ARIMA,13,13328431.409214258,2.3820424150227026
homerule_Y,tot_fnp,ARIMA,20,294395.0,0.30457564657534225
homerule_Y,tot_fnp,ARIMA,27,11526587.164251924,1.248829325108341
homerule_Y,tot_fnp,ARIMA,29,21298933.632784605,5.606368293694237
homerule_Y,tot_fnp,ARIMA,30,16555096.217720628,3.2321989807134854
homerule_Y,tot_fnp,ARIMA,31,2710940464.972959,147.84005684779243
homerule_Y,tot_fnp,ARIMA,32,6952835.430267334,4.112135388576788
homerule_Y,tot_fnp,ARIMA,33,24698524.58307065,18.77218933140588
homerule_Y,tot_fnp,ARIMA,34,61228714.825801015,6.1793391524909325
homerule_Y,tot_fnp,ARIMA,35,150083735.07766438,8.849965342695889
homerule_Y,tot_fnp,ARIMA,36,270396.38512868155,4.24116876650706
homerule_Y,tot_fnp,ARIMA,37,3273372.6510719955,2.143397211539938
homerule_Y,tot_fnp,ARIMA,38,8566792.856475025,5.204264821794764
homerule_Y,tot_fnp,ARIMA,39,10595464.430706978,3.925043316762817
homerule_Y,tot_fnp,ARIMA,42,58297093.632400274,8.911714349481752
homerule_Y,tot_fnp,ARIMA,44,32448492.98156154,5.980847443773418
homerule_Y,tot_fnp,ARIMA,45,887474960.6443329,2.688212105812603
homerule_Y,tot_fnp,ARIMA,48,15991379829.17986,189.16250291421517
homerule_Y,tot_fnp,ARIMA,55,414944.55833602324,1.374281220049755
homerule_Y,tot_fnp,ARIMA,57,6390006.320995629,3.511792513610589
homerule_Y,tot_fnp,ARIMA,58,32936519.887006164,4.114954811620507
homerule_Y,tot_fnp,ARIMA,59,243470345.8312769,8.770508365787641
homerule_Y,tot_fnp,ARIMA,60,1777028.7621903718,1.9522728051000957
homerule_Y,tot_fnp,ARIMA,61,2994911.7476151288,2.107031437416106
homerule_Y,tot_fnp,ARIMA,62,11612952.214970946,1.4731976827615643
homerule_Y,tot_fnp,ARIMA,73,1724394.405884713,3.1681428558821008
homerule_Y,tot_fnp,ARIMA,74,488528.1256562676,6.362422708225925
homerule_Y,tot_fnp,ARIMA,76,236492.52076066472,2.0407079838752824
homerule_Y,tot_fnp,ARIMA,92,204798.76935747897,164.26397911890987
homerule_Y,tot_fnp,ARIMA,99,1179786.4120543536,81.71036748612866
homerule_Y,tot_fnp,ARIMA,102,486585318.0,200.0
homerule_Y,tot_fnp,ARIMA,104,751832.9607998282,1.5141466167653657
homerule_Y,tot_fnp,ARIMA,112,41122849.41548872,1.5670676768874132
homerule_Y,tot_fnp,ARIMA,113,20451689.323227465,5.131254073858104
homerule_Y,tot_fnp,ARIMA,114,62102963.03539777,3.637435335141425
homerule_Y,tot_fnp,ARIMA,116,11645797.612477899,1.8770943153846031
homerule_Y,tot_fnp,ARIMA,117,35524038.41925156,9.991197506949643
homerule_Y,tot_fnp,ARIMA,122,2267341.7142261863,0.5386063278306112
homerule_Y,tot_fnp,ARIMA,125,28140425.733062625,3.962302784903502
homerule_Y,tot_fnp,ARIMA,126,635439.1792380586,1.291530615209631
homerule_Y,tot_fnp,ARIMA,127,7796473.910930872,1.1822809040554196
homerule_Y,tot_fnp,ARIMA,128,204795.7850252986,0.11191125273897311
homerule_Y,tot_fnp,ARIMA,129,1225460.2107942924,13.471359707121938
homerule_Y,tot_fnp,ARIMA,130,274295656.87387085,22.25957324494295
homerule_Y,tot_fnp,ARIMA,132,5312975.203899175,5.683964886353359
homerule_Y,tot_fnp,ARIMA,137,1523685.3256504834,0.9861644838884862
homerule_Y,tot_fnp,ARIMA,159,10090993.890855968,3.361611313884817
homerule_Y,tot_fnp,ARIMA,160,14808373.36840558,4.090431547184985
homerule_Y,tot_fnp,ARIMA,179,8996183.511446238,1.589304690048208
homerule_Y,tot_fnp,ARIMA,182,23631761.519349396,7.4614793491549145
homerule_Y,tot_fnp,ARIMA,183,4773031.769703984,1.9181295233860012
homerule_Y,tot_fnp,ARIMA,184,7836698.375589848,0.6349314710444748
homerule_Y,tot_fnp,ARIMA,199,1056890.3303501606,0.4332057251186067
homerule_Y,tot_fnp,ARIMA,208,114107540.55805755,6.076976779682846
homerule_Y,tot_fnp,ARIMA,210,4472966.642710239,5.746947910719756
homerule_Y,tot_fnp,ARIMA,220,49318922.252251565,200.0
homerule_Y,tot_fnp,ARIMA,224,4201530.820783138,0.4414308003591611
homerule_Y,tot_fnp,ARIMA,225,66096169.79047513,10.944114922452188
homerule_Y,tot_fnp,ARIMA,229,9716347.0,0.2962061089280998
homerule_Y,tot_fnp,ARIMA,235,42101534.87923288,8.48003521450032
homerule_Y,tot_fnp,ARIMA,236,122773100.39213921,81.90033254932663
homerule_Y,tot_fnp,ARIMA,238,308067.01879021525,0.4198969549662809
homerule_Y,tot_fnp,ARIMA,239,2559646.593195051,1.0599632509442143
homerule_Y,tot_fnp,ARIMA,240,48086516.95559096,10.288238950057673
homerule_Y,tot_fnp,ARIMA,242,3602396.0898612738,4.685264739226111
homerule_Y,tot_fnp,ARIMA,244,315468272.0,200.0
homerule_Y,tot_fnp,ARIMA,247,2230897.0,2.0459525372947667
homerule_Y,tot_fnp,ARIMA,260,209859165.98039055,8.17495370701539
homerule_Y,tot_fnp,ARIMA,261,5478133.224057585,3.1731460709162542
homerule_Y,tot_fnp,ARIMA,263,16026325.931903215,200.0
homerule_Y,tot_fnp,ARIMA,265,135018230.40947717,51.42268355529589
homerule_Y,tot_fnp,ARIMA,267,18997542.0,200.0
homerule_Y,tot_fnp,ARIMA,268,3203665.823521197,1.5948392076225781
homerule_Y,tot_fnp,STL-LSTM (full),1,9935302.03035152,1.7815002503092023
homerule_Y,tot_fnp,STL-LSTM (full),4,1256664.0382931232,0.5591546350910503
homerule_Y,tot_fnp,STL-LSTM (full),12,40831441.03746033,3.332127734437728
homerule_Y,tot_fnp,STL-LSTM (full),13,4123069.0380187035,0.7485435152809866
homerule_Y,tot_fnp,STL-LSTM (full),20,294395.0328903049,0.30457568065486623
homerule_Y,tot_fnp,STL-LSTM (full),27,82091919.03468871,9.24761880537499
homerule_Y,tot_fnp,STL-LSTM (full),29,4858128.973576188,1.236213561068272
homerule_Y,tot_fnp,STL-LSTM (full),30,863313.0268551707,0.17146789475990823
homerule_Y,tot_fnp,STL-LSTM (full),31,4789868.966306567,0.9965960676504673
homerule_Y,tot_fnp,STL-LSTM (full),32,751763.9720237255,0.4529234440921879
homerule_Y,tot_fnp,STL-LSTM (full),33,12083928.005564883,8.764277460986996
homerule_Y,tot_fnp,STL-LSTM (full),34,3223498.969784498,0.33513208557365826
homerule_Y,tot_fnp,STL-LSTM (full),35,110737282.99026608,6.454947149839331
homerule_Y,tot_fnp,STL-LSTM (full),36,270397.0103650065,4.241178781304911
homerule_Y,tot_fnp,STL-LSTM (full),37,1777946.0451244116,1.1837723412543557
homerule_Y,tot_fnp,STL-LSTM (full),38,4807875.034125924,3.0444295444766256
homerule_Y,tot_fnp,STL-LSTM (full),39,238896.0426298976,0.09031031180605179
homerule_Y,tot_fnp,STL-LSTM (full),42,9670133.009059787,1.535309679549473
homerule_Y,tot_fnp,STL-LSTM (full),44,20924354.03270638,3.8162088230995894
homerule_Y,tot_fnp,STL-LSTM (full),45,1461701000.0387497,4.466419049237087
homerule_Y,tot_fnp,STL-LSTM (full),48,5041385.010389507,1.1066144577947112
homerule_Y,tot_fnp,STL-LSTM (full),55,1121225.0296712592,3.7574024537036026
homerule_Y,tot_fnp,STL-LSTM (full),57,1370441.0319471061,0.7695721042272299
homerule_Y,tot_fnp,STL-LSTM (full),58,11481899.038130045,1.4754412439240887
homerule_Y,tot_fnp,STL-LSTM (full),59,31040627.034060955,1.1763354975943145
homerule_Y,tot_fnp,STL-LSTM (full),60,3255086.040635735,3.677750361585587
homerule_Y,tot_fnp,STL-LSTM (full),61,3979254.029063523,2.8699612546647804
homerule_Y,tot_fnp,STL-LSTM (full),62,35937744.036262155,4.630438873939865
homerule_Y,tot_fnp,STL-LSTM (full),73,943424.0359089375,1.7768511094865376
homerule_Y,tot_fnp,STL-LSTM (full),74,284849.0305833481,3.661216482267967
homerule_Y,tot_fnp,STL-LSTM (full),76,236493.03360481188,2.0407124543922985
homerule_Y,tot_fnp,STL-LSTM (full),92,204793.9777820669,164.25697955133904
homerule_Y,tot_fnp,STL-LSTM (full),99,138246.01558935922,7.036731326946896
homerule_Y,tot_fnp,STL-LSTM (full),102,33837323.0323472,7.20454019147779
homerule_Y,tot_fnp,STL-LSTM (full),104,1510900.0383733884,3.066299815319236
homerule_Y,tot_fnp,STL-LSTM (full),112,41123046.03510618,1.5670752281747942
homerule_Y,tot_fnp,STL-LSTM (full),113,10121957.038574338,2.640849360945251
homerule_Y,tot_fnp,STL-LSTM (full),114,30797185.0335114,1.8542710999680416
homerule_Y,tot_fnp,STL-LSTM (full),116,10421143.03441155,1.7101145423225736
homerule_Y,tot_fnp,STL-LSTM (full),117,35524102.03060824,9.991216291508682
homerule_Y,tot_fnp,STL-LSTM (full),122,10150610.039863646,2.447371567188153
homerule_Y,tot_fnp,STL-LSTM (full),125,4334433.028410912,0.624588321255255
homerule_Y,tot_fnp,STL-LSTM (full),126,1222433.035327971,2.5324095711169248
homerule_Y,tot_fnp,STL-LSTM (full),127,10866442.026657343,1.6714723402869436
homerule_Y,tot_fnp,STL-LSTM (full),128,2301111.0302098393,1.2661176742707205
homerule_Y,tot_fnp,STL-LSTM (full),129,1225462.0564437732,13.471381362766138
homerule_Y,tot_fnp,STL-LSTM (full),130,20984833.03166747,1.9347653290676063
homerule_Y,tot_fnp,STL-LSTM (full),132,3391363.039352387,3.8053518964146384
homerule_Y,tot_fnp,STL-LSTM (full),137,2893252.03546685,1.8997340950665194
homerule_Y,tot_fnp,STL-LSTM (full),159,2989067.023929119,1.017924776269658
homerule_Y,tot_fnp,STL-LSTM (full),160,28725305.03437251,8.090125341878384
homerule_Y,tot_fnp,STL-LSTM (full),179,11888415.033014059,2.1397322097437512
homerule_Y,tot_fnp,STL-LSTM (full),182,822500.0293157697,0.27012408227451945
homerule_Y,tot_fnp,STL-LSTM (full),183,4773059.985256493,1.9181409710666932
homerule_Y,tot_fnp,STL-LSTM (full),184,13838198.041198969,1.1311063485758732
homerule_Y,tot_fnp,STL-LSTM (full),199,2754533.9700220525,1.12029703272989
homerule_Y,tot_fnp,STL-LSTM (full),208,7563963.043221474,0.41631910261476157
homerule_Y,tot_fnp,STL-LSTM (full),210,1071343.968252927,1.4072333059187891
homerule_Y,tot_fnp,STL-LSTM (full),220,502623.040861018,1.1537079298157826
homerule_Y,tot_fnp,STL-LSTM (full),224,21858189.96123326,2.265500845275645
homerule_Y,tot_fnp,STL-LSTM (full),225,6806660.967020631,1.185214480830445
homerule_Y,tot_fnp,STL-LSTM (full),229,9716347.038596153,0.2962061101064591
homerule_Y,tot_fnp,STL-LSTM (full),235,4054649.973513186,0.8564951784452645
homerule_Y,tot_fnp,STL-LSTM (full),236,2062842.0075589418,0.9810881128053056
homerule_Y,tot_fnp,STL-LSTM (full),238,2004788.0400520265,2.7762970241859706
homerule_Y,tot_fnp,STL-LSTM (full),239,11860807.035955459,5.008070112862205
homerule_Y,tot_fnp,STL-LSTM (full),240,10867865.016061008,2.421626207921601
homerule_Y,tot_fnp,STL-LSTM (full),242,3602400.062673971,4.685270027298088
homerule_Y,tot_fnp,STL-LSTM (full),244,11518227.040927231,3.719046313474866
homerule_Y,tot_fnp,STL-LSTM (full),247,2230896.989949554,2.0459525279832262
homerule_Y,tot_fnp,STL-LSTM (full),260,26592986.030807495,1.0859275013207408
homerule_Y,tot_fnp,STL-LSTM (full),261,5478148.036808133,3.1731547871629315
homerule_Y,tot_fnp,STL-LSTM (full),263,2121674.9856171403,14.398477033348634
homerule_Y,tot_fnp,STL-LSTM (full),265,27422478.041585118,15.121704352093857
homerule_Y,tot_fnp,STL-LSTM (full),267,43712.03784611076,0.2303581429925725
homerule_Y,tot_fnp,STL-LSTM (full),268,4460755.035967022,2.2638274764259103
homerule_Y,tot_fnp,MTL-LSTM (full),1,9935302.020083189,1.7815002484515858
homerule_Y,tot_fnp,MTL-LSTM (full),4,1256663.948738873,0.5591545951323422
homerule_Y,tot_fnp,MTL-LSTM (full),12,40831440.75033927,3.332127710616289
homerule_Y,tot_fnp,MTL-LSTM (full),13,4123068.920285344,0.748543493826487
homerule_Y,tot_fnp,MTL-LSTM (full),20,294394.902154997,0.3045755451925448
homerule_Y,tot_fnp,MTL-LSTM (full),27,82091918.66804099,9.247618762162526
homerule_Y,tot_fnp,MTL-LSTM (full),29,4858128.868327498,1.2362135344519267
homerule_Y,tot_fnp,MTL-LSTM (full),30,863312.9863554835,0.17146788670912064
homerule_Y,tot_fnp,MTL-LSTM (full),31,4789869.134028435,0.996596102373347
homerule_Y,tot_fnp,MTL-LSTM (full),32,751763.9903924465,0.4529234551339296
homerule_Y,tot_fnp,MTL-LSTM (full),33,12083927.817743689,8.764277318793813
homerule_Y,tot_fnp,MTL-LSTM (full),34,3223498.907843709,0.3351320791447554
homerule_Y,tot_fnp,MTL-LSTM (full),35,110737282.95700073,6.45494714783769
homerule_Y,tot_fnp,MTL-LSTM (full),36,270396.8732973635,4.24117658580741
homerule_Y,tot_fnp,MTL-LSTM (full),37,1777945.5135850906,1.183771985256027
homerule_Y,tot_fnp,MTL-LSTM (full),38,4807874.786696672,3.0444293854151954
homerule_Y,tot_fnp,MTL-LSTM (full),39,238895.95104807615,0.09031027716957375
homerule_Y,tot_fnp,MTL-LSTM (full),42,9670133.075611591,1.535309690034671
homerule_Y,tot_fnp,MTL-LSTM (full),44,20924353.781333685,3.8162087763791526
homerule_Y,tot_fnp,MTL-LSTM (full),45,1461701000.0485191,4.466419049267607
homerule_Y,tot_fnp,MTL-LSTM (full),48,5041385.129056811,1.1066144839870278
homerule_Y,tot_fnp,MTL-LSTM (full),55,1121225.0518228784,3.7574025293318094
homerule_Y,tot_fnp,MTL-LSTM (full),57,1370440.8963524401,0.7695720277909631
homerule_Y,tot_fnp,MTL-LSTM (full),58,11481898.581339717,1.4754411847928175
homerule_Y,tot_fnp,MTL-LSTM (full),59,31040626.946472645,1.1763354942554887
homerule_Y,tot_fnp,MTL-LSTM (full),60,3255086.1633719206,3.677750502808768
homerule_Y,tot_fnp,MTL-LSTM (full),61,3979253.978289634,2.8699612175195934
homerule_Y,tot_fnp,MTL-LSTM (full),62,35937743.753751874,4.630438836696764
homerule_Y,tot_fnp,MTL-LSTM (full),73,943424.2771280706,1.7768515678364991
homerule_Y,tot_fnp,MTL-LSTM (full),74,284848.769037202,3.6612130590281997
homerule_Y,tot_fnp,MTL-LSTM (full),76,236493.00925294124,2.040712242114446
homerule_Y,tot_fnp,MTL-LSTM (full),92,204794.065696463,164.25710797489396
homerule_Y,tot_fnp,MTL-LSTM (full),99,138245.90623132885,7.036725564772207
homerule_Y,tot_fnp,MTL-LSTM (full),102,33837322.935862124,7.204540170194454
homerule_Y,tot_fnp,MTL-LSTM (full),104,1510899.8199927807,3.0662993653313597
homerule_Y,tot_fnp,MTL-LSTM (full),112,41123045.98657894,1.5670752263110779
homerule_Y,tot_fnp,MTL-LSTM (full),113,10121956.80284077,2.640849298629537
homerule_Y,tot_fnp,MTL-LSTM (full),114,30797184.813928366,1.8542710866245669
homerule_Y,tot_fnp,MTL-LSTM (full),116,10421142.671203494,1.7101144822103225
homerule_Y,tot_fnp,MTL-LSTM (full),117,35524102.078427196,9.991216305629717
homerule_Y,tot_fnp,MTL-LSTM (full),122,10150609.923390329,2.4473715387621136
homerule_Y,tot_fnp,MTL-LSTM (full),125,4334432.929246664,0.6245883069211412
homerule_Y,tot_fnp,MTL-LSTM (full),126,1222432.9909549505,2.532409478029204
homerule_Y,tot_fnp,MTL-LSTM (full),127,10866442.012967944,1.6714723381636474
homerule_Y,tot_fnp,MTL-LSTM (full),128,2301110.9928503036,1.2661176535846195
homerule_Y,tot_fnp,MTL-LSTM (full),129,1225462.0956545696,13.471381822840032
homerule_Y,tot_fnp,MTL-LSTM (full),130,20984832.80973792,1.9347653084081442
homerule_Y,tot_fnp,MTL-LSTM (full),132,3391363.0522627234,3.805351911176587
homerule_Y,tot_fnp,MTL-LSTM (full),137,2893252.0436270535,1.8997341004754733
homerule_Y,tot_fnp,MTL-LSTM (full),159,2989066.844315052,1.0179247147908883
homerule_Y,tot_fnp,MTL-LSTM (full),160,28725304.992961824,8.090125329743811
homerule_Y,tot_fnp,MTL-LSTM (full),179,11888414.909107685,2.1397321872039123
homerule_Y,tot_fnp,MTL-LSTM (full),182,822499.4836098552,0.2701239028126391
homerule_Y,tot_fnp,MTL-LSTM (full),183,4773059.768223852,1.9181408830116917
homerule_Y,tot_fnp,MTL-LSTM (full),184,13838197.97552085,1.1311063431771156
homerule_Y,tot_fnp,MTL-LSTM (full),199,2754533.8759670258,1.1202969946910268
homerule_Y,tot_fnp,MTL-LSTM (full),208,7563962.797835827,0.4163190890806677
homerule_Y,tot_fnp,MTL-LSTM (full),210,1071344.2819239497,1.4072337150334153
homerule_Y,tot_fnp,MTL-LSTM (full),220,502622.94953399897,1.153707718976848
homerule_Y,tot_fnp,MTL-LSTM (full),224,21858190.51500106,2.265500902020982
homerule_Y,tot_fnp,MTL-LSTM (full),225,6806661.057149291,1.185214496431157
homerule_Y,tot_fnp,MTL-LSTM (full),229,9716346.578272343,0.2962060960525493
homerule_Y,tot_fnp,MTL-LSTM (full),235,4054649.8773708344,0.8564951580493971
homerule_Y,tot_fnp,MTL-LSTM (full),236,2062841.8503960967,0.9810880376919564
homerule_Y,tot_fnp,MTL-LSTM (full),238,2004787.952954799,2.776296901896522
homerule_Y,tot_fnp,MTL-LSTM (full),239,11860807.041710079,5.0080701153528615
homerule_Y,tot_fnp,MTL-LSTM (full),240,10867865.042706072,2.421626213786886
homerule_Y,tot_fnp,MTL-LSTM (full),242,3602399.9028221965,4.685269814524978
homerule_Y,tot_fnp,MTL-LSTM (full),244,11518227.066028833,3.7190463217304743
homerule_Y,tot_fnp,MTL-LSTM (full),247,2230896.867028907,2.0459524140996668
homerule_Y,tot_fnp,MTL-LSTM (full),260,26592986.06217003,1.085927502608387
homerule_Y,tot_fnp,MTL-LSTM (full),261,5478148.077183068,3.173154810920701
homerule_Y,tot_fnp,MTL-LSTM (full),263,2121675.086598493,14.398477767981898
homerule_Y,tot_fnp,MTL-LSTM (full),265,27422477.821445405,15.121704221522874
homerule_Y,tot_fnp,MTL-LSTM (full),267,43711.84648229182,0.2303571333625162
homerule_Y,tot_fnp,MTL-LSTM (full),268,4460754.727219909,2.2638273179635644
homerule_N,tot_rev_gn,ARIMA,2,392840.0275673182,12.024716392682201
homerule_N,tot_rev_gn,ARIMA,3,110387.0,2.13576410880407
homerule_N,tot_rev_gn,ARIMA,5,478381.1586160655,20.53116361365314
homerule_N,tot_rev_gn,ARIMA,6,1085243.177266959,12.583322393868212
homerule_N,tot_rev_gn,ARIMA,7,84309.9727085703,2.1502199166169746
homerule_N,tot_rev_gn,ARIMA,8,25448.96278191381,2.902917378884797
homerule_N,tot_rev_gn,ARIMA,9,66722.5612604376,7.882781071999922
homerule_N,tot_rev_gn,ARIMA,10,52649.07023517834,2.8971573083951383
homerule_N,tot_rev_gn,ARIMA,11,111313.7016595616,9.77830802933703
homerule_N,tot_rev_gn,ARIMA,14,22904.983893817174,2.7410519776523143
homerule_N,tot_rev_gn,ARIMA,15,491484.71688170265,11.03618648612201
homerule_N,tot_rev_gn,ARIMA,16,5086969.770731924,36.533114104223536
homerule_N,tot_rev_gn,ARIMA,17,74723.50404774956,3.39199267688957
homerule_N,tot_rev_gn,ARIMA,18,130379.0,3.7542812971115453
homerule_N,tot_rev_gn,ARIMA,19,51087.0,5.916308673651077
homerule_N,tot_rev_gn,ARIMA,21,618977.7950345017,15.390083737550636
homerule_N,tot_rev_gn,ARIMA,22,246524.95635561598,8.428807277521773
homerule_N,tot_rev_gn,ARIMA,24,1140173.6092190482,6.189252962481832
homerule_N,tot_rev_gn,ARIMA,25,1773121.1924026608,6.714391325293819
homerule_N,tot_rev_gn,ARIMA,26,11006.39501455694,2.346760294065579
homerule_N,tot_rev_gn,ARIMA,28,12229112.137206584,48.28643025188198
homerule_N,tot_rev_gn,ARIMA,40,684974.747435661,4.204402651438578
homerule_N,tot_rev_gn,ARIMA,41,11640633.0,200.0
homerule_N,tot_rev_gn,ARIMA,43,171883.0,1.3608842933234027
homerule_N,tot_rev_gn,ARIMA,46,480910.303317694,9.088110827126435
homerule_N,tot_rev_gn,ARIMA,47,53352.20936823287,5.2684168595249465
homerule_N,tot_rev_gn,ARIMA,49,704630.2900182884,18.159235264764938
homerule_N,tot_rev_gn,ARIMA,50,250053.0,3.6936751760014
homerule_N,tot_rev_gn,ARIMA,51,219838.5174798956,3.4785534677743195
homerule_N,tot_rev_gn,ARIMA,52,232183.36527862702,14.262178113128494
homerule_N,tot_rev_gn,ARIMA,53,109104.89596248278,5.542670582731792
homerule_N,tot_rev_gn,ARIMA,56,260174.0,13.364043227394815
homerule_N,tot_rev_gn,ARIMA,64,633345.1799396286,9.095359078740275
homerule_N,tot_rev_gn,ARIMA,65,155231.45841328264,8.872834538067675
homerule_N,tot_rev_gn,ARIMA,66,219706.91796150524,13.970992738574928
homerule_N,tot_rev_gn,ARIMA,67,193989.6041563265,64.16553306649028
homerule_N,tot_rev_gn,ARIMA,68,1533493.5361398533,7.988131974671305
homerule_N,tot_rev_gn,ARIMA,69,44848.07809730095,5.437020115318018
homerule_N,tot_rev_gn,ARIMA,70,549887.0455600396,10.905475188057618
homerule_N,tot_rev_gn,ARIMA,71,415284.0,17.6196777761608
homerule_N,tot_rev_gn,ARIMA,72,1250726.9068068666,39.311039907357234
homerule_N,tot_rev_gn,ARIMA,75,18632.978939334367,12.502293234118792
homerule_N,tot_rev_gn,ARIMA,77,184234.3252610684,24.28346603303332
homerule_N,tot_rev_gn,ARIMA,78,2787713.037508147,19.408165014986835
homerule_N,tot_rev_gn,ARIMA,79,30211.965954278596,1.6677338643407833
homerule_N,tot_rev_gn,ARIMA,80,176787.026902491,16.42367883900795
homerule_N,tot_rev_gn,ARIMA,81,333789.0,32.92614898833588
homerule_N,tot_rev_gn,ARIMA,82,279559.2759416166,15.9299058319302
homerule_N,tot_rev_gn,ARIMA,83,43135.12101833045,5.524261369867854
homerule_N,tot_rev_gn,ARIMA,84,192812.08521013125,17.176609372605338
homerule_N,tot_rev_gn,ARIMA,85,8420.999349514379,19.626395565585213
homerule_N,tot_rev_gn,ARIMA,86,2315639.218776442,12.99579742445329
homerule_N,tot_rev_gn,ARIMA,87,26320271.26590894,200.0
homerule_N,tot_rev_gn,ARIMA,88,52025.95626193611,3.161764949715552
homerule_N,tot_rev_gn,ARIMA,89,29208.043293883326,6.076754487332171
homerule_N,tot_rev_gn,ARIMA,90,1596117.0,200.0
homerule_N,tot_rev_gn,ARIMA,93,3712.203034382197,0.59023250827103
homerule_N,tot_rev_gn,ARIMA,95,290431.05328829447,9.233398337311872
homerule_N,tot_rev_gn,ARIMA,96,105975.85374092031,4.668379551490513
homerule_N,tot_rev_gn,ARIMA,97,18888.994204510003,0.29449414294240406
homerule_N,tot_rev_gn,ARIMA,101,444975.71944065986,200.0
homerule_N,tot_rev_gn,ARIMA,103,842.9815258807212,0.48744586711830307
homerule_N,tot_rev_gn,ARIMA,105,195772.0837491094,9.639504942925777
homerule_N,tot_rev_gn,ARIMA,107,8420.020895736903,8.828978245634667
homerule_N,tot_rev_gn,ARIMA,108,103554.17141004535,7.675255602931065
homerule_N,tot_rev_gn,ARIMA,109,211507.02252244484,3.0073468944928896
homerule_N,tot_rev_gn,ARIMA,110,264250.95899329986,4.244579035630626
homerule_N,tot_rev_gn,ARIMA,111,16492.860387340188,1.1390659954880613
homerule_N,tot_rev_gn,ARIMA,115,519049.4675308764,2.1423743336607766
homerule_N,tot_rev_gn,ARIMA,118,237935.79528539255,9.618122405043653
homerule_N,tot_rev_gn,ARIMA,119,277867.0650628004,2.9033268871345306
homerule_N,tot_rev_gn,ARIMA,120,6353321.488174953,23.16513064595475
homerule_N,tot_rev_gn,ARIMA,121,35522.0,2.8617003278847006
homerule_N,tot_rev_gn,ARIMA,123,10584.0,0.7262940543938251
homerule_N,tot_rev_gn,ARIMA,124,476568.00866451394,64.58803805968006
homerule_N,tot_rev_gn,ARIMA,131,71192.15335920174,8.223508551133826
homerule_N,tot_rev_gn,ARIMA,133,156255.36110063083,4.416130608058253
homerule_N,tot_rev_gn,ARIMA,134,168360.6353884628,2.022096469974776
homerule_N,tot_rev_gn,ARIMA,135,38291.48076888872,0.9880512955001046
homerule_N,tot_rev_gn,ARIMA,136,2602566.0613947883,11.038670111773419
homerule_N,tot_rev_gn,ARIMA,139,141285.9582930979,18.55164147284933
homerule_N,tot_rev_gn,ARIMA,140,21742868.701663848,154.25983465066744
homerule_N,tot_rev_gn,ARIMA,141,28847.0,13.038280485517417
homerule_N,tot_rev_gn,ARIMA,142,135236.01865468489,14.692077330611298
homerule_N,tot_rev_gn,ARIMA,143,360277.27281504124,2.1047145201485975
homerule_N,tot_rev_gn,ARIMA,144,197035.0,5.1268734320441105
homerule_N,tot_rev_gn,ARIMA,145,59697.8885474517,4.327727939343934
homerule_N,tot_rev_gn,ARIMA,146,4623470.712023452,35.05241965759726
homerule_N,tot_rev_gn,ARIMA,147,294424.32389111957,21.653414273775173
homerule_N,tot_rev_gn,ARIMA,148,171446.93304669333,21.689391529610212
homerule_N,tot_rev_gn,ARIMA,149,89830.8836973426,8.130224253240542
homerule_N,tot_rev_gn,ARIMA,150,328101.00781821366,34.76075269639194
homerule_N,tot_rev_gn,ARIMA,151,293555.0,35.097336509635014
homerule_N,tot_rev_gn,ARIMA,152,163655.0,5.219932996161162
homerule_N,tot_rev_gn,ARIMA,153,8345.926874682773,0.5946463303290295
homerule_N,tot_rev_gn,ARIMA,154,17160.14567724755,1.8232781543502516
homerule_N,tot_rev_gn,ARIMA,155,65602.98657241999,4.7765611309545815
homerule_N,tot_rev_gn,ARIMA,156,105996.6934347013,4.236379242974014
homerule_N,tot_rev_gn,ARIMA,157,409586.2866616226,19.458491297382807
homerule_N,tot_rev_gn,ARIMA,161,202679.63595306315,1.6623857967220026
homerule_N,tot_rev_gn,ARIMA,162,786666.3596829958,12.607256606551129
homerule_N,tot_rev_gn,ARIMA,163,1962065.178129673,20.99281252053284
homerule_N,tot_rev_gn,ARIMA,164,312422.0,3.435798099270857
homerule_N,tot_rev_gn,ARIMA,165,21880.2016184628,0.15073051802193424
homerule_N,tot_rev_gn,ARIMA,166,55696.0,15.819491467654343
homerule_N,tot_rev_gn,ARIMA,168,192175.16637751763,14.532889396825063
homerule_N,tot_rev_gn,ARIMA,169,196549.1365846037,19.304335947154534
homerule_N,tot_rev_gn,ARIMA,170,34806.0,4.954090049261925
homerule_N,tot_rev_gn,ARIMA,171,23476.968089483562,3.4803509922849494
homerule_N,tot_rev_gn,ARIMA,172,2704.765223259572,0.0912309991122331
homerule_N,tot_rev_gn,ARIMA,173,162064.26917171665,13.196189556630058
homerule_N,tot_rev_gn,ARIMA,174,162170.0,24.018815751082307
homerule_N,tot_rev_gn,ARIMA,175,623131.5200886205,6.641788517503014
homerule_N,tot_rev_gn,ARIMA,176,141484.0,8.0267277712504
homerule_N,tot_rev_gn,ARIMA,177,63136.0,9.774237045683599
homerule_N,tot_rev_gn,ARIMA,178,2922790.2768746205,20.027277212067336
homerule_N,tot_rev_gn,ARIMA,180,173207.01119518653,2.0744419169183437
homerule_N,tot_rev_gn,ARIMA,181,214208.93195175938,3.735774077070674
homerule_N,tot_rev_gn,ARIMA,185,765485.1074195616,41.16663213060718
homerule_N,tot_rev_gn,ARIMA,186,197281.11819294654,8.936259657030039
homerule_N,tot_rev_gn,ARIMA,187,13551.975167289609,0.7814990525492135
homerule_N,tot_rev_gn,ARIMA,188,152624.34086571098,11.389461152323149
homerule_N,tot_rev_gn,ARIMA,189,2907291.845797865,68.63871923317161
homerule_N,tot_rev_gn,ARIMA,190,44360.073118099244,8.830141447233906
homerule_N,tot_rev_gn,ARIMA,192,52141.92747342773,0.5924477149369334
homerule_N,tot_rev_gn,ARIMA,193,765493.0,7.7105488878199555
homerule_N,tot_rev_gn,ARIMA,194,48871.0,13.279495460146704
homerule_N,tot_rev_gn,ARIMA,195,269482.9677688703,5.875669489072638
homerule_N,tot_rev_gn,ARIMA,196,1053169.0889052115,9.93331537659631
homerule_N,tot_rev_gn,ARIMA,197,103859.0695569946,7.572864091772495
homerule_N,tot_rev_gn,ARIMA,198,369120.6534905522,54.28665412325877
homerule_N,tot_rev_gn,ARIMA,200,106784.01683118148,19.82721348819169
homerule_N,tot_rev_gn,ARIMA,201,1278617.5115707116,34.778844181849614
homerule_N,tot_rev_gn,ARIMA,202,158112.4107994563,4.547765043709573
homerule_N,tot_rev_gn,ARIMA,203,97908.67814181838,4.3484207123692045
homerule_N,tot_rev_gn,ARIMA,204,536532.8011104483,30.75730702395589
homerule_N,tot_rev_gn,ARIMA,205,408115.7424550224,3.623118806284814
homerule_N,tot_rev_gn,ARIMA,206,218150.0,5.635183175097011
homerule_N,tot_rev_gn,ARIMA,207,110075.49698398937,11.741427067459243
homerule_N,tot_rev_gn,ARIMA,209,3054498.0,200.0
homerule_N,tot_rev_gn,ARIMA,211,345971.59821263375,10.520881690230727
homerule_N,tot_rev_gn,ARIMA,212,1370555.2265340164,18.125626573619734
homerule_N,tot_rev_gn,ARIMA,213,35502.0071307359,4.901899476142927
homerule_N,tot_rev_gn,ARIMA,214,49618.948591343826,6.902540488890551
homerule_N,tot_rev_gn,ARIMA,216,251330.0,51.18841524267297
homerule_N,tot_rev_gn,ARIMA,217,62028.43697368505,11.656474085775445
homerule_N,tot_rev_gn,ARIMA,218,428844.9753786307,8.980675129626535
homerule_N,tot_rev_gn,ARIMA,221,126041.0994001773,34.61426115001595
homerule_N,tot_rev_gn,ARIMA,222,179919.9034663597,2.275873170915248
homerule_N,tot_rev_gn,ARIMA,223,2895143.348715741,12.490062082858882
homerule_N,tot_rev_gn,ARIMA,226,268052.2351070475,4.0276180627154385
homerule_N,tot_rev_gn,ARIMA,227,1029098.7782394863,35.34773099604364
homerule_N,tot_rev_gn,ARIMA,228,1217661.8069158534,49.17435452612162
homerule_N,tot_rev_gn,ARIMA,230,257019.2023111335,13.455575634456041
homerule_N,tot_rev_gn,ARIMA,231,681304.0,42.826709679609316
homerule_N,tot_rev_gn,ARIMA,232,1099.4997218870558,0.03139712820949059
homerule_N,tot_rev_gn,ARIMA,233,82249.0,15.267188325145876
homerule_N,tot_rev_gn,ARIMA,234,98233.0977129977,16.635676855898115
homerule_N,tot_rev_gn,ARIMA,237,177300.0,7.219828507694431
homerule_N,tot_rev_gn,ARIMA,241,109035.07858988189,11.907012548141367
homerule_N,tot_rev_gn,ARIMA,245,97719.88276637346,7.206326600851047
homerule_N,tot_rev_gn,ARIMA,246,67739.33984454907,1.4837529179680178
homerule_N,tot_rev_gn,ARIMA,248,227085.3849656745,7.167906256401976
homerule_N,tot_rev_gn,ARIMA,249,41002.95638122887,6.798896977449442
homerule_N,tot_rev_gn,ARIMA,250,176423.2672009077,3.6412654605394392
homerule_N,tot_rev_gn,ARIMA,251,6109.341009378433,0.12082332104740516
homerule_N,tot_rev_gn,ARIMA,252,130247.99378079036,6.930912451852131
homerule_N,tot_rev_gn,ARIMA,253,64787.0,16.13051407657307
homerule_N,tot_rev_gn,ARIMA,254,121255.0,5.051307714018207
homerule_N,tot_rev_gn,ARIMA,255,138662.8697514343,5.926468850752706
homerule_N,tot_rev_gn,ARIMA,256,258531.82537354715,2.844470544594027
homerule_N,tot_rev_gn,ARIMA,257,653779.2374467254,3.4564771967062575
homerule_N,tot_rev_gn,ARIMA,258,671681.0,14.022218026084735
homerule_N,tot_rev_gn,ARIMA,259,575721.5608646534,3.9256630520654237
homerule_N,tot_rev_gn,ARIMA,262,1339167.1732104328,18.456339319220845
homerule_N,tot_rev_gn,ARIMA,264,409917.52840833296,41.50976296064838
homerule_N,tot_rev_gn,ARIMA,266,16513.0,4.755192397681869
homerule_N,tot_rev_gn,ARIMA,269,311400.42029733956,1.1860162165026746
homerule_N,tot_rev_gn,ARIMA,270,526091562.3255081,110.79333044393917
homerule_N,tot_rev_gn,ARIMA,271,513617.96189471893,5.373381651469191
homerule_N,tot_rev_gn,ARIMA,272,184726.75195832038,5.6289178712776975
homerule_N,tot_rev_gn,ARIMA,273,554587.3982203216,18.480903772581723
homerule_N,tot_rev_gn,ARIMA,274,97663.818437048,9.358141432315573
homerule_N,tot_rev_gn,STL-LSTM (full),2,307244.2375488281,9.283043982200068
homerule_N,tot_rev_gn,STL-LSTM (full),3,106536.54296875,2.060498070327273
homerule_N,tot_rev_gn,STL-LSTM (full),5,64510.81689453125,3.133755357179361
homerule_N,tot_rev_gn,STL-LSTM (full),6,1086549.1220703125,12.597510957761196
homerule_N,tot_rev_gn,STL-LSTM (full),7,81331.56030273438,2.0734717391752238
homerule_N,tot_rev_gn,STL-LSTM (full),8,23155.31201171875,2.6378340467779875
homerule_N,tot_rev_gn,STL-LSTM (full),9,70618.76879882812,8.323931531041923
homerule_N,tot_rev_gn,STL-LSTM (full),10,55982.08056640625,3.0777427935274617
homerule_N,tot_rev_gn,STL-LSTM (full),11,32629.080078125,2.968893875144409
homerule_N,tot_rev_gn,STL-LSTM (full),14,25663.7138671875,3.0661294653197326
homerule_N,tot_rev_gn,STL-LSTM (full),15,487652.498046875,10.945425453173948
homerule_N,tot_rev_gn,STL-LSTM (full),16,1842689.7280273438,14.978622389862556
homerule_N,tot_rev_gn,STL-LSTM (full),17,314183.8786621094,15.081733053645193
homerule_N,tot_rev_gn,STL-LSTM (full),18,128522.08728027344,3.699822090586618
homerule_N,tot_rev_gn,STL-LSTM (full),19,48323.1474609375,5.58728923499159
homerule_N,tot_rev_gn,STL-LSTM (full),21,615593.9367675781,15.299512327722265
homerule_N,tot_rev_gn,STL-LSTM (full),22,242925.31323242188,8.300625804414642
homerule_N,tot_rev_gn,STL-LSTM (full),24,2055222.611328125,10.26608960315785
homerule_N,tot_rev_gn,STL-LSTM (full),25,231580.94458007812,0.9115414374348811
homerule_N,tot_rev_gn,STL-LSTM (full),26,16268.966796875,3.4884059882915692
homerule_N,tot_rev_gn,STL-LSTM (full),28,509408.1618652344,2.616867189322815
homerule_N,tot_rev_gn,STL-LSTM (full),40,682519.5234375,4.189016739482024
homerule_N,tot_rev_gn,STL-LSTM (full),41,757204.197265625,6.299936651973444
homerule_N,tot_rev_gn,STL-LSTM (full),43,168250.22412109375,1.3319302284319585
homerule_N,tot_rev_gn,STL-LSTM (full),46,484255.40625,9.148434079766908
homerule_N,tot_rev_gn,STL-LSTM (full),47,10721.47802734375,1.0814867228393414
homerule_N,tot_rev_gn,STL-LSTM (full),49,707956.52734375,18.237140139078093
homerule_N,tot_rev_gn,STL-LSTM (full),50,253872.46337890625,3.7490370499804673
homerule_N,tot_rev_gn,STL-LSTM (full),51,215910.705078125,3.4153414953444816
homerule_N,tot_rev_gn,STL-LSTM (full),52,233240.38891601562,14.322457501522887
homerule_N,tot_rev_gn,STL-LSTM (full),53,107260.65002441406,5.446429108812818
homerule_N,tot_rev_gn,STL-LSTM (full),56,256750.73950195312,13.176619960895408
homerule_N,tot_rev_gn,STL-LSTM (full),64,1343154.474609375,20.324699626129682
homerule_N,tot_rev_gn,STL-LSTM (full),65,158660.47924804688,9.059954359924562
homerule_N,tot_rev_gn,STL-LSTM (full),66,171163.62133789062,11.054783324659114
homerule_N,tot_rev_gn,STL-LSTM (full),67,41462.08251953125,18.34093812437381
homerule_N,tot_rev_gn,STL-LSTM (full),68,1529595.5246582031,7.967017957786869
homerule_N,tot_rev_gn,STL-LSTM (full),69,43570.087890625,5.286181892781331
homerule_N,tot_rev_gn,STL-LSTM (full),70,546046.0046386719,10.82517574837084
homerule_N,tot_rev_gn,STL-LSTM (full),71,419283.97314453125,17.77430624486655
homerule_N,tot_rev_gn,STL-LSTM (full),72,1254254.337890625,39.40006776839019
homerule_N,tot_rev_gn,STL-LSTM (full),75,20260.974365234375,13.520793122643028
homerule_N,tot_rev_gn,STL-LSTM (full),77,120369.43090820312,16.562707676189678
homerule_N,tot_rev_gn,STL-LSTM (full),78,1211591.8273925781,8.924809118916809
homerule_N,tot_rev_gn,STL-LSTM (full),79,33154.10595703125,1.8286582833608969
homerule_N,tot_rev_gn,STL-LSTM (full),80,179201.66064453125,16.629348933795377
homerule_N,tot_rev_gn,STL-LSTM (full),81,330459.998046875,32.544328942260975
homerule_N,tot_rev_gn,STL-LSTM (full),82,283544.31201171875,16.138658477048313
homerule_N,tot_rev_gn,STL-LSTM (full),83,46781.26806640625,5.977263253136778
homerule_N,tot_rev_gn,STL-LSTM (full),84,195407.2734375,17.38770151969919
homerule_N,tot_rev_gn,STL-LSTM (full),85,11161.26220703125,25.208020413606018
homerule_N,tot_rev_gn,STL-LSTM (full),86,965436.28515625,5.63157664645302
homerule_N,tot_rev_gn,STL-LSTM (full),87,427701.0578613281,32.80282028180709
homerule_N,tot_rev_gn,STL-LSTM (full),88,54369.7578125,3.3018528480252822
homerule_N,tot_rev_gn,STL-LSTM (full),89,32616.26513671875,6.761863887383329
homerule_N,tot_rev_gn,STL-LSTM (full),90,641208.0676269531,33.45338504222579
homerule_N,tot_rev_gn,STL-LSTM (full),93,4102.1129150390625,0.6520252516827542
homerule_N,tot_rev_gn,STL-LSTM (full),95,294009.52099609375,9.341851195178293
homerule_N,tot_rev_gn,STL-LSTM (full),96,108200.91918945312,4.764061892403361
homerule_N,tot_rev_gn,STL-LSTM (full),97,438691.17138671875,7.092528928093052
homerule_N,tot_rev_gn,STL-LSTM (full),101,28799.42138671875,6.874342992127656
homerule_N,tot_rev_gn,STL-LSTM (full),103,3518.77783203125,2.01907892051112
homerule_N,tot_rev_gn,STL-LSTM (full),105,27879.830078125,1.4319460096959846
homerule_N,tot_rev_gn,STL-LSTM (full),107,11941.311279296875,12.294323648007301
homerule_N,tot_rev_gn,STL-LSTM (full),108,106094.54150390625,7.8561473443024346
homerule_N,tot_rev_gn,STL-LSTM (full),109,208058.34057617188,2.957586115363104
homerule_N,tot_rev_gn,STL-LSTM (full),110,261069.494140625,4.1924049590945955
homerule_N,tot_rev_gn,STL-LSTM (full),111,64564.69970703125,4.587517106481536
homerule_N,tot_rev_gn,STL-LSTM (full),115,395921.5791015625,1.6300225628741802
homerule_N,tot_rev_gn,STL-LSTM (full),118,238614.5780029297,9.644237843724415
homerule_N,tot_rev_gn,STL-LSTM (full),119,274467.19873046875,2.8672936943765324
homerule_N,tot_rev_gn,STL-LSTM (full),120,283644.1218261719,1.1628863002341603
homerule_N,tot_rev_gn,STL-LSTM (full),121,32707.86767578125,2.6320065095828045
homerule_N,tot_rev_gn,STL-LSTM (full),123,8051.23779296875,0.5520114258586779
homerule_N,tot_rev_gn,STL-LSTM (full),124,123840.93408203125,22.05559294905483
homerule_N,tot_rev_gn,STL-LSTM (full),131,74772.89453125,8.619299713556149
homerule_N,tot_rev_gn,STL-LSTM (full),133,192616.96411132812,5.726085718845711
homerule_N,tot_rev_gn,STL-LSTM (full),134,164450.14599609375,1.9746657923177129
homerule_N,tot_rev_gn,STL-LSTM (full),135,42160.434326171875,1.0873407843491862
homerule_N,tot_rev_gn,STL-LSTM (full),136,905002.7084960938,3.9818798798908537
homerule_N,tot_rev_gn,STL-LSTM (full),139,144266.25073242188,18.905978338965813
homerule_N,tot_rev_gn,STL-LSTM (full),140,153030.990234375,4.637238803549911
homerule_N,tot_rev_gn,STL-LSTM (full),141,26840.014282226562,12.076388579007231
homerule_N,tot_rev_gn,STL-LSTM (full),142,138264.75024414062,14.996447221820503
homerule_N,tot_rev_gn,STL-LSTM (full),143,357166.9599609375,2.086354743219014
homerule_N,tot_rev_gn,STL-LSTM (full),144,193288.70458984375,5.026944284775017
homerule_N,tot_rev_gn,STL-LSTM (full),145,61973.96044921875,4.4890256124619246
homerule_N,tot_rev_gn,STL-LSTM (full),146,49566.28143310547,0.4566787582356272
homerule_N,tot_rev_gn,STL-LSTM (full),147,12774.395751953125,1.0480367087164901
homerule_N,tot_rev_gn,STL-LSTM (full),148,31242.190185546875,4.337011955289413
homerule_N,tot_rev_gn,STL-LSTM (full),149,168001.83203125,14.685655625585111
homerule_N,tot_rev_gn,STL-LSTM (full),150,326017.2517089844,34.50190466139196
homerule_N,tot_rev_gn,STL-LSTM (full),151,290360.1237792969,34.64918200758398
homerule_N,tot_rev_gn,STL-LSTM (full),152,160502.9853515625,5.116824330789849
homerule_N,tot_rev_gn,STL-LSTM (full),153,5039.547607421875,0.3586447415519312
homerule_N,tot_rev_gn,STL-LSTM (full),154,14306.992919921875,1.5178279217236827
homerule_N,tot_rev_gn,STL-LSTM (full),155,62041.147705078125,4.511373375526102
homerule_N,tot_rev_gn,STL-LSTM (full),156,102294.57495117188,4.0853939117493026
homerule_N,tot_rev_gn,STL-LSTM (full),157,271658.86572265625,13.343039224552136
homerule_N,tot_rev_gn,STL-LSTM (full),161,461747.3977050781,3.893356306980631
homerule_N,tot_rev_gn,STL-LSTM (full),162,789783.7939453125,12.654056150079901
homerule_N,tot_rev_gn,STL-LSTM (full),163,62210.396484375,0.6005731647522231
homerule_N,tot_rev_gn,STL-LSTM (full),164,308536.87109375,3.392347469748918
homerule_N,tot_rev_gn,STL-LSTM (full),165,18443.89013671875,0.1270430752358749
homerule_N,tot_rev_gn,STL-LSTM (full),166,53323.692138671875,15.094822736671498
homerule_N,tot_rev_gn,STL-LSTM (full),168,195804.80615234375,14.787080011354186
homerule_N,tot_rev_gn,STL-LSTM (full),169,200504.333984375,19.654625272530414
homerule_N,tot_rev_gn,STL-LSTM (full),170,38231.06298828125,5.428362481680337
homerule_N,tot_rev_gn,STL-LSTM (full),171,26049.861328125,3.854419659066738
homerule_N,tot_rev_gn,STL-LSTM (full),172,202360.87158203125,7.063414856273573
homerule_N,tot_rev_gn,STL-LSTM (full),173,154611.61791992188,12.627667213646513
homerule_N,tot_rev_gn,STL-LSTM (full),174,165053.11669921875,24.39374841075046
homerule_N,tot_rev_gn,STL-LSTM (full),175,625309.5874023438,6.664230376877307
homerule_N,tot_rev_gn,STL-LSTM (full),176,144326.82788085938,8.18141072890561
homerule_N,tot_rev_gn,STL-LSTM (full),177,65479.314208984375,10.118657256500862
homerule_N,tot_rev_gn,STL-LSTM (full),178,2926566.552001953,20.050558574440185
homerule_N,tot_rev_gn,STL-LSTM (full),180,244703.66357421875,2.9182388803656
homerule_N,tot_rev_gn,STL-LSTM (full),181,211748.39404296875,3.6920704767460713
homerule_N,tot_rev_gn,STL-LSTM (full),185,15653.6650390625,1.0544285598346985
homerule_N,tot_rev_gn,STL-LSTM (full),186,200639.05004882812,9.081457529081673
homerule_N,tot_rev_gn,STL-LSTM (full),187,270153.98046875,16.82364846570558
homerule_N,tot_rev_gn,STL-LSTM (full),188,135862.07666015625,10.075575337402174
homerule_N,tot_rev_gn,STL-LSTM (full),189,2904071.9272460938,68.53664902586792
homerule_N,tot_rev_gn,STL-LSTM (full),190,45780.792236328125,9.100076566054353
homerule_N,tot_rev_gn,STL-LSTM (full),192,408764.86767578125,4.7693574706776705
homerule_N,tot_rev_gn,STL-LSTM (full),193,761500.2241210938,7.668788911939475
homerule_N,tot_rev_gn,STL-LSTM (full),194,44921.796142578125,12.141252339140504
homerule_N,tot_rev_gn,STL-LSTM (full),195,9990.13037109375,0.22466467756413255
homerule_N,tot_rev_gn,STL-LSTM (full),196,1057021.2531738281,9.967837542373422
homerule_N,tot_rev_gn,STL-LSTM (full),197,106862.62353515625,7.783344751629562
homerule_N,tot_rev_gn,STL-LSTM (full),198,209101.38745117188,34.853850597828206
homerule_N,tot_rev_gn,STL-LSTM (full),200,47843.64099121094,7.768252120204659
homerule_N,tot_rev_gn,STL-LSTM (full),201,1276919.442993164,34.72463680369208
homerule_N,tot_rev_gn,STL-LSTM (full),202,154475.85107421875,4.440844673414283
homerule_N,tot_rev_gn,STL-LSTM (full),203,94218.36645507812,4.1810964369537835
homerule_N,tot_rev_gn,STL-LSTM (full),204,532669.7258300781,30.502078005262234
homerule_N,tot_rev_gn,STL-LSTM (full),205,411546.79638671875,3.6530222357276867
homerule_N,tot_rev_gn,STL-LSTM (full),206,221391.40991210938,5.7165210182814015
homerule_N,tot_rev_gn,STL-LSTM (full),207,113594.55078125,12.094095483579009
homerule_N,tot_rev_gn,STL-LSTM (full),209,12889.022705078125,0.4228607782994478
homerule_N,tot_rev_gn,STL-LSTM (full),211,420649.54931640625,12.648197477997758
homerule_N,tot_rev_gn,STL-LSTM (full),212,1373504.7124023438,18.161091546167068
homerule_N,tot_rev_gn,STL-LSTM (full),213,38151.70263671875,5.2581346455707
homerule_N,tot_rev_gn,STL-LSTM (full),214,45877.33740234375,6.365475171890246
homerule_N,tot_rev_gn,STL-LSTM (full),216,248612.07983398438,50.49509595634558
homerule_N,tot_rev_gn,STL-LSTM (full),217,64339.562744140625,12.064585344396756
homerule_N,tot_rev_gn,STL-LSTM (full),218,425468.77978515625,8.90682370297723
homerule_N,tot_rev_gn,STL-LSTM (full),221,129258.74658203125,35.34176411440974
homerule_N,tot_rev_gn,STL-LSTM (full),222,183939.46411132812,2.3261267165294317
homerule_N,tot_rev_gn,STL-LSTM (full),223,2891643.424560547,12.474021172949895
homerule_N,tot_rev_gn,STL-LSTM (full),226,264363.2585449219,3.9710887947602296
homerule_N,tot_rev_gn,STL-LSTM (full),227,1032938.955078125,35.456250324314496
homerule_N,tot_rev_gn,STL-LSTM (full),228,1214098.2163085938,48.995186402676076
homerule_N,tot_rev_gn,STL-LSTM (full),230,261026.00634765625,13.651023903353906
homerule_N,tot_rev_gn,STL-LSTM (full),231,685101.0629882812,43.01405909268621
homerule_N,tot_rev_gn,STL-LSTM (full),232,4901.90087890625,0.13990189968021685
homerule_N,tot_rev_gn,STL-LSTM (full),233,85298.17456054688,15.78850001949096
homerule_N,tot_rev_gn,STL-LSTM (full),234,101472.77612304688,17.13730242381054
homerule_N,tot_rev_gn,STL-LSTM (full),237,181153.27270507812,7.3709546752268675
homerule_N,tot_rev_gn,STL-LSTM (full),241,112546.06713867188,12.266908382526449
homerule_N,tot_rev_gn,STL-LSTM (full),245,95065.6689453125,7.003737954686251
homerule_N,tot_rev_gn,STL-LSTM (full),246,71211.37109375,1.5592109025017704
homerule_N,tot_rev_gn,STL-LSTM (full),248,150086.26391601562,4.6805642168348855
homerule_N,tot_rev_gn,STL-LSTM (full),249,43623.89013671875,7.217802671701389
homerule_N,tot_rev_gn,STL-LSTM (full),250,180531.5869140625,3.7244795482783046
homerule_N,tot_rev_gn,STL-LSTM (full),251,3205.19580078125,0.0633703734979958
homerule_N,tot_rev_gn,STL-LSTM (full),252,512821.9574584961,32.921782685461835
homerule_N,tot_rev_gn,STL-LSTM (full),253,67421.53857421875,16.73158059761068
homerule_N,tot_rev_gn,STL-LSTM (full),254,124701.34252929688,5.191150894930712
homerule_N,tot_rev_gn,STL-LSTM (full),255,134713.22119140625,5.752804753039564
homerule_N,tot_rev_gn,STL-LSTM (full),256,254806.58349609375,2.8029095348437583
homerule_N,tot_rev_gn,STL-LSTM (full),257,4353.264404296875,0.023422849952197452
homerule_N,tot_rev_gn,STL-LSTM (full),258,668644.7272949219,13.954409286339597
homerule_N,tot_rev_gn,STL-LSTM (full),259,1400415.9382324219,10.238815497681179
homerule_N,tot_rev_gn,STL-LSTM (full),262,1343364.1962890625,18.508829447537334
homerule_N,tot_rev_gn,STL-LSTM (full),264,273517.76025390625,42.35311844075248
homerule_N,tot_rev_gn,STL-LSTM (full),266,19611.8310546875,5.62246591405508
homerule_N,tot_rev_gn,STL-LSTM (full),269,1626819.8676757812,6.433451734947532
homerule_N,tot_rev_gn,STL-LSTM (full),270,8221203.232666016,3.9585139395680415
homerule_N,tot_rev_gn,STL-LSTM (full),271,516425.06884765625,5.401955906720116
homerule_N,tot_rev_gn,STL-LSTM (full),272,101656.65869140625,3.1373475286690358
homerule_N,tot_rev_gn,STL-LSTM (full),273,443481.58984375,14.509837001696374
homerule_N,tot_rev_gn,STL-LSTM (full),274,10065.74951171875,0.9256515957814359
homerule_N,tot_rev_gn,MTL-LSTM (full),2,305557.03857421875,9.229714627132921
homerule_N,tot_rev_gn,MTL-LSTM (full),3,105041.63818359375,2.031291820944726
homerule_N,tot_rev_gn,MTL-LSTM (full),5,67441.984375,3.2784773670123593
homerule_N,tot_rev_gn,MTL-LSTM (full),6,1091581.5913085938,12.652166623388087
homerule_N,tot_rev_gn,MTL-LSTM (full),7,77877.01171875,1.9845273764061502
homerule_N,tot_rev_gn,MTL-LSTM (full),8,21618.32177734375,2.460587233110308
homerule_N,tot_rev_gn,MTL-LSTM (full),9,72438.37890625,8.529264698983564
homerule_N,tot_rev_gn,MTL-LSTM (full),10,53819.09436035156,2.9605879778156217
homerule_N,tot_rev_gn,MTL-LSTM (full),11,34403.4541015625,3.1278178337601985
homerule_N,tot_rev_gn,MTL-LSTM (full),14,26221.98046875,3.131783019731392
homerule_N,tot_rev_gn,MTL-LSTM (full),15,485416.53662109375,10.892505719196913
homerule_N,tot_rev_gn,MTL-LSTM (full),16,1843918.7021484375,14.987863680259261
homerule_N,tot_rev_gn,MTL-LSTM (full),17,309816.1376953125,14.856494506723953
homerule_N,tot_rev_gn,MTL-LSTM (full),18,125798.47802734375,3.6199972052488865
homerule_N,tot_rev_gn,MTL-LSTM (full),19,44742.34765625,5.162577625577285
homerule_N,tot_rev_gn,MTL-LSTM (full),21,614067.6669921875,15.258685536629857
homerule_N,tot_rev_gn,MTL-LSTM (full),22,241369.0048828125,8.245255255158778
homerule_N,tot_rev_gn,MTL-LSTM (full),24,2057346.5834960938,10.276153980862478
homerule_N,tot_rev_gn,MTL-LSTM (full),25,228890.41845703125,0.9009033709089315
homerule_N,tot_rev_gn,MTL-LSTM (full),26,15280.6875,3.2730303814666564
homerule_N,tot_rev_gn,MTL-LSTM (full),28,512684.8251953125,2.6334780102420723
homerule_N,tot_rev_gn,MTL-LSTM (full),40,678511.7553710938,4.163906632150928
homerule_N,tot_rev_gn,MTL-LSTM (full),41,760644.59375,6.327655123613505
homerule_N,tot_rev_gn,MTL-LSTM (full),43,168116.59619140625,1.3308653416693694
homerule_N,tot_rev_gn,MTL-LSTM (full),46,487095.61328125,9.199622475337907
homerule_N,tot_rev_gn,MTL-LSTM (full),47,11208.917236328125,1.1303773317896142
homerule_N,tot_rev_gn,MTL-LSTM (full),49,710442.5517578125,18.295322540963124
homerule_N,tot_rev_gn,MTL-LSTM (full),50,256143.7587890625,3.781943931818723
homerule_N,tot_rev_gn,MTL-LSTM (full),51,213247.68115234375,3.3725066430923043
homerule_N,tot_rev_gn,MTL-LSTM (full),52,238188.66552734375,14.604125705110022
homerule_N,tot_rev_gn,MTL-LSTM (full),53,103515.27197265625,5.251254680150406
homerule_N,tot_rev_gn,MTL-LSTM (full),56,254097.3134765625,13.031571449226142
homerule_N,tot_rev_gn,MTL-LSTM (full),64,1340134.2138671875,20.27436387305788
homerule_N,tot_rev_gn,MTL-LSTM (full),65,158720.52490234375,9.063227754893699
homerule_N,tot_rev_gn,MTL-LSTM (full),66,175424.49755859375,11.314408276469596
homerule_N,tot_rev_gn,MTL-LSTM (full),67,43786.8779296875,19.270235819177884
homerule_N,tot_rev_gn,MTL-LSTM (full),68,1526988.1357421875,7.952897135533293
homerule_N,tot_rev_gn,MTL-LSTM (full),69,45680.763671875,5.535174387461965
homerule_N,tot_rev_gn,MTL-LSTM (full),70,543581.3291015625,10.773682313316229
homerule_N,tot_rev_gn,MTL-LSTM (full),71,416990.0734863281,17.685662184271866
homerule_N,tot_rev_gn,MTL-LSTM (full),72,1254106.1362304688,39.39632933284683
homerule_N,tot_rev_gn,MTL-LSTM (full),75,20110.056762695312,13.426842231331356
homerule_N,tot_rev_gn,MTL-LSTM (full),77,122448.04736328125,16.824662557269363
homerule_N,tot_rev_gn,MTL-LSTM (full),78,1213961.7724609375,8.941486094031335
homerule_N,tot_rev_gn,MTL-LSTM (full),79,36362.1123046875,2.00382728515857
homerule_N,tot_rev_gn,MTL-LSTM (full),80,181809.40771484375,16.850950770319383
homerule_N,tot_rev_gn,MTL-LSTM (full),81,328177.07763671875,32.28321201709221
homerule_N,tot_rev_gn,MTL-LSTM (full),82,286059.33740234375,16.27016235531668
homerule_N,tot_rev_gn,MTL-LSTM (full),83,48850.61279296875,6.2334237214270996
homerule_N,tot_rev_gn,MTL-LSTM (full),84,198930.4404296875,17.673496428529226
homerule_N,tot_rev_gn,MTL-LSTM (full),85,8448.714672088623,19.68463264632103
homerule_N,tot_rev_gn,MTL-LSTM (full),86,967741.4438476562,5.644643581396333
homerule_N,tot_rev_gn,MTL-LSTM (full),87,430086.26123046875,32.95561142130664
homerule_N,tot_rev_gn,MTL-LSTM (full),88,58096.734375,3.5242022893787963
homerule_N,tot_rev_gn,MTL-LSTM (full),89,35423.169921875,7.3224740187288155
homerule_N,tot_rev_gn,MTL-LSTM (full),90,642944.0766601562,33.52877304826797
homerule_N,tot_rev_gn,MTL-LSTM (full),93,5620.5445556640625,0.8923010933803026
homerule_N,tot_rev_gn,MTL-LSTM (full),95,297239.5234375,9.439637261611342
homerule_N,tot_rev_gn,MTL-LSTM (full),96,111467.85693359375,4.904377129150863
homerule_N,tot_rev_gn,MTL-LSTM (full),97,436260.5087890625,7.051845643366943
homerule_N,tot_rev_gn,MTL-LSTM (full),101,31294.10400390625,7.447642515013918
homerule_N,tot_rev_gn,MTL-LSTM (full),103,5692.287109375,3.245999697536127
homerule_N,tot_rev_gn,MTL-LSTM (full),105,29994.1142578125,1.539702521305826
homerule_N,tot_rev_gn,MTL-LSTM (full),107,13354.92041015625,13.650388501431168
homerule_N,tot_rev_gn,MTL-LSTM (full),108,103787.57234191895,7.691889554781442
homerule_N,tot_rev_gn,MTL-LSTM (full),109,205846.96923828125,2.925691234590733
homerule_N,tot_rev_gn,MTL-LSTM (full),110,259497.41943359375,4.166633734761422
homerule_N,tot_rev_gn,MTL-LSTM (full),111,63546.34375,4.5135269046241175
homerule_N,tot_rev_gn,MTL-LSTM (full),115,394121.90380859375,1.6225531285734391
homerule_N,tot_rev_gn,MTL-LSTM (full),118,242424.77490234375,9.790698209428838
homerule_N,tot_rev_gn,MTL-LSTM (full),119,271825.3974609375,2.839303624056378
homerule_N,tot_rev_gn,MTL-LSTM (full),120,285543.236328125,1.1706267316061758
homerule_N,tot_rev_gn,MTL-LSTM (full),121,32596.239013671875,2.6229059312851195
homerule_N,tot_rev_gn,MTL-LSTM (full),123,5278.73828125,0.3615788064217663
homerule_N,tot_rev_gn,MTL-LSTM (full),124,126273.83154296875,22.44026692992895
homerule_N,tot_rev_gn,MTL-LSTM (full),131,76680.48486328125,8.829485727917397
homerule_N,tot_rev_gn,MTL-LSTM (full),133,189979.95947265625,5.645480459634408
homerule_N,tot_rev_gn,MTL-LSTM (full),134,162158.06201171875,1.9468752508854648
homerule_N,tot_rev_gn,MTL-LSTM (full),135,44706.11572265625,1.1526169348021762
homerule_N,tot_rev_gn,MTL-LSTM (full),136,906630.6591796875,3.9888997680157847
homerule_N,tot_rev_gn,MTL-LSTM (full),139,146990.8994140625,19.22871208517573
homerule_N,tot_rev_gn,MTL-LSTM (full),140,153081.32958984375,4.638728837624959
homerule_N,tot_rev_gn,MTL-LSTM (full),141,24274.1845703125,10.859236625931503
homerule_N,tot_rev_gn,MTL-LSTM (full),142,140285.95654296875,15.199011027751885
homerule_N,tot_rev_gn,MTL-LSTM (full),143,354212.697265625,2.068919198919833
homerule_N,tot_rev_gn,MTL-LSTM (full),144,191169.69091796875,4.970464550484147
homerule_N,tot_rev_gn,MTL-LSTM (full),145,64572.85791015625,4.672875994805381
homerule_N,tot_rev_gn,MTL-LSTM (full),146,47034.661376953125,0.43330315168774536
homerule_N,tot_rev_gn,MTL-LSTM (full),147,13487.1650390625,1.1061902781795996
homerule_N,tot_rev_gn,MTL-LSTM (full),148,33593.74609375,4.655853469186858
homerule_N,tot_rev_gn,MTL-LSTM (full),149,166163.18127441406,14.536614282618979
homerule_N,tot_rev_gn,MTL-LSTM (full),150,322091.603515625,34.01580082142316
homerule_N,tot_rev_gn,MTL-LSTM (full),151,287760.9345703125,34.28584472572091
homerule_N,tot_rev_gn,MTL-LSTM (full),152,158560.2236328125,5.053324327382603
homerule_N,tot_rev_gn,MTL-LSTM (full),153,4912.125732421875,0.3495607796156561
homerule_N,tot_rev_gn,MTL-LSTM (full),154,12887.9287109375,1.366251059989411
homerule_N,tot_rev_gn,MTL-LSTM (full),155,64700.00128173828,4.709266578104205
homerule_N,tot_rev_gn,MTL-LSTM (full),156,99918.8994140625,3.9886230938342933
homerule_N,tot_rev_gn,MTL-LSTM (full),157,272748.31396484375,13.392966227429016
homerule_N,tot_rev_gn,MTL-LSTM (full),161,458460.96240234375,3.8651102590299495
homerule_N,tot_rev_gn,MTL-LSTM (full),162,792807.4169921875,12.699425055459471
homerule_N,tot_rev_gn,MTL-LSTM (full),163,65669.28369140625,0.6338590997230357
homerule_N,tot_rev_gn,MTL-LSTM (full),164,305726.74609375,3.360931069364099
homerule_N,tot_rev_gn,MTL-LSTM (full),165,17847.27587890625,0.1229310198235111
homerule_N,tot_rev_gn,MTL-LSTM (full),166,51433.64794921875,14.520944878690695
homerule_N,tot_rev_gn,MTL-LSTM (full),168,197865.4931640625,14.931084024210254
homerule_N,tot_rev_gn,MTL-LSTM (full),169,201729.60791015625,19.762865444584467
homerule_N,tot_rev_gn,MTL-LSTM (full),170,40916.2978515625,5.798580156624288
homerule_N,tot_rev_gn,MTL-LSTM (full),171,23494.819049835205,3.482951228831879
homerule_N,tot_rev_gn,MTL-LSTM (full),172,198989.21728515625,6.9416423882683205
homerule_N,tot_rev_gn,MTL-LSTM (full),173,157239.12744140625,12.82850019086994
homerule_N,tot_rev_gn,MTL-LSTM (full),174,162591.3316040039,24.07370734802883
homerule_N,tot_rev_gn,MTL-LSTM (full),175,624055.9548950195,6.651314128480531
homerule_N,tot_rev_gn,MTL-LSTM (full),176,148284.57177734375,8.396343488313759
homerule_N,tot_rev_gn,MTL-LSTM (full),177,63148.265588760376,9.776043094226408
homerule_N,tot_rev_gn,MTL-LSTM (full),178,2928702.4506835938,20.063724077275573
homerule_N,tot_rev_gn,MTL-LSTM (full),180,247652.4931640625,2.952886238564768
homerule_N,tot_rev_gn,MTL-LSTM (full),181,212472.974609375,3.7049383893084977
homerule_N,tot_rev_gn,MTL-LSTM (full),185,17818.1171875,1.1993514258952014
homerule_N,tot_rev_gn,MTL-LSTM (full),186,200115.25341796875,9.058822951508487
homerule_N,tot_rev_gn,MTL-LSTM (full),187,267715.0166015625,16.659112386347697
homerule_N,tot_rev_gn,MTL-LSTM (full),188,134470.03662109375,9.967196425399994
homerule_N,tot_rev_gn,MTL-LSTM (full),189,2901209.6982421875,68.44598253872694
homerule_N,tot_rev_gn,MTL-LSTM (full),190,46558.031494140625,9.247428851359862
homerule_N,tot_rev_gn,MTL-LSTM (full),192,406061.6572265625,4.737070101584852
homerule_N,tot_rev_gn,MTL-LSTM (full),193,758999.7919921875,7.642645734103895
homerule_N,tot_rev_gn,MTL-LSTM (full),194,43107.53271484375,11.62240645994976
homerule_N,tot_rev_gn,MTL-LSTM (full),195,8406.0625,0.18900744307536219
homerule_N,tot_rev_gn,MTL-LSTM (full),196,1056131.4309082031,9.959864284020995
homerule_N,tot_rev_gn,MTL-LSTM (full),197,108811.0458984375,7.919638679937675
homerule_N,tot_rev_gn,MTL-LSTM (full),198,210841.99951171875,35.09307459244803
homerule_N,tot_rev_gn,MTL-LSTM (full),200,46190.15460205078,7.5098606309712075
homerule_N,tot_rev_gn,MTL-LSTM (full),201,1274383.857421875,34.64373998175031
homerule_N,tot_rev_gn,MTL-LSTM (full),202,151545.4853515625,4.354768769260127
homerule_N,tot_rev_gn,MTL-LSTM (full),203,91965.33349609375,4.07907518674333
homerule_N,tot_rev_gn,MTL-LSTM (full),204,531001.4033203125,30.39202830222209
homerule_N,tot_rev_gn,MTL-LSTM (full),205,414611.2158203125,3.679722555441568
homerule_N,tot_rev_gn,MTL-LSTM (full),206,219837.6884765625,5.6775414345549216
homerule_N,tot_rev_gn,MTL-LSTM (full),207,115540.95556640625,12.288591061707548
homerule_N,tot_rev_gn,MTL-LSTM (full),209,11905.0966796875,0.39051727679521075
homerule_N,tot_rev_gn,MTL-LSTM (full),211,422130.1318359375,12.68989133259058
homerule_N,tot_rev_gn,MTL-LSTM (full),212,1376413.9116210938,18.196058560757518
homerule_N,tot_rev_gn,MTL-LSTM (full),213,41202.25048828125,5.666654296675667
homerule_N,tot_rev_gn,MTL-LSTM (full),214,45801.451171875,6.354611421283347
homerule_N,tot_rev_gn,MTL-LSTM (full),216,248586.43310546875,50.4885719125058
homerule_N,tot_rev_gn,MTL-LSTM (full),217,65123.48876953125,12.20261389420189
homerule_N,tot_rev_gn,MTL-LSTM (full),218,422161.85546875,8.8345381105902
homerule_N,tot_rev_gn,MTL-LSTM (full),221,126147.63338470459,34.638451134490964
homerule_N,tot_rev_gn,MTL-LSTM (full),222,186047.97607421875,2.3524776437039727
homerule_N,tot_rev_gn,MTL-LSTM (full),223,2888875.1147460938,12.461335125195532
homerule_N,tot_rev_gn,MTL-LSTM (full),226,262305.16796875,3.9395645654548255
homerule_N,tot_rev_gn,MTL-LSTM (full),227,1032184.4326171875,35.43493961235772
homerule_N,tot_rev_gn,MTL-LSTM (full),228,1211712.64453125,48.87538992766304
homerule_N,tot_rev_gn,MTL-LSTM (full),230,263099.4990234375,13.752006273905412
homerule_N,tot_rev_gn,MTL-LSTM (full),231,686758.4619140625,43.09569621725877
homerule_N,tot_rev_gn,MTL-LSTM (full),232,7418.8359375,0.21166005061886428
homerule_N,tot_rev_gn,MTL-LSTM (full),233,88624.0166015625,16.353768511854554
homerule_N,tot_rev_gn,MTL-LSTM (full),234,104072.125,17.537800470306617
homerule_N,tot_rev_gn,MTL-LSTM (full),237,183273.060546875,7.453992215484797
homerule_N,tot_rev_gn,MTL-LSTM (full),241,115578.77099609375,12.576670607205298
homerule_N,tot_rev_gn,MTL-LSTM (full),245,91856.3154296875,6.75930553489877
homerule_N,tot_rev_gn,MTL-LSTM (full),246,71941.38427734375,1.5750690502799942
homerule_N,tot_rev_gn,MTL-LSTM (full),248,147241.31884765625,4.589806169870268
homerule_N,tot_rev_gn,MTL-LSTM (full),249,45835.85986328125,7.569932430509168
homerule_N,tot_rev_gn,MTL-LSTM (full),250,176618.18354797363,3.6452150889480124
homerule_N,tot_rev_gn,MTL-LSTM (full),251,343.52734375,0.006789545205788954
homerule_N,tot_rev_gn,MTL-LSTM (full),252,509921.23583984375,32.70511272054504
homerule_N,tot_rev_gn,MTL-LSTM (full),253,69637.45654296875,17.234104995433057
homerule_N,tot_rev_gn,MTL-LSTM (full),254,125753.03369140625,5.233785709206153
homerule_N,tot_rev_gn,MTL-LSTM (full),255,133942.7685546875,5.718962467213554
homerule_N,tot_rev_gn,MTL-LSTM (full),256,252208.2734375,2.7739313261154557
homerule_N,tot_rev_gn,MTL-LSTM (full),257,2713.87353515625,0.01460142166541665
homerule_N,tot_rev_gn,MTL-LSTM (full),258,666295.9096679688,13.901982873290189
homerule_N,tot_rev_gn,MTL-LSTM (full),259,1397484.91015625,10.216291315827577
homerule_N,tot_rev_gn,MTL-LSTM (full),262,1343224.4855957031,18.50708264216733
homerule_N,tot_rev_gn,MTL-LSTM (full),264,271698.5673828125,42.0122506533744
homerule_N,tot_rev_gn,MTL-LSTM (full),266,17833.862060546875,5.125808180489005
homerule_N,tot_rev_gn,MTL-LSTM (full),269,1623495.6860351562,6.41988389037485
homerule_N,tot_rev_gn,MTL-LSTM (full),270,8218457.829589844,3.9571658713091455
homerule_N,tot_rev_gn,MTL-LSTM (full),271,516371.42529296875,5.40140993397771
homerule_N,tot_rev_gn,MTL-LSTM (full),272,100725.74072265625,3.109063977356412
homerule_N,tot_rev_gn,MTL-LSTM (full),273,440612.7392578125,14.409211441301931
homerule_N,tot_rev_gn,MTL-LSTM (full),274,7233.7666015625,0.6643558713698158
homerule_N,tot_exp_gn,ARIMA,2,327877.55432997504,9.42278087739085
homerule_N,tot_exp_gn,ARIMA,3,967127.0,18.088275464531296
homerule_N,tot_exp_gn,ARIMA,5,16115426.215871146,200.0
homerule_N,tot_exp_gn,ARIMA,6,612781.6517372429,6.79243462823169
homerule_N,tot_exp_gn,ARIMA,7,7877.140279602259,0.2052026134154311
homerule_N,tot_exp_gn,ARIMA,8,129535.13840856531,18.20905578361965
homerule_N,tot_exp_gn,ARIMA,9,290764.7344603671,28.523953982538092
homerule_N,tot_exp_gn,ARIMA,10,759977.4097447065,36.462107426038074
homerule_N,tot_exp_gn,ARIMA,11,22732.02783262753,3.1439951689633574
homerule_N,tot_exp_gn,ARIMA,14,153319.02177320642,23.72120205862101
homerule_N,tot_exp_gn,ARIMA,15,924619.0,23.665511783050636
homerule_N,tot_exp_gn,ARIMA,16,2663583.7363226973,25.794665909588904
homerule_N,tot_exp_gn,ARIMA,17,591611.0,29.24059157223332
homerule_N,tot_exp_gn,ARIMA,18,561378.2137696724,14.818181975811218
homerule_N,tot_exp_gn,ARIMA,19,2006389.7502440533,200.0
homerule_N,tot_exp_gn,ARIMA,21,331865.9602401345,9.850679905603828
homerule_N,tot_exp_gn,ARIMA,22,270646.213253404,21.90142776848126
homerule_N,tot_exp_gn,ARIMA,24,793900.3118099235,3.949940632259773
homerule_N,tot_exp_gn,ARIMA,25,886985.0,3.9347251331757302
homerule_N,tot_exp_gn,ARIMA,26,51165.0,8.93940545484565
homerule_N,tot_exp_gn,ARIMA,28,2009114.9310327247,9.578982634019205
homerule_N,tot_exp_gn,ARIMA,40,599243.3517307751,4.3495800340862845
homerule_N,tot_exp_gn,ARIMA,41,806879.643869508,6.870622308426586
homerule_N,tot_exp_gn,ARIMA,43,2797835.0,28.399020429773163
homerule_N,tot_exp_gn,ARIMA,46,9498.142845030874,0.1571733020109209
homerule_N,tot_exp_gn,ARIMA,47,30477.807725374238,3.158953520076161
homerule_N,tot_exp_gn,ARIMA,49,392604.0,12.464430224824156
homerule_N,tot_exp_gn,ARIMA,50,1172823.4362984654,14.676327358436675
homerule_N,tot_exp_gn,ARIMA,51,855026.2643609503,17.654225831207455
homerule_N,tot_exp_gn,ARIMA,52,402153.0,18.093454933281024
homerule_N,tot_exp_gn,ARIMA,53,260548.0090245814,12.056206718146012
homerule_N,tot_exp_gn,ARIMA,56,2632227.906518884,38.46692086684156
homerule_N,tot_exp_gn,ARIMA,64,1463730.0,24.80264366328064
homerule_N,tot_exp_gn,ARIMA,65,388469.0,30.774977352641653
homerule_N,tot_exp_gn,ARIMA,66,637074.0734508098,52.5285867543971
homerule_N,tot_exp_gn,ARIMA,67,194237.66152360896,65.11927441675402
homerule_N,tot_exp_gn,ARIMA,68,2217254.725035753,13.40099893128749
homerule_N,tot_exp_gn,ARIMA,69,320259.3729863099,40.91358185922177
homerule_N,tot_exp_gn,ARIMA,70,1168600.897667707,25.29822177023516
homerule_N,tot_exp_gn,ARIMA,71,68105.66012886539,2.580187118607171
homerule_N,tot_exp_gn,ARIMA,72,972071.4637771198,41.26770727304917
homerule_N,tot_exp_gn,ARIMA,75,16475.009671172797,12.985485664030563
homerule_N,tot_exp_gn,ARIMA,77,816789.0085621543,195.7879184055789
homerule_N,tot_exp_gn,ARIMA,78,678212.4649630636,5.790123005857863
homerule_N,tot_exp_gn,ARIMA,79,670969.6238787735,35.612999010898235
homerule_N,tot_exp_gn,ARIMA,80,149579.06372185354,18.307827453331708
homerule_N,tot_exp_gn,ARIMA,81,599032.446271409,65.74618884643456
homerule_N,tot_exp_gn,ARIMA,82,115956.0,7.741299750048068
homerule_N,tot_exp_gn,ARIMA,83,81834.04944844684,11.127706891576883
homerule_N,tot_exp_gn,ARIMA,84,176055.07088365755,16.724183818836934
homerule_N,tot_exp_gn,ARIMA,85,15876.986988975073,69.90108279900244
homerule_N,tot_exp_gn,ARIMA,86,801159.6205155067,5.0447578655056535
homerule_N,tot_exp_gn,ARIMA,87,626673.2409665865,52.095163865893134
homerule_N,tot_exp_gn,ARIMA,88,267241.10289470153,19.141637658162725
homerule_N,tot_exp_gn,ARIMA,89,80541.97700502991,17.56104460708866
homerule_N,tot_exp_gn,ARIMA,90,410928.690336304,32.775226332465635
homerule_N,tot_exp_gn,ARIMA,93,388007.95711937186,49.22709561961632
homerule_N,tot_exp_gn,ARIMA,95,348310.419516674,16.006127138548802
homerule_N,tot_exp_gn,ARIMA,96,73985.0,3.7425920225653235
homerule_N,tot_exp_gn,ARIMA,97,365627.47730262484,7.8208237245378704
homerule_N,tot_exp_gn,ARIMA,101,156455.77036804543,42.55344324003306
homerule_N,tot_exp_gn,ARIMA,103,648114.006452588,124.68142620273301
homerule_N,tot_exp_gn,ARIMA,105,119011.9822463987,6.029730250500015
homerule_N,tot_exp_gn,ARIMA,107,63907.0,86.1239698936034
homerule_N,tot_exp_gn,ARIMA,108,1528213.0,200.0
homerule_N,tot_exp_gn,ARIMA,109,46341.81202907208,0.742330463284109
homerule_N,tot_exp_gn,ARIMA,110,1827843.5014238684,38.98427878111042
homerule_N,tot_exp_gn,ARIMA,111,391081.3266180743,37.33286757332171
homerule_N,tot_exp_gn,ARIMA,115,526916.3038490303,2.699158225504198
homerule_N,tot_exp_gn,ARIMA,118,793021.5182162845,34.03435617602783
homerule_N,tot_exp_gn,ARIMA,119,796927.2877631411,9.009620662361643
homerule_N,tot_exp_gn,ARIMA,120,886176.6513413377,5.120488450471009
homerule_N,tot_exp_gn,ARIMA,121,22016.054338411195,2.0158987686078293
homerule_N,tot_exp_gn,ARIMA,123,141918.58089780505,12.806251057430234
homerule_N,tot_exp_gn,ARIMA,124,269553.4163170154,57.063644573594075
homerule_N,tot_exp_gn,ARIMA,131,75667.97359336761,10.380847833950199
homerule_N,tot_exp_gn,ARIMA,133,1885289.7106367224,48.36691535650115
homerule_N,tot_exp_gn,ARIMA,134,680270.8423955711,9.365555663534366
homerule_N,tot_exp_gn,ARIMA,135,110983.0,3.070368549077054
homerule_N,tot_exp_gn,ARIMA,136,3528230.7900758833,14.972228711553711
homerule_N,tot_exp_gn,ARIMA,139,107418.0491066241,17.802307195245582
homerule_N,tot_exp_gn,ARIMA,140,177981.0,5.659678073036402
homerule_N,tot_exp_gn,ARIMA,141,12732.01585219978,5.44086947012313
homerule_N,tot_exp_gn,ARIMA,142,1733541.925758233,163.0635707028444
homerule_N,tot_exp_gn,ARIMA,143,11027482.343719851,44.52254801570601
homerule_N,tot_exp_gn,ARIMA,144,276285.65854939027,8.002247355291024
homerule_N,tot_exp_gn,ARIMA,145,23015.911174367182,1.7515474841407142
homerule_N,tot_exp_gn,ARIMA,146,2995879.824613303,34.162660181296545
homerule_N,tot_exp_gn,ARIMA,147,575348.0,36.21700187522071
homerule_N,tot_exp_gn,ARIMA,148,430013.29741100426,68.2771742931618
homerule_N,tot_exp_gn,ARIMA,149,1112029.6011776496,200.0
homerule_N,tot_exp_gn,ARIMA,150,74338.05758145079,10.849547369874161
homerule_N,tot_exp_gn,ARIMA,151,9844.988624623598,4.67234858292762
homerule_N,tot_exp_gn,ARIMA,152,547095.2490518694,16.722280064361744
homerule_N,tot_exp_gn,ARIMA,153,64253.0,24.84835476766423
homerule_N,tot_exp_gn,ARIMA,154,20372.39698202908,8.747091880475084
homerule_N,tot_exp_gn,ARIMA,155,159718.8988115762,11.736894857973308
homerule_N,tot_exp_gn,ARIMA,156,23685.031440100167,1.256232756928418
homerule_N,tot_exp_gn,ARIMA,157,493231.51157633355,28.227333593641855
homerule_N,tot_exp_gn,ARIMA,161,964887.0,9.149239630481041
homerule_N,tot_exp_gn,ARIMA,162,1453322.5190612106,23.251137491473198
homerule_N,tot_exp_gn,ARIMA,163,2012744.0,22.156240405859723
homerule_N,tot_exp_gn,ARIMA,164,1729421.4242841732,20.941764281299704
homerule_N,tot_exp_gn,ARIMA,165,1337615.7498592418,11.418090679526259
homerule_N,tot_exp_gn,ARIMA,166,6902.762042362592,2.5147350293215887
homerule_N,tot_exp_gn,ARIMA,168,30560.0,4.505334605127177
homerule_N,tot_exp_gn,ARIMA,169,82833.98261964717,9.195458976053388
homerule_N,tot_exp_gn,ARIMA,170,311927.91658116167,54.04746083482427
homerule_N,tot_exp_gn,ARIMA,171,39019.02733229182,7.027157215871359
homerule_N,tot_exp_gn,ARIMA,172,265852.0,10.058922861487574
homerule_N,tot_exp_gn,ARIMA,173,168482.94239404472,13.596505907238726
homerule_N,tot_exp_gn,ARIMA,174,143800.8939723164,21.88985356525605
homerule_N,tot_exp_gn,ARIMA,175,490647.0,5.86781916530076
homerule_N,tot_exp_gn,ARIMA,176,190788.1462381475,13.553529545996968
homerule_N,tot_exp_gn,ARIMA,177,128628.13120323932,23.621865957718764
homerule_N,tot_exp_gn,ARIMA,178,34494.29928449914,0.21946980447683392
homerule_N,tot_exp_gn,ARIMA,180,3780407.060216548,46.10160573427774
homerule_N,tot_exp_gn,ARIMA,181,586025.146025381,12.127897361835812
homerule_N,tot_exp_gn,ARIMA,185,290333.0476691171,23.10843076572761
homerule_N,tot_exp_gn,ARIMA,186,127475.03040167294,7.195984559502425
homerule_N,tot_exp_gn,ARIMA,187,369055.0782538662,24.72590788524045
homerule_N,tot_exp_gn,ARIMA,188,108932.0,9.168156370038952
homerule_N,tot_exp_gn,ARIMA,189,299706.3290293475,15.296455257886082
homerule_N,tot_exp_gn,ARIMA,190,7145.938217998599,1.368775292714783
homerule_N,tot_exp_gn,ARIMA,192,492093.82478802,6.557729136045115
homerule_N,tot_exp_gn,ARIMA,193,1023410.8396076988,9.883846062622057
homerule_N,tot_exp_gn,ARIMA,194,164365.72413304006,43.34674735048657
homerule_N,tot_exp_gn,ARIMA,195,504897.0,12.260380559714346
homerule_N,tot_exp_gn,ARIMA,196,9116769.467561198,200.0
homerule_N,tot_exp_gn,ARIMA,197,512015.2583035517,40.08109211987755
homerule_N,tot_exp_gn,ARIMA,198,450253.37781102443,57.54965743299706
homerule_N,tot_exp_gn,ARIMA,200,33412.07030983502,4.616801392665295
homerule_N,tot_exp_gn,ARIMA,201,1809482.9264319483,34.59079229544357
homerule_N,tot_exp_gn,ARIMA,202,839591.0,28.548908636902514
homerule_N,tot_exp_gn,ARIMA,203,789.1210896770936,0.14371472042580533
homerule_N,tot_exp_gn,ARIMA,204,42966.791955137625,1.4774062722406398
homerule_N,tot_exp_gn,ARIMA,205,1011155.7262112387,7.242892323416513
homerule_N,tot_exp_gn,ARIMA,206,96881.87269830797,4.192174701871656
homerule_N,tot_exp_gn,ARIMA,207,250963.08016776375,27.986987079600635
homerule_N,tot_exp_gn,ARIMA,209,169120.89483430074,10.44086617890173
homerule_N,tot_exp_gn,ARIMA,211,219947.5842112573,20.6438885761185
homerule_N,tot_exp_gn,ARIMA,212,393142.9737282526,5.497561613484513
homerule_N,tot_exp_gn,ARIMA,213,118139.92832337134,17.983696047120056
homerule_N,tot_exp_gn,ARIMA,214,213243.12496965076,34.53786152351658
homerule_N,tot_exp_gn,ARIMA,216,239176.1019483338,56.00003055347291
homerule_N,tot_exp_gn,ARIMA,217,83439.85551108787,17.729624566481668
homerule_N,tot_exp_gn,ARIMA,218,35318.980452135205,0.819085530746646
homerule_N,tot_exp_gn,ARIMA,221,109549.98929736234,35.83472759380057
homerule_N,tot_exp_gn,ARIMA,222,1226644.4022579277,22.17393283194263
homerule_N,tot_exp_gn,ARIMA,223,5575968.5387108065,25.924558406136555
homerule_N,tot_exp_gn,ARIMA,226,537836.0,8.883189581631097
homerule_N,tot_exp_gn,ARIMA,227,1135237.0,42.3993230969993
homerule_N,tot_exp_gn,ARIMA,228,449437.9112120627,28.943335245744358
homerule_N,tot_exp_gn,ARIMA,230,534354.2260987954,39.28907962122669
homerule_N,tot_exp_gn,ARIMA,231,392349.24235476763,24.947135437083247
homerule_N,tot_exp_gn,ARIMA,232,771610.2076900066,23.89123601756897
homerule_N,tot_exp_gn,ARIMA,233,131015.7266676994,18.9088116749525
homerule_N,tot_exp_gn,ARIMA,234,11360.914557090844,2.0413233548333904
homerule_N,tot_exp_gn,ARIMA,237,588907.7264263234,21.763725552859825
homerule_N,tot_exp_gn,ARIMA,241,148814.0,16.308490795555915
homerule_N,tot_exp_gn,ARIMA,245,54027.9862213782,5.466527360445285
homerule_N,tot_exp_gn,ARIMA,246,538212.0,14.144103706397871
homerule_N,tot_exp_gn,ARIMA,248,350890.89013091894,11.74443864891485
homerule_N,tot_exp_gn,ARIMA,249,93934.97847584204,16.10125732330342
homerule_N,tot_exp_gn,ARIMA,250,697342.1340253651,11.080295132282881
homerule_N,tot_exp_gn,ARIMA,251,1165854.6977047091,20.99003253285478
homerule_N,tot_exp_gn,ARIMA,252,784144.0,48.33654798648058
homerule_N,tot_exp_gn,ARIMA,253,83838.01689831435,27.813058430152317
homerule_N,tot_exp_gn,ARIMA,254,508442.702273024,27.184162961142626
homerule_N,tot_exp_gn,ARIMA,255,196279.3999809334,8.610072244102971
homerule_N,tot_exp_gn,ARIMA,256,6100810.0,91.25389235923413
homerule_N,tot_exp_gn,ARIMA,257,3289420.7396077923,13.677653947431011
homerule_N,tot_exp_gn,ARIMA,258,1187904.9892583308,33.045878538712635
homerule_N,tot_exp_gn,ARIMA,259,1960466.7077506892,17.279293008874745
homerule_N,tot_exp_gn,ARIMA,262,442296.8646720657,7.773382231979846
homerule_N,tot_exp_gn,ARIMA,264,376735.32491503685,64.80683722638653
homerule_N,tot_exp_gn,ARIMA,266,8154.31912295433,2.87473983655333
homerule_N,tot_exp_gn,ARIMA,269,611379.8737748265,2.1265624395909084
homerule_N,tot_exp_gn,ARIMA,270,256853348.6033175,200.0
homerule_N,tot_exp_gn,ARIMA,271,21052.859981853515,0.2922151372614615
homerule_N,tot_exp_gn,ARIMA,272,354970.4506521316,17.24449378871995
homerule_N,tot_exp_gn,ARIMA,273,714289.3992231772,26.69996901290366
homerule_N,tot_exp_gn,ARIMA,274,3715.054501446779,0.4231589734453574
homerule_N,tot_exp_gn,STL-LSTM (full),2,326482.48474121094,9.380807863794628
homerule_N,tot_exp_gn,STL-LSTM (full),3,965868.5471191406,18.06261279506555
homerule_N,tot_exp_gn,STL-LSTM (full),5,147879.14001464844,8.547697072340798
homerule_N,tot_exp_gn,STL-LSTM (full),6,479309.3391113281,5.6552429019869574
homerule_N,tot_exp_gn,STL-LSTM (full),7,326636.9157714844,8.87761090514748
homerule_N,tot_exp_gn,STL-LSTM (full),8,129497.15534591675,18.204202410763937
homerule_N,tot_exp_gn,STL-LSTM (full),9,61121.506591796875,6.757126840216057
homerule_N,tot_exp_gn,STL-LSTM (full),10,762689.3508300781,36.56843044258163
homerule_N,tot_exp_gn,STL-LSTM (full),11,20135.8935546875,2.7799411420142506
homerule_N,tot_exp_gn,STL-LSTM (full),14,150818.13208007812,23.28921281127559
homerule_N,tot_exp_gn,STL-LSTM (full),15,923908.4608764648,23.645175544781956
homerule_N,tot_exp_gn,STL-LSTM (full),16,2664638.38671875,25.803561634581122
homerule_N,tot_exp_gn,STL-LSTM (full),17,588655.1215820312,29.073258848817684
homerule_N,tot_exp_gn,STL-LSTM (full),18,561445.6273269653,14.820093287516013
homerule_N,tot_exp_gn,STL-LSTM (full),19,245919.60278320312,29.838810852361043
homerule_N,tot_exp_gn,STL-LSTM (full),21,329364.37646484375,9.772797792794815
homerule_N,tot_exp_gn,STL-LSTM (full),22,267470.69921875,21.616682207542624
homerule_N,tot_exp_gn,STL-LSTM (full),24,796409.3129882812,3.962176515874663
homerule_N,tot_exp_gn,STL-LSTM (full),25,884952.1164550781,3.925530122691731
homerule_N,tot_exp_gn,STL-LSTM (full),26,53196.513427734375,9.277880319677035
homerule_N,tot_exp_gn,STL-LSTM (full),28,1127807.3275146484,5.266472339579081
homerule_N,tot_exp_gn,STL-LSTM (full),40,211611.02807617188,1.5146604893938043
homerule_N,tot_exp_gn,STL-LSTM (full),41,804763.1042480469,6.85198241561397
homerule_N,tot_exp_gn,STL-LSTM (full),43,2796332.022216797,28.381599756425658
homerule_N,tot_exp_gn,STL-LSTM (full),46,7633.2291259765625,0.1262936085269251
homerule_N,tot_exp_gn,STL-LSTM (full),47,29793.618041992188,3.0869443108345647
homerule_N,tot_exp_gn,STL-LSTM (full),49,392292.3009338379,12.45391816167505
homerule_N,tot_exp_gn,STL-LSTM (full),50,780479.4096679688,11.126485996457156
homerule_N,tot_exp_gn,STL-LSTM (full),51,855091.6759872437,17.655695651401405
homerule_N,tot_exp_gn,STL-LSTM (full),52,402263.36308288574,18.09886967109903
homerule_N,tot_exp_gn,STL-LSTM (full),53,259617.5955810547,12.010568737557549
homerule_N,tot_exp_gn,STL-LSTM (full),56,2632156.878982544,38.466082518680864
homerule_N,tot_exp_gn,STL-LSTM (full),64,1462646.8244628906,24.782015174763853
homerule_N,tot_exp_gn,STL-LSTM (full),65,388233.00874328613,30.753407090958053
homerule_N,tot_exp_gn,STL-LSTM (full),66,1335.805305480957,0.149261178148671
homerule_N,tot_exp_gn,STL-LSTM (full),67,160507.84350585938,57.03601021085102
homerule_N,tot_exp_gn,STL-LSTM (full),68,2215943.423461914,13.392542767061647
homerule_N,tot_exp_gn,STL-LSTM (full),69,162447.93770599365,18.85255384088545
homerule_N,tot_exp_gn,STL-LSTM (full),70,1166483.7885742188,25.246604471325785
homerule_N,tot_exp_gn,STL-LSTM (full),71,451196.3505859375,18.958532240642153
homerule_N,tot_exp_gn,STL-LSTM (full),72,975031.7778320312,41.36738827922264
homerule_N,tot_exp_gn,STL-LSTM (full),75,13886.763916015625,10.834930443015825
homerule_N,tot_exp_gn,STL-LSTM (full),77,49407.05534744263,5.810690701859246
homerule_N,tot_exp_gn,STL-LSTM (full),78,681227.3930664062,5.815114050552636
homerule_N,tot_exp_gn,STL-LSTM (full),79,517852.05517578125,26.412708982044453
homerule_N,tot_exp_gn,STL-LSTM (full),80,260923.54956054688,34.27115943720172
homerule_N,tot_exp_gn,STL-LSTM (full),81,485722.51525878906,50.18915838253308
homerule_N,tot_exp_gn,STL-LSTM (full),82,118492.73291015625,7.903960891707746
homerule_N,tot_exp_gn,STL-LSTM (full),83,82637.10363769531,11.230773429540927
homerule_N,tot_exp_gn,STL-LSTM (full),84,176016.57284545898,16.720832481841
homerule_N,tot_exp_gn,STL-LSTM (full),85,9871.849426269531,27.739323115478086
homerule_N,tot_exp_gn,STL-LSTM (full),86,798878.6831054688,5.030033990220907
homerule_N,tot_exp_gn,STL-LSTM (full),87,622932.326171875,51.70378819012813
homerule_N,tot_exp_gn,STL-LSTM (full),88,268245.3600463867,19.206661585609407
homerule_N,tot_exp_gn,STL-LSTM (full),89,78830.18359375,17.15579664289465
homerule_N,tot_exp_gn,STL-LSTM (full),90,707212.647649765,50.445994371510714
homerule_N,tot_exp_gn,STL-LSTM (full),93,60148.42076873779,9.634997757093657
homerule_N,tot_exp_gn,STL-LSTM (full),95,498511.59033203125,23.72727834811046
homerule_N,tot_exp_gn,STL-LSTM (full),96,73018.08135986328,3.692776536248636
homerule_N,tot_exp_gn,STL-LSTM (full),97,342526.17388916016,7.927059519018369
homerule_N,tot_exp_gn,STL-LSTM (full),101,99596.71704101562,29.358833089231528
homerule_N,tot_exp_gn,STL-LSTM (full),103,649964.4133300781,124.81524507972352
homerule_N,tot_exp_gn,STL-LSTM (full),105,116320.28637695312,5.8893399677590486
homerule_N,tot_exp_gn,STL-LSTM (full),107,60394.2734375,79.50813867829561
homerule_N,tot_exp_gn,STL-LSTM (full),108,162874.98608398438,11.257792608505348
homerule_N,tot_exp_gn,STL-LSTM (full),109,652572.7368164062,9.969240110605874
homerule_N,tot_exp_gn,STL-LSTM (full),110,1161378.2885742188,23.126268756441902
homerule_N,tot_exp_gn,STL-LSTM (full),111,370001.9851074219,34.96879123020915
homerule_N,tot_exp_gn,STL-LSTM (full),115,1048256.7397460938,5.442426353147005
homerule_N,tot_exp_gn,STL-LSTM (full),118,207623.95727539062,11.347189673028197
homerule_N,tot_exp_gn,STL-LSTM (full),119,794455.8645019531,8.980425523073036
homerule_N,tot_exp_gn,STL-LSTM (full),120,1476221.06640625,8.67780119276357
homerule_N,tot_exp_gn,STL-LSTM (full),121,22116.817947387695,2.02503176384838
homerule_N,tot_exp_gn,STL-LSTM (full),123,118100.34436035156,10.543667927658477
homerule_N,tot_exp_gn,STL-LSTM (full),124,312644.7711791992,69.34907294622604
homerule_N,tot_exp_gn,STL-LSTM (full),131,75352.2197265625,10.33529120809634
homerule_N,tot_exp_gn,STL-LSTM (full),133,1883214.2160644531,48.300809484986594
homerule_N,tot_exp_gn,STL-LSTM (full),134,739500.2407226562,10.222669616104636
homerule_N,tot_exp_gn,STL-LSTM (full),135,109673.42834472656,3.0335894393854113
homerule_N,tot_exp_gn,STL-LSTM (full),136,3525702.776123047,14.960698480702389
homerule_N,tot_exp_gn,STL-LSTM (full),139,104170.02612304688,17.217674246375715
homerule_N,tot_exp_gn,STL-LSTM (full),140,175240.96801757812,5.570120211991695
homerule_N,tot_exp_gn,STL-LSTM (full),141,13247.797180175781,5.655050013854836
homerule_N,tot_exp_gn,STL-LSTM (full),142,1460256.88671875,121.71337438738587
homerule_N,tot_exp_gn,STL-LSTM (full),143,6569980.954589844,29.148667491459832
homerule_N,tot_exp_gn,STL-LSTM (full),144,699463.8622283936,23.592866456335525
homerule_N,tot_exp_gn,STL-LSTM (full),145,26035.487548828125,1.979068158145124
homerule_N,tot_exp_gn,STL-LSTM (full),146,641262.0123443604,6.446939766576162
homerule_N,tot_exp_gn,STL-LSTM (full),147,572726.0681152344,36.02223001750697
homerule_N,tot_exp_gn,STL-LSTM (full),148,438191.90625,70.03047283803129
homerule_N,tot_exp_gn,STL-LSTM (full),149,85362.0888671875,7.39260892117708
homerule_N,tot_exp_gn,STL-LSTM (full),150,71361.36328125,10.392527625850349
homerule_N,tot_exp_gn,STL-LSTM (full),151,9809.873119354248,4.656071039527623
homerule_N,tot_exp_gn,STL-LSTM (full),152,548581.4328613281,16.763898535526664
homerule_N,tot_exp_gn,STL-LSTM (full),153,65523.66735839844,25.277648524931283
homerule_N,tot_exp_gn,STL-LSTM (full),154,46072.944580078125,17.312359443246624
homerule_N,tot_exp_gn,STL-LSTM (full),155,159074.19763183594,11.686750848929659
homerule_N,tot_exp_gn,STL-LSTM (full),156,25595.486083984375,1.3568741002143831
homerule_N,tot_exp_gn,STL-LSTM (full),157,444653.0925102234,25.098339712221364
homerule_N,tot_exp_gn,STL-LSTM (full),161,963922.7286376953,9.139678389672646
homerule_N,tot_exp_gn,STL-LSTM (full),162,1449180.8447265625,23.177197742361162
homerule_N,tot_exp_gn,STL-LSTM (full),163,2011188.9731445312,22.137228013235113
homerule_N,tot_exp_gn,STL-LSTM (full),164,613270.0867919922,6.956080297596519
homerule_N,tot_exp_gn,STL-LSTM (full),165,434329.2434082031,3.44682397278309
homerule_N,tot_exp_gn,STL-LSTM (full),166,19015.53338623047,7.083817691813351
homerule_N,tot_exp_gn,STL-LSTM (full),168,34129.115234375,5.018311851120746
homerule_N,tot_exp_gn,STL-LSTM (full),169,81494.03186035156,9.039986655385711
homerule_N,tot_exp_gn,STL-LSTM (full),170,21042.43768310547,2.8297214835627558
homerule_N,tot_exp_gn,STL-LSTM (full),171,34783.13623046875,6.240488372119131
homerule_N,tot_exp_gn,STL-LSTM (full),172,266820.18768310547,10.093706936591655
homerule_N,tot_exp_gn,STL-LSTM (full),173,167462.22497558594,13.508570815478837
homerule_N,tot_exp_gn,STL-LSTM (full),174,148034.2509765625,22.46189534410589
homerule_N,tot_exp_gn,STL-LSTM (full),175,489328.90966796875,5.851594453631265
homerule_N,tot_exp_gn,STL-LSTM (full),176,187306.02587890625,13.289723507332795
homerule_N,tot_exp_gn,STL-LSTM (full),177,125006.27099609375,22.880637184269574
homerule_N,tot_exp_gn,STL-LSTM (full),178,2159672.595123291,12.844346434710035
homerule_N,tot_exp_gn,STL-LSTM (full),180,3780882.0673217773,46.10606300596845
homerule_N,tot_exp_gn,STL-LSTM (full),181,585063.2631835938,12.106786011803791
homerule_N,tot_exp_gn,STL-LSTM (full),185,287272.5949707031,22.837026285947974
homerule_N,tot_exp_gn,STL-LSTM (full),186,126950.24084472656,7.165298770266054
homerule_N,tot_exp_gn,STL-LSTM (full),187,43211.539794921875,3.3589722473565993
homerule_N,tot_exp_gn,STL-LSTM (full),188,108268.1351928711,9.109737864473951
homerule_N,tot_exp_gn,STL-LSTM (full),189,319725.8210449219,16.40200739691908
homerule_N,tot_exp_gn,STL-LSTM (full),190,7173.831609725952,1.37415486764863
homerule_N,tot_exp_gn,STL-LSTM (full),192,45068.5712890625,0.6228858157388447
homerule_N,tot_exp_gn,STL-LSTM (full),193,1021590.6721191406,9.865400234341719
homerule_N,tot_exp_gn,STL-LSTM (full),194,163599.16271972656,43.101022544279424
homerule_N,tot_exp_gn,STL-LSTM (full),195,502452.6628417969,12.19740495546608
homerule_N,tot_exp_gn,STL-LSTM (full),196,621649.26329422,8.40963975092161
homerule_N,tot_exp_gn,STL-LSTM (full),197,226676.3614501953,15.961799674194213
homerule_N,tot_exp_gn,STL-LSTM (full),198,142502.18017578125,22.67344681283811
homerule_N,tot_exp_gn,STL-LSTM (full),200,34198.573303222656,4.722912166004764
homerule_N,tot_exp_gn,STL-LSTM (full),201,1808109.537475586,34.56000131410586
homerule_N,tot_exp_gn,STL-LSTM (full),202,838599.0596923828,28.51037116735558
homerule_N,tot_exp_gn,STL-LSTM (full),203,2383.7396240234375,0.4334971591174659
homerule_N,tot_exp_gn,STL-LSTM (full),204,44783.60681152344,1.5393963233423145
homerule_N,tot_exp_gn,STL-LSTM (full),205,1008380.1889648438,7.222293257713884
homerule_N,tot_exp_gn,STL-LSTM (full),206,96913.63938522339,4.193578099874999
homerule_N,tot_exp_gn,STL-LSTM (full),207,247896.97387695312,27.597877673027376
homerule_N,tot_exp_gn,STL-LSTM (full),209,166718.29125976562,10.284911109610162
homerule_N,tot_exp_gn,STL-LSTM (full),211,63360.65871429443,6.418587537389985
homerule_N,tot_exp_gn,STL-LSTM (full),212,391920.474609375,5.479998249591681
homerule_N,tot_exp_gn,STL-LSTM (full),213,52895.37158203125,9.256985788794424
homerule_N,tot_exp_gn,STL-LSTM (full),214,209853.60473632812,33.89583771417524
homerule_N,tot_exp_gn,STL-LSTM (full),216,237140.05346679688,55.39128657864659
homerule_N,tot_exp_gn,STL-LSTM (full),217,138147.22827148438,27.74165431336583
homerule_N,tot_exp_gn,STL-LSTM (full),218,33675.47033691406,0.7808219411984045
homerule_N,tot_exp_gn,STL-LSTM (full),221,107616.75610351562,35.091395729419325
homerule_N,tot_exp_gn,STL-LSTM (full),222,765605.9584960938,11.727949847931102
homerule_N,tot_exp_gn,STL-LSTM (full),223,5575677.344421387,25.923029064849633
homerule_N,tot_exp_gn,STL-LSTM (full),226,534592.2360839844,8.827249193818147
homerule_N,tot_exp_gn,STL-LSTM (full),227,1136859.5788574219,42.447062249887914
homerule_N,tot_exp_gn,STL-LSTM (full),228,448701.5551147461,28.88906499748588
homerule_N,tot_exp_gn,STL-LSTM (full),230,324179.29873657227,22.126084527845563
homerule_N,tot_exp_gn,STL-LSTM (full),231,394010.9455566406,25.03956505913722
homerule_N,tot_exp_gn,STL-LSTM (full),232,726662.8598632812,22.34405810327672
homerule_N,tot_exp_gn,STL-LSTM (full),233,61884.20849609375,9.400378951200077
homerule_N,tot_exp_gn,STL-LSTM (full),234,9972.184814453125,1.7895643838375028
homerule_N,tot_exp_gn,STL-LSTM (full),237,586224.9250488281,21.65384526631944
homerule_N,tot_exp_gn,STL-LSTM (full),241,150725.72888183594,16.500711724785077
homerule_N,tot_exp_gn,STL-LSTM (full),245,68426.90576171875,6.974206343679196
homerule_N,tot_exp_gn,STL-LSTM (full),246,533901.5698242188,14.022884095318911
homerule_N,tot_exp_gn,STL-LSTM (full),248,349690.9138183594,11.7019250711279
homerule_N,tot_exp_gn,STL-LSTM (full),249,92970.58898925781,15.92279217807399
homerule_N,tot_exp_gn,STL-LSTM (full),250,695389.0549316406,11.047547827046127
homerule_N,tot_exp_gn,STL-LSTM (full),251,1168263.626953125,21.028842723859746
homerule_N,tot_exp_gn,STL-LSTM (full),252,784258.9461288452,48.34534631528494
homerule_N,tot_exp_gn,STL-LSTM (full),253,85807.56958007812,28.373756491235135
homerule_N,tot_exp_gn,STL-LSTM (full),254,360435.5824584961,18.537423426635907
homerule_N,tot_exp_gn,STL-LSTM (full),255,108981.96417236328,5.123697272637724
homerule_N,tot_exp_gn,STL-LSTM (full),256,6101195.638763428,91.25702864610399
homerule_N,tot_exp_gn,STL-LSTM (full),257,4658217.812255859,19.936563748252237
homerule_N,tot_exp_gn,STL-LSTM (full),258,651501.2226104736,16.865527416466
homerule_N,tot_exp_gn,STL-LSTM (full),259,1957209.8916015625,17.248112316380357
homerule_N,tot_exp_gn,STL-LSTM (full),262,440615.9050292969,7.742695600611005
homerule_N,tot_exp_gn,STL-LSTM (full),264,321456.52502441406,52.78781259834241
homerule_N,tot_exp_gn,STL-LSTM (full),266,85993.21109771729,26.65847720286969
homerule_N,tot_exp_gn,STL-LSTM (full),269,3541122.7919921875,13.275844576722623
homerule_N,tot_exp_gn,STL-LSTM (full),270,22279182.80859375,11.29332383056805
homerule_N,tot_exp_gn,STL-LSTM (full),271,23165.5283203125,0.3214919812518692
homerule_N,tot_exp_gn,STL-LSTM (full),272,365351.5520019531,17.79367661785133
homerule_N,tot_exp_gn,STL-LSTM (full),273,711918.7175292969,26.599567818293128
homerule_N,tot_exp_gn,STL-LSTM (full),274,6118.2412109375,0.695938663754419
homerule_N,tot_exp_gn,MTL-LSTM (full),2,324552.12109375,9.322757367698811
homerule_N,tot_exp_gn,MTL-LSTM (full),3,963889.1870117188,18.022261432360263
homerule_N,tot_exp_gn,MTL-LSTM (full),5,146795.6240234375,8.487725677541674
homerule_N,tot_exp_gn,MTL-LSTM (full),6,477270.84619140625,5.6305141530469
homerule_N,tot_exp_gn,MTL-LSTM (full),7,324820.18603515625,8.826055304106065
homerule_N,tot_exp_gn,MTL-LSTM (full),8,131837.18896484375,18.502722555381766
homerule_N,tot_exp_gn,MTL-LSTM (full),9,61260.86181640625,6.77201123957895
homerule_N,tot_exp_gn,MTL-LSTM (full),10,760729.3313598633,36.49160075017186
homerule_N,tot_exp_gn,MTL-LSTM (full),11,19452.15966796875,2.6842786110830192
homerule_N,tot_exp_gn,MTL-LSTM (full),14,151306.2431640625,23.373395224472798
homerule_N,tot_exp_gn,MTL-LSTM (full),15,920947.6179199219,23.56047348016661
homerule_N,tot_exp_gn,MTL-LSTM (full),16,2666466.5776367188,25.818979837478928
homerule_N,tot_exp_gn,MTL-LSTM (full),17,587789.2109375,29.024285769966298
homerule_N,tot_exp_gn,MTL-LSTM (full),18,558622.1271972656,14.740070414208297
homerule_N,tot_exp_gn,MTL-LSTM (full),19,245161.267578125,29.73311859016889
homerule_N,tot_exp_gn,MTL-LSTM (full),21,328874.31787109375,9.757547509949092
homerule_N,tot_exp_gn,MTL-LSTM (full),22,267536.365234375,21.622563021872708
homerule_N,tot_exp_gn,MTL-LSTM (full),24,797704.1652832031,3.968490647174411
homerule_N,tot_exp_gn,MTL-LSTM (full),25,883152.5578613281,3.917391164744519
homerule_N,tot_exp_gn,MTL-LSTM (full),26,53834.999755859375,9.384012363384391
homerule_N,tot_exp_gn,MTL-LSTM (full),28,1125881.6206054688,5.257243574714227
homerule_N,tot_exp_gn,MTL-LSTM (full),40,209694.00830078125,1.5008359570423124
homerule_N,tot_exp_gn,MTL-LSTM (full),41,802591.6025390625,6.832861974657221
homerule_N,tot_exp_gn,MTL-LSTM (full),43,2795581.030029297,28.372896172565003
homerule_N,tot_exp_gn,MTL-LSTM (full),46,5766.927734375,0.09540047485621925
homerule_N,tot_exp_gn,MTL-LSTM (full),47,28150.174560546875,2.914184494571273
homerule_N,tot_exp_gn,MTL-LSTM (full),49,389057.7004394531,12.34489250903802
homerule_N,tot_exp_gn,MTL-LSTM (full),50,780132.953125,11.121272280803783
homerule_N,tot_exp_gn,MTL-LSTM (full),51,851066.1538085938,17.565277844518864
homerule_N,tot_exp_gn,MTL-LSTM (full),52,398520.3601074219,17.91537687190252
homerule_N,tot_exp_gn,MTL-LSTM (full),53,257171.05395507812,11.890656399859747
homerule_N,tot_exp_gn,MTL-LSTM (full),56,2635886.4477539062,38.51009138708177
homerule_N,tot_exp_gn,MTL-LSTM (full),64,1459792.2609863281,24.727669697946595
homerule_N,tot_exp_gn,MTL-LSTM (full),65,386379.1184082031,30.584096480877193
homerule_N,tot_exp_gn,MTL-LSTM (full),66,5304.930419921875,0.59145458207018
homerule_N,tot_exp_gn,MTL-LSTM (full),67,161569.38208007812,57.30514322956392
homerule_N,tot_exp_gn,MTL-LSTM (full),68,2213335.843017578,13.37572930639815
homerule_N,tot_exp_gn,MTL-LSTM (full),69,159058.17895507812,18.422925421337805
homerule_N,tot_exp_gn,MTL-LSTM (full),70,1164795.5612792969,25.205460699054115
homerule_N,tot_exp_gn,MTL-LSTM (full),71,452932.6295776367,19.03843264388947
homerule_N,tot_exp_gn,MTL-LSTM (full),72,974155.1430664062,41.33788289518949
homerule_N,tot_exp_gn,MTL-LSTM (full),75,15640.242004394531,12.287105720844083
homerule_N,tot_exp_gn,MTL-LSTM (full),77,51725.30859375,6.075055329384655
homerule_N,tot_exp_gn,MTL-LSTM (full),78,682044.2495117188,5.821883949113355
homerule_N,tot_exp_gn,MTL-LSTM (full),79,515691.56396484375,26.288030549688163
homerule_N,tot_exp_gn,MTL-LSTM (full),80,260318.509765625,34.178109569548326
homerule_N,tot_exp_gn,MTL-LSTM (full),81,483702.2336425781,49.92829146025387
homerule_N,tot_exp_gn,MTL-LSTM (full),82,119859.94653320312,7.991515672978908
homerule_N,tot_exp_gn,MTL-LSTM (full),83,85281.650390625,11.569389283664226
homerule_N,tot_exp_gn,MTL-LSTM (full),84,179755.21240234375,17.04571812076662
homerule_N,tot_exp_gn,MTL-LSTM (full),85,9135.787551879883,25.939281958087246
homerule_N,tot_exp_gn,MTL-LSTM (full),86,797433.94921875,5.020709058039864
homerule_N,tot_exp_gn,MTL-LSTM (full),87,623183.8608398438,51.73006571399833
homerule_N,tot_exp_gn,MTL-LSTM (full),88,270882.83837890625,19.377211346060108
homerule_N,tot_exp_gn,MTL-LSTM (full),89,76804.00244140625,16.678067669686357
homerule_N,tot_exp_gn,MTL-LSTM (full),90,710748.162109375,50.634337621171575
homerule_N,tot_exp_gn,MTL-LSTM (full),93,61328.38134765625,9.81473652234459
homerule_N,tot_exp_gn,MTL-LSTM (full),95,497638.33203125,23.6807932142374
homerule_N,tot_exp_gn,MTL-LSTM (full),96,70633.13012695312,3.5700083294676213
homerule_N,tot_exp_gn,MTL-LSTM (full),97,339345.478515625,7.850559483813415
homerule_N,tot_exp_gn,MTL-LSTM (full),101,99432.21997070312,29.317451129064544
homerule_N,tot_exp_gn,MTL-LSTM (full),103,651031.2075195312,124.89217829218575
homerule_N,tot_exp_gn,MTL-LSTM (full),105,115282.07421875,5.835241245229167
homerule_N,tot_exp_gn,MTL-LSTM (full),107,60915.9658203125,80.47127712109405
homerule_N,tot_exp_gn,MTL-LSTM (full),108,165316.95486450195,11.436231029933637
homerule_N,tot_exp_gn,MTL-LSTM (full),109,651833.0949707031,9.958503355429295
homerule_N,tot_exp_gn,MTL-LSTM (full),110,1158472.2248535156,23.061728295100625
homerule_N,tot_exp_gn,MTL-LSTM (full),111,368501.5666503906,34.80231151036228
homerule_N,tot_exp_gn,MTL-LSTM (full),115,1047571.8715820312,5.438773903016673
homerule_N,tot_exp_gn,MTL-LSTM (full),118,206326.02197265625,11.272256112423339
homerule_N,tot_exp_gn,MTL-LSTM (full),119,793310.0463867188,8.966892640498198
homerule_N,tot_exp_gn,MTL-LSTM (full),120,1476004.5717773438,8.676473343072967
homerule_N,tot_exp_gn,MTL-LSTM (full),121,23789.303955078125,2.1764993055663426
homerule_N,tot_exp_gn,MTL-LSTM (full),123,116901.71923828125,10.431076892159572
homerule_N,tot_exp_gn,MTL-LSTM (full),124,309246.78271484375,68.33781192281182
homerule_N,tot_exp_gn,MTL-LSTM (full),131,72351.32666015625,9.903308387575251
homerule_N,tot_exp_gn,MTL-LSTM (full),133,1881391.6647949219,48.24278903592923
homerule_N,tot_exp_gn,MTL-LSTM (full),134,738892.5913085938,10.213840638805497
homerule_N,tot_exp_gn,MTL-LSTM (full),135,107116.90673828125,2.9618283170291733
homerule_N,tot_exp_gn,MTL-LSTM (full),136,3524874.487548828,14.95692093889006
homerule_N,tot_exp_gn,MTL-LSTM (full),139,103960.86865234375,17.180134166138586
homerule_N,tot_exp_gn,MTL-LSTM (full),140,175862.46435546875,5.590426960546034
homerule_N,tot_exp_gn,MTL-LSTM (full),141,15463.892333984375,6.569953168285138
homerule_N,tot_exp_gn,MTL-LSTM (full),142,1459840.7019042969,121.65758403947149
homerule_N,tot_exp_gn,MTL-LSTM (full),143,6571351.555419922,29.15386195564721
homerule_N,tot_exp_gn,MTL-LSTM (full),144,695872.9479980469,23.45753913797212
homerule_N,tot_exp_gn,MTL-LSTM (full),145,25949.867919921875,1.9726240382093165
homerule_N,tot_exp_gn,MTL-LSTM (full),146,639131.6380615234,6.424833980739623
homerule_N,tot_exp_gn,MTL-LSTM (full),147,572723.3500976562,36.02202827451944
homerule_N,tot_exp_gn,MTL-LSTM (full),148,436462.01708984375,69.6577175244767
homerule_N,tot_exp_gn,MTL-LSTM (full),149,84577.35131835938,7.327138115664539
homerule_N,tot_exp_gn,MTL-LSTM (full),150,70705.017578125,10.29202359030717
homerule_N,tot_exp_gn,MTL-LSTM (full),151,13350.60498046875,6.283811528077064
homerule_N,tot_exp_gn,MTL-LSTM (full),152,550154.4274902344,16.807927435918977
homerule_N,tot_exp_gn,MTL-LSTM (full),153,66331.853515625,25.54960027298018
homerule_N,tot_exp_gn,MTL-LSTM (full),154,46903.619140625,17.597030366805708
homerule_N,tot_exp_gn,MTL-LSTM (full),155,159147.8621826172,11.692479178839875
homerule_N,tot_exp_gn,MTL-LSTM (full),156,27334.978515625,1.4484206676420168
homerule_N,tot_exp_gn,MTL-LSTM (full),157,441506.8312988281,24.89864098922374
homerule_N,tot_exp_gn,MTL-LSTM (full),161,960742.8696289062,9.10815466459919
homerule_N,tot_exp_gn,MTL-LSTM (full),162,1449622.9187011719,23.185087587282688
homerule_N,tot_exp_gn,MTL-LSTM (full),163,2008790.0131835938,22.107903731980855
homerule_N,tot_exp_gn,MTL-LSTM (full),164,610554.1069335938,6.924207465525161
homerule_N,tot_exp_gn,MTL-LSTM (full),165,435686.2626953125,3.4574070688713827
homerule_N,tot_exp_gn,MTL-LSTM (full),166,17465.44921875,6.4876365944954095
homerule_N,tot_exp_gn,MTL-LSTM (full),168,34003.75341796875,5.000339630065522
homerule_N,tot_exp_gn,MTL-LSTM (full),169,79715.96533203125,8.834036900565584
homerule_N,tot_exp_gn,MTL-LSTM (full),170,23978.680419921875,3.2182245730316223
homerule_N,tot_exp_gn,MTL-LSTM (full),171,39008.54175186157,7.025202476190541
homerule_N,tot_exp_gn,MTL-LSTM (full),172,269202.43505859375,10.179239714248961
homerule_N,tot_exp_gn,MTL-LSTM (full),173,164626.25439453125,13.26463076603337
homerule_N,tot_exp_gn,MTL-LSTM (full),174,144062.25262451172,21.925276980823632
homerule_N,tot_exp_gn,MTL-LSTM (full),175,490073.9378051758,5.860764881646909
homerule_N,tot_exp_gn,MTL-LSTM (full),176,186710.76440429688,13.244691614176373
homerule_N,tot_exp_gn,MTL-LSTM (full),177,128619.5144405365,23.62009665066446
homerule_N,tot_exp_gn,MTL-LSTM (full),178,2163083.572998047,12.863327994701784
homerule_N,tot_exp_gn,MTL-LSTM (full),180,3784221.803955078,46.137394435869766
homerule_N,tot_exp_gn,MTL-LSTM (full),181,584919.0716552734,12.103621666487813
homerule_N,tot_exp_gn,MTL-LSTM (full),185,287328.83544921875,22.842007800790256
homerule_N,tot_exp_gn,MTL-LSTM (full),186,125749.34155273438,7.095113299217057
homerule_N,tot_exp_gn,MTL-LSTM (full),187,41097.690185546875,3.192033388596924
homerule_N,tot_exp_gn,MTL-LSTM (full),188,105796.04809570312,8.892486848559427
homerule_N,tot_exp_gn,MTL-LSTM (full),189,319019.5637207031,16.362812017002053
homerule_N,tot_exp_gn,MTL-LSTM (full),190,5841.724365234375,1.1175625239208282
homerule_N,tot_exp_gn,MTL-LSTM (full),192,42409.700439453125,0.5860302925183168
homerule_N,tot_exp_gn,MTL-LSTM (full),193,1019490.9609375,9.844125498744747
homerule_N,tot_exp_gn,MTL-LSTM (full),194,160858.50146484375,42.22653509995167
homerule_N,tot_exp_gn,MTL-LSTM (full),195,501608.2253417969,12.175657654584008
homerule_N,tot_exp_gn,MTL-LSTM (full),196,619807.806640625,8.38368438321457
homerule_N,tot_exp_gn,MTL-LSTM (full),197,224889.05981445312,15.825984838797314
homerule_N,tot_exp_gn,MTL-LSTM (full),198,142990.35205078125,22.74228730044775
homerule_N,tot_exp_gn,MTL-LSTM (full),200,33610.580978393555,4.643594267690037
homerule_N,tot_exp_gn,MTL-LSTM (full),201,1806889.7016601562,34.532659726607996
homerule_N,tot_exp_gn,MTL-LSTM (full),202,835648.4194335938,28.395813830785755
homerule_N,tot_exp_gn,MTL-LSTM (full),203,4367.897216796875,0.7928974517551208
homerule_N,tot_exp_gn,MTL-LSTM (full),204,46296.6015625,1.5909904412281377
homerule_N,tot_exp_gn,MTL-LSTM (full),205,1007282.9995117188,7.214151431011255
homerule_N,tot_exp_gn,MTL-LSTM (full),206,95888.00451660156,4.148277043110365
homerule_N,tot_exp_gn,MTL-LSTM (full),207,247668.94580078125,27.56899244008302
homerule_N,tot_exp_gn,MTL-LSTM (full),209,166566.64965820312,10.275075677228946
homerule_N,tot_exp_gn,MTL-LSTM (full),211,66545.20434570312,6.7303335896333625
homerule_N,tot_exp_gn,MTL-LSTM (full),212,389618.1394042969,5.446929278648536
homerule_N,tot_exp_gn,MTL-LSTM (full),213,52709.092529296875,9.222882588860974
homerule_N,tot_exp_gn,MTL-LSTM (full),214,210959.17260742188,34.10486153596665
homerule_N,tot_exp_gn,MTL-LSTM (full),216,237533.1123046875,55.50857890385399
homerule_N,tot_exp_gn,MTL-LSTM (full),217,138645.30346679688,27.827757303715277
homerule_N,tot_exp_gn,MTL-LSTM (full),218,31277.99755859375,0.7250310162939195
homerule_N,tot_exp_gn,MTL-LSTM (full),221,109489.49662017822,35.81139680790004
homerule_N,tot_exp_gn,MTL-LSTM (full),222,768365.5883789062,11.767735978601305
homerule_N,tot_exp_gn,MTL-LSTM (full),223,5572186.53515625,25.904697079638666
homerule_N,tot_exp_gn,MTL-LSTM (full),226,534352.9050292969,8.823122992768678
homerule_N,tot_exp_gn,MTL-LSTM (full),227,1137196.7668457031,42.456979290248846
homerule_N,tot_exp_gn,MTL-LSTM (full),228,445851.6960449219,28.67926953260225
homerule_N,tot_exp_gn,MTL-LSTM (full),230,320793.47509765625,21.86972369820731
homerule_N,tot_exp_gn,MTL-LSTM (full),231,395671.99609375,25.131860879214134
homerule_N,tot_exp_gn,MTL-LSTM (full),232,725456.3835449219,22.302823400082737
homerule_N,tot_exp_gn,MTL-LSTM (full),233,62558.51318359375,9.497943349935435
homerule_N,tot_exp_gn,MTL-LSTM (full),234,7824.888671875,1.4015197333639338
homerule_N,tot_exp_gn,MTL-LSTM (full),237,585327.2863769531,21.61710472210524
homerule_N,tot_exp_gn,MTL-LSTM (full),241,152750.45434570312,16.703856081398346
homerule_N,tot_exp_gn,MTL-LSTM (full),245,67934.29931640625,6.922261170253378
homerule_N,tot_exp_gn,MTL-LSTM (full),246,535686.3317871094,14.073059220884026
homerule_N,tot_exp_gn,MTL-LSTM (full),248,347246.59130859375,11.615378731924826
homerule_N,tot_exp_gn,MTL-LSTM (full),249,91000.77099609375,15.559181795656066
homerule_N,tot_exp_gn,MTL-LSTM (full),250,697245.7359771729,11.078678586408387
homerule_N,tot_exp_gn,MTL-LSTM (full),251,1169733.8247070312,21.052520769956537
homerule_N,tot_exp_gn,MTL-LSTM (full),252,782344.9361572266,48.19892331965497
homerule_N,tot_exp_gn,MTL-LSTM (full),253,86768.94482421875,28.646119497417082
homerule_N,tot_exp_gn,MTL-LSTM (full),254,358453.8361816406,18.426110828390684
homerule_N,tot_exp_gn,MTL-LSTM (full),255,106917.26904296875,5.024188843337231
homerule_N,tot_exp_gn,MTL-LSTM (full),256,6104581.367919922,91.28455602333439
homerule_N,tot_exp_gn,MTL-LSTM (full),257,4657258.478027344,19.932048735530714
homerule_N,tot_exp_gn,MTL-LSTM (full),258,648187.3852539062,16.77254728270411
homerule_N,tot_exp_gn,MTL-LSTM (full),259,1956613.9243164062,17.242407506162223
homerule_N,tot_exp_gn,MTL-LSTM (full),262,439821.0173339844,7.728187744937815
homerule_N,tot_exp_gn,MTL-LSTM (full),264,320028.40966796875,52.491744307433166
homerule_N,tot_exp_gn,MTL-LSTM (full),266,86814.84069824219,26.878956144201037
homerule_N,tot_exp_gn,MTL-LSTM (full),269,3538373.3334960938,13.264853059792953
homerule_N,tot_exp_gn,MTL-LSTM (full),270,22278118.550048828,11.29275389694584
homerule_N,tot_exp_gn,MTL-LSTM (full),271,22710.224243164062,0.31518321373479763
homerule_N,tot_exp_gn,MTL-LSTM (full),272,366176.9645996094,17.837461925185785
homerule_N,tot_exp_gn,MTL-LSTM (full),273,710611.8432617188,26.544258151847057
homerule_N,tot_exp_gn,MTL-LSTM (full),274,7571.58984375,0.8605430861357378
homerule_N,cash_ga,ARIMA,2,182868.3880388816,12.801993569001496
homerule_N,cash_ga,ARIMA,3,1563590.0863726847,17.403001567759997
homerule_N,cash_ga,ARIMA,5,481144.5489577544,20.0177153005938
homerule_N,cash_ga,ARIMA,6,1391152.0,24.050215373721294
homerule_N,cash_ga,ARIMA,7,23661.82145296596,0.49610998569570486
homerule_N,cash_ga,ARIMA,8,479517.99535893626,30.587805692699234
homerule_N,cash_ga,ARIMA,9,6092226.885941364,96.41582064107405
homerule_N,cash_ga,ARIMA,10,323007.04282604903,9.253006332367256
homerule_N,cash_ga,ARIMA,11,341740.93034882075,17.56373024128854
homerule_N,cash_ga,ARIMA,14,86097.8983101761,5.551855734188739
homerule_N,cash_ga,ARIMA,15,83205.69591109175,1.689747438243332
homerule_N,cash_ga,ARIMA,16,2946371.2982051317,19.914404724391222
homerule_N,cash_ga,ARIMA,17,651221.2679913174,22.685825586919847
homerule_N,cash_ga,ARIMA,18,1607707.6235068608,36.8618973548412
homerule_N,cash_ga,ARIMA,19,171871.25365205994,15.715112369169159
homerule_N,cash_ga,ARIMA,21,1046200.8357269731,29.553883081246813
homerule_N,cash_ga,ARIMA,22,906492.1870901259,15.443013029079827
homerule_N,cash_ga,ARIMA,24,299474.210979715,3.4951708485425956
homerule_N,cash_ga,ARIMA,25,8034173.778050384,49.70859921539798
homerule_N,cash_ga,ARIMA,26,934486.4535368826,200.0
homerule_N,cash_ga,ARIMA,28,10549671.948466238,69.8611670850782
homerule_N,cash_ga,ARIMA,40,2040714.7899108045,10.991305655079426
homerule_N,cash_ga,ARIMA,41,84106.11712042335,1.1244722512453864
homerule_N,cash_ga,ARIMA,43,2548606.0,7.739011250873126
homerule_N,cash_ga,ARIMA,46,1066750.0,17.764688445583516
homerule_N,cash_ga,ARIMA,47,406431.23080247967,14.13735010395415
homerule_N,cash_ga,ARIMA,49,417692.6244879067,6.638509775584413
homerule_N,cash_ga,ARIMA,50,6886.080169195309,0.11325504826265292
homerule_N,cash_ga,ARIMA,51,1815105.2855336405,9.020276172964083
homerule_N,cash_ga,ARIMA,52,778804.0,27.251891141361284
homerule_N,cash_ga,ARIMA,53,122723.53845467884,5.7187569357262555
homerule_N,cash_ga,ARIMA,56,3848168.6251461795,73.8780292981019
homerule_N,cash_ga,ARIMA,64,1860859.0,19.326826072960298
homerule_N,cash_ga,ARIMA,65,701831.4826216339,26.248684465357307
homerule_N,cash_ga,ARIMA,66,286404.7183326222,6.556022509532814
homerule_N,cash_ga,ARIMA,67,98102.90381792327,70.26499898587285
homerule_N,cash_ga,ARIMA,68,4761257.0,15.18537298546131
homerule_N,cash_ga,ARIMA,69,84177.0,5.70699070258895
homerule_N,cash_ga,ARIMA,70,2081646.0374672376,15.647610278303267
homerule_N,cash_ga,ARIMA,71,27302.545250749215,0.6894932578770486
homerule_N,cash_ga,ARIMA,72,617283.4289723597,18.300177825149515
homerule_N,cash_ga,ARIMA,75,57690.38176012988,55.64336844706036
homerule_N,cash_ga,ARIMA,77,29624.688709843438,5.512981886627447
homerule_N,cash_ga,ARIMA,78,1367665.8284986615,10.485875490184595
homerule_N,cash_ga,ARIMA,79,1763805.1366223223,200.0
homerule_N,cash_ga,ARIMA,80,1268517.9838457354,58.74675015321122
homerule_N,cash_ga,ARIMA,81,60674.978724474786,4.762005908346221
homerule_N,cash_ga,ARIMA,82,210033.67705210857,12.538873640651351
homerule_N,cash_ga,ARIMA,83,135368.227096815,29.62636478679973
homerule_N,cash_ga,ARIMA,84,102750.52506500995,8.71989970445318
homerule_N,cash_ga,ARIMA,85,4262.483349626491,4.252607023851073
homerule_N,cash_ga,ARIMA,86,1488797.0,8.151953865148464
homerule_N,cash_ga,ARIMA,87,567766.3359807562,18.555649001228225
homerule_N,cash_ga,ARIMA,88,48017.0,3.959265338061331
homerule_N,cash_ga,ARIMA,89,41948290.339989394,200.0
homerule_N,cash_ga,ARIMA,90,615412.0,29.598627543116528
homerule_N,cash_ga,ARIMA,93,75204.99107955897,10.091697047726521
homerule_N,cash_ga,ARIMA,95,1260748.7945625414,30.534215809926053
homerule_N,cash_ga,ARIMA,96,523120.2510859645,48.33028054785344
homerule_N,cash_ga,ARIMA,97,888511.0,6.205113655707752
homerule_N,cash_ga,ARIMA,101,45139.17440816853,5.703966937369113
homerule_N,cash_ga,ARIMA,103,48803.00786553495,42.16843542029614
homerule_N,cash_ga,ARIMA,105,352786.91038776,7.27834861853476
homerule_N,cash_ga,ARIMA,107,2945.0,1.4454306966288826
homerule_N,cash_ga,ARIMA,108,384638.0,42.00090632626654
homerule_N,cash_ga,ARIMA,109,8366886.761379743,103.39471400495958
homerule_N,cash_ga,ARIMA,110,729670.1756604295,8.416128566286536
homerule_N,cash_ga,ARIMA,111,1902502.4525396577,71.82652810114278
homerule_N,cash_ga,ARIMA,115,4268541.733800866,11.577291855268424
homerule_N,cash_ga,ARIMA,118,439618.53588418383,12.660678209427426
homerule_N,cash_ga,ARIMA,119,178717.58375345822,2.6482317682304335
homerule_N,cash_ga,ARIMA,120,3667782.0,15.931163207354416
homerule_N,cash_ga,ARIMA,121,929598.7281125903,36.337465880868876
homerule_N,cash_ga,ARIMA,123,600816.0,16.432201333959462
homerule_N,cash_ga,ARIMA,124,779819.0,200.0
homerule_N,cash_ga,ARIMA,131,129901.0,13.199382814210717
homerule_N,cash_ga,ARIMA,133,1159936.71281973,21.85189842499608
homerule_N,cash_ga,ARIMA,134,1017928.6522721406,9.03763873589504
homerule_N,cash_ga,ARIMA,135,276538.67710983474,5.890926730860895
homerule_N,cash_ga,ARIMA,136,534277.4608348776,4.38119074543208
homerule_N,cash_ga,ARIMA,139,100214.6222388756,6.4540075452715255
homerule_N,cash_ga,ARIMA,140,360396.83277761564,13.039008356419057
homerule_N,cash_ga,ARIMA,141,28282.02606547528,10.976193108148784
homerule_N,cash_ga,ARIMA,142,1062489.8226169795,62.28514368563987
homerule_N,cash_ga,ARIMA,143,5892202.828024767,15.852730410760726
homerule_N,cash_ga,ARIMA,144,729287.0,12.015373955730805
homerule_N,cash_ga,ARIMA,145,75033.08851308515,15.237667808327693
homerule_N,cash_ga,ARIMA,146,672679.3740087468,7.843798778880004
homerule_N,cash_ga,ARIMA,147,2652373.084785709,45.97806286917876
homerule_N,cash_ga,ARIMA,148,28719.541391522856,1.6013588194103874
homerule_N,cash_ga,ARIMA,149,364645.6661657344,27.599772647140615
homerule_N,cash_ga,ARIMA,150,106554.02435548045,9.084609901874629
homerule_N,cash_ga,ARIMA,151,2982686.0,200.0
homerule_N,cash_ga,ARIMA,152,1392514.23354059,20.376305274958952
homerule_N,cash_ga,ARIMA,153,720259.0,48.96611573534766
homerule_N,cash_ga,ARIMA,154,330336.0,26.959931770975732
homerule_N,cash_ga,ARIMA,155,91025.96585103148,8.064022877055288
homerule_N,cash_ga,ARIMA,156,596930.4335304648,15.694949252582779
homerule_N,cash_ga,ARIMA,157,1859370.6219293908,75.44186523515907
homerule_N,cash_ga,ARIMA,161,14555306.643495291,83.98507811206508
homerule_N,cash_ga,ARIMA,162,939961.0,6.096785359246741
homerule_N,cash_ga,ARIMA,163,2500758.6712724436,25.897134277977337
homerule_N,cash_ga,ARIMA,164,10756994.670262646,50.38054732599219
homerule_N,cash_ga,ARIMA,165,245028.12663082406,2.322611507165762
homerule_N,cash_ga,ARIMA,166,259682.93520835962,49.994738176901784
homerule_N,cash_ga,ARIMA,168,314980.37695266213,9.719981010379382
homerule_N,cash_ga,ARIMA,169,896740.0878364504,117.94959970192605
homerule_N,cash_ga,ARIMA,170,72098.0,8.748260309825625
homerule_N,cash_ga,ARIMA,171,78753.980214181,15.063911507849456
homerule_N,cash_ga,ARIMA,172,225398.07151844446,6.378835719506173
homerule_N,cash_ga,ARIMA,173,181813.27323682047,14.267925815663443
homerule_N,cash_ga,ARIMA,174,58585.75131672574,10.129509242665662
homerule_N,cash_ga,ARIMA,175,352948.99398628436,5.9470779124604185
homerule_N,cash_ga,ARIMA,176,37407.2300474192,1.5245871338333155
homerule_N,cash_ga,ARIMA,177,108104.41271996964,8.183713167752513
homerule_N,cash_ga,ARIMA,178,906551.1847305484,5.463097831173431
homerule_N,cash_ga,ARIMA,180,3005921.5943269003,41.45158112742617
homerule_N,cash_ga,ARIMA,181,4345531.814449368,34.98638139192723
homerule_N,cash_ga,ARIMA,185,1034813.8487115086,64.51164005080598
homerule_N,cash_ga,ARIMA,186,527451.0,7.489686170035646
homerule_N,cash_ga,ARIMA,187,230610.41395472363,11.682037938760603
homerule_N,cash_ga,ARIMA,188,470036.10071510077,15.143032946799886
homerule_N,cash_ga,ARIMA,189,4441919.08821772,133.20785457750455
homerule_N,cash_ga,ARIMA,190,31894.0,12.958666672084057
homerule_N,cash_ga,ARIMA,192,3491278.402874369,19.717419904050036
homerule_N,cash_ga,ARIMA,193,820585.8397448286,7.5916597788652025
homerule_N,cash_ga,ARIMA,194,440892.62633262866,78.09943222405931
homerule_N,cash_ga,ARIMA,195,658064.5333890095,11.33609008071846
homerule_N,cash_ga,ARIMA,196,18227581.293541055,200.0
homerule_N,cash_ga,ARIMA,197,774339.7900068092,64.75057785788984
homerule_N,cash_ga,ARIMA,198,258175.2909764298,200.0
homerule_N,cash_ga,ARIMA,200,70221.94858295762,14.56596867172778
homerule_N,cash_ga,ARIMA,201,2644476.1271498026,37.92114400057521
homerule_N,cash_ga,ARIMA,202,289194.096660492,6.337239618357497
homerule_N,cash_ga,ARIMA,203,26594.282672436908,0.5512318109126962
homerule_N,cash_ga,ARIMA,204,1360494.6509260815,53.95676521897306
homerule_N,cash_ga,ARIMA,205,1346536.744534403,6.98789043556842
homerule_N,cash_ga,ARIMA,206,8055027.208539428,120.73297986535
homerule_N,cash_ga,ARIMA,207,130228.59327159217,8.163874134322008
homerule_N,cash_ga,ARIMA,209,562141.1454890158,43.65546111403489
homerule_N,cash_ga,ARIMA,211,1253689.3274759036,20.274712158717264
homerule_N,cash_ga,ARIMA,212,2286575.0926301964,20.262588706798436
homerule_N,cash_ga,ARIMA,213,435390.68655822426,24.65756861266844
homerule_N,cash_ga,ARIMA,214,8151.587888857175,1.9411648736192555
homerule_N,cash_ga,ARIMA,216,127058.7528383705,15.113220531552631
homerule_N,cash_ga,ARIMA,217,194400.8928821287,23.52178874699358
homerule_N,cash_ga,ARIMA,218,836795.0,10.85163049380855
homerule_N,cash_ga,ARIMA,221,77007.0,12.679253111691596
homerule_N,cash_ga,ARIMA,222,1661505.9902638905,11.3962795496892
homerule_N,cash_ga,ARIMA,223,591994.7902046442,3.271919691333733
homerule_N,cash_ga,ARIMA,226,4595469.645288792,78.47666494598093
homerule_N,cash_ga,ARIMA,227,448094.71513714176,8.954795581196755
homerule_N,cash_ga,ARIMA,228,991257.2101395605,17.858133658991175
homerule_N,cash_ga,ARIMA,230,471217.0,13.867564533570611
homerule_N,cash_ga,ARIMA,231,199651.10743322375,22.816710182502646
homerule_N,cash_ga,ARIMA,232,1906.3695251569152,0.025262220032394388
homerule_N,cash_ga,ARIMA,233,208207.23854750826,65.13893508507502
homerule_N,cash_ga,ARIMA,234,37926.87447933224,5.498334334380064
homerule_N,cash_ga,ARIMA,237,1609949.553105414,46.776481259221434
homerule_N,cash_ga,ARIMA,241,633164.8636011891,110.364297102251
homerule_N,cash_ga,ARIMA,245,199954.84709013766,5.871734489530671
homerule_N,cash_ga,ARIMA,246,446116.70672142226,5.917553538609846
homerule_N,cash_ga,ARIMA,248,204184.74760738015,3.3318798387796438
homerule_N,cash_ga,ARIMA,249,87094.0,4.968611727872466
homerule_N,cash_ga,ARIMA,250,4425718.0,200.0
homerule_N,cash_ga,ARIMA,251,97439.0,3.7685934559079906
homerule_N,cash_ga,ARIMA,252,560356.949173264,37.21730515994307
homerule_N,cash_ga,ARIMA,253,318177.9248015651,34.48529795061204
homerule_N,cash_ga,ARIMA,254,749658.8688681321,15.187185884289086
homerule_N,cash_ga,ARIMA,255,1380361.8560773628,26.432295533220636
homerule_N,cash_ga,ARIMA,256,4993410.37592136,66.22662232471176
homerule_N,cash_ga,ARIMA,257,145282.0,4.059997032174083
homerule_N,cash_ga,ARIMA,258,1252501.0853123069,21.24154643365149
homerule_N,cash_ga,ARIMA,259,2581789.251239972,17.208006492808803
homerule_N,cash_ga,ARIMA,262,7465669.0,200.0
homerule_N,cash_ga,ARIMA,264,66831.20379810967,9.262613812120978
homerule_N,cash_ga,ARIMA,266,278033.7934381207,133.97727243010885
homerule_N,cash_ga,ARIMA,269,717713.1621460803,4.745391524145908
homerule_N,cash_ga,ARIMA,270,1435298.747912228,1.0078416239241388
homerule_N,cash_ga,ARIMA,271,101749.0,0.8119817605158557
homerule_N,cash_ga,ARIMA,272,97009.96063659736,19.40346755464013
homerule_N,cash_ga,ARIMA,273,495395.5923143681,8.366065679112147
homerule_N,cash_ga,ARIMA,274,419316.0,13.106299504242585
homerule_N,cash_ga,STL-LSTM (full),2,219955.31774902344,15.600848045245588
homerule_N,cash_ga,STL-LSTM (full),3,1304821.53125,14.735061976865405
homerule_N,cash_ga,STL-LSTM (full),5,478187.56298828125,19.88246171191288
homerule_N,cash_ga,STL-LSTM (full),6,1388607.1325683594,24.000940060392413
homerule_N,cash_ga,STL-LSTM (full),7,379242.33056640625,8.302118364402894
homerule_N,cash_ga,STL-LSTM (full),8,478416.55212402344,30.506829130827256
homerule_N,cash_ga,STL-LSTM (full),9,6094315.324462891,96.4329359836991
homerule_N,cash_ga,STL-LSTM (full),10,236479.41552734375,6.691366874557741
homerule_N,cash_ga,STL-LSTM (full),11,340701.5467529297,17.505635591571203
homerule_N,cash_ga,STL-LSTM (full),14,86817.5112915039,5.596960005151867
homerule_N,cash_ga,STL-LSTM (full),15,220314.61010742188,4.61644216399016
homerule_N,cash_ga,STL-LSTM (full),16,1254589.0070800781,8.02112136760505
homerule_N,cash_ga,STL-LSTM (full),17,303097.11962890625,12.66361070929534
homerule_N,cash_ga,STL-LSTM (full),18,273277.51976299286,7.397435386241318
homerule_N,cash_ga,STL-LSTM (full),19,34452.118408203125,3.361316542238847
homerule_N,cash_ga,STL-LSTM (full),21,1044083.5024414062,29.48525316004132
homerule_N,cash_ga,STL-LSTM (full),22,1141634.9858398438,19.84642240231359
homerule_N,cash_ga,STL-LSTM (full),24,408404.48193359375,4.97187880672534
homerule_N,cash_ga,STL-LSTM (full),25,7605363.9501953125,46.439446096005206
homerule_N,cash_ga,STL-LSTM (full),26,166538.46630859375,24.938627413451826
homerule_N,cash_ga,STL-LSTM (full),28,7398830.9765625,54.70287033214578
homerule_N,cash_ga,STL-LSTM (full),40,2037461.7119140625,10.972823271959129
homerule_N,cash_ga,STL-LSTM (full),41,84492.7126159668,1.1296117181602834
homerule_N,cash_ga,STL-LSTM (full),43,2544591.61328125,7.726350380008062
homerule_N,cash_ga,STL-LSTM (full),46,1070914.8193359375,17.827863128060073
homerule_N,cash_ga,STL-LSTM (full),47,155581.0040192604,5.658621746619662
homerule_N,cash_ga,STL-LSTM (full),49,415143.04248046875,6.5966520080498
homerule_N,cash_ga,STL-LSTM (full),50,556022.2952880859,8.740280284267525
homerule_N,cash_ga,STL-LSTM (full),51,1812081.1987304688,9.004571168828575
homerule_N,cash_ga,STL-LSTM (full),52,778823.1783180237,27.252470784683364
homerule_N,cash_ga,STL-LSTM (full),53,126201.23046875,5.876051606203069
homerule_N,cash_ga,STL-LSTM (full),56,3851547.4946289062,73.91892263398255
homerule_N,cash_ga,STL-LSTM (full),64,1857956.7116699219,19.293775123887706
homerule_N,cash_ga,STL-LSTM (full),65,235438.26245117188,9.646811549876317
homerule_N,cash_ga,STL-LSTM (full),66,458582.708984375,11.475812168603003
homerule_N,cash_ga,STL-LSTM (full),67,102775.53125,72.40019790635331
homerule_N,cash_ga,STL-LSTM (full),68,4763658.387207031,15.192450092200655
homerule_N,cash_ga,STL-LSTM (full),69,89692.76953125,6.069597328993766
homerule_N,cash_ga,STL-LSTM (full),70,1463098.2233886719,11.259789786310188
homerule_N,cash_ga,STL-LSTM (full),71,25324.349365234375,0.6393765705741914
homerule_N,cash_ga,STL-LSTM (full),72,184178.68994140625,5.834812897285616
homerule_N,cash_ga,STL-LSTM (full),75,1856.796875,1.3913551923681589
homerule_N,cash_ga,STL-LSTM (full),77,75050.57470703125,13.400086810054137
homerule_N,cash_ga,STL-LSTM (full),78,1361931.4443359375,10.439615132342912
homerule_N,cash_ga,STL-LSTM (full),79,735239.4750976562,52.855445816571454
homerule_N,cash_ga,STL-LSTM (full),80,943171.9750976562,47.23829004427353
homerule_N,cash_ga,STL-LSTM (full),81,55493.63525390625,4.563384210482798
homerule_N,cash_ga,STL-LSTM (full),82,206807.82055664062,12.334415207377713
homerule_N,cash_ga,STL-LSTM (full),83,205514.5546875,41.77199152738409
homerule_N,cash_ga,STL-LSTM (full),84,189808.16528320312,18.391089376250545
homerule_N,cash_ga,STL-LSTM (full),85,12965.383003234863,14.151519729775142
homerule_N,cash_ga,STL-LSTM (full),86,1490947.2463378906,8.163247045506596
homerule_N,cash_ga,STL-LSTM (full),87,544613.43359375,17.866565849342024
homerule_N,cash_ga,STL-LSTM (full),88,50846.33837890625,4.187675017402696
homerule_N,cash_ga,STL-LSTM (full),89,48515.60388183594,5.580843843630686
homerule_N,cash_ga,STL-LSTM (full),90,611868.7980957031,29.403161681797712
homerule_N,cash_ga,STL-LSTM (full),93,79651.294921875,10.656552029645674
homerule_N,cash_ga,STL-LSTM (full),95,1256787.306640625,30.423677288060684
homerule_N,cash_ga,STL-LSTM (full),96,525392.3012695312,48.4892995460903
homerule_N,cash_ga,STL-LSTM (full),97,885332.8737792969,6.1822324284190735
homerule_N,cash_ga,STL-LSTM (full),101,49160.76904296875,6.196407148757146
homerule_N,cash_ga,STL-LSTM (full),103,51526.48583984375,44.00391045354529
homerule_N,cash_ga,STL-LSTM (full),105,348753.42236328125,7.192141238687196
homerule_N,cash_ga,STL-LSTM (full),107,4437.75390625,2.1701370110008096
homerule_N,cash_ga,STL-LSTM (full),108,384520.9038543701,41.9908044640547
homerule_N,cash_ga,STL-LSTM (full),109,226827.59130859375,5.639460150367012
homerule_N,cash_ga,STL-LSTM (full),110,1355226.8491210938,16.216425121912582
homerule_N,cash_ga,STL-LSTM (full),111,764951.8143310547,36.77704393344087
homerule_N,cash_ga,STL-LSTM (full),115,4264862.462158203,11.5667356775641
homerule_N,cash_ga,STL-LSTM (full),118,429431.43212890625,14.136314009659188
homerule_N,cash_ga,STL-LSTM (full),119,55922.76220703125,0.8362700639206097
homerule_N,cash_ga,STL-LSTM (full),120,3663159.9985351562,15.909490369222738
homerule_N,cash_ga,STL-LSTM (full),121,372589.90185546875,13.134430110672959
homerule_N,cash_ga,STL-LSTM (full),123,596655.7431640625,16.30914066345695
homerule_N,cash_ga,STL-LSTM (full),124,222784.39501953125,24.997934904996526
homerule_N,cash_ga,STL-LSTM (full),131,132280.14892578125,13.424903528063584
homerule_N,cash_ga,STL-LSTM (full),133,1159664.059387207,21.846200878888595
homerule_N,cash_ga,STL-LSTM (full),134,1014578.9985351562,9.006559704550943
homerule_N,cash_ga,STL-LSTM (full),135,278397.9001464844,5.92935838506448
homerule_N,cash_ga,STL-LSTM (full),136,530872.4721679688,4.352661434543207
homerule_N,cash_ga,STL-LSTM (full),139,85126.40551757812,5.830257063923671
homerule_N,cash_ga,STL-LSTM (full),140,410551.82751464844,14.98959494088239
homerule_N,cash_ga,STL-LSTM (full),141,22923.27880859375,8.804916172495206
homerule_N,cash_ga,STL-LSTM (full),142,1065912.0124511719,62.42314371362661
homerule_N,cash_ga,STL-LSTM (full),143,3172002.9106445312,8.858294918037506
homerule_N,cash_ga,STL-LSTM (full),144,725505.9758300781,11.94935777690087
homerule_N,cash_ga,STL-LSTM (full),145,69109.21484375,13.950736823490848
homerule_N,cash_ga,STL-LSTM (full),146,673909.3459472656,7.857577433123089
homerule_N,cash_ga,STL-LSTM (full),147,2654933.0490722656,46.01222981812655
homerule_N,cash_ga,STL-LSTM (full),148,25238.352294921875,1.4058884480329747
homerule_N,cash_ga,STL-LSTM (full),149,365275.73474121094,27.640871203091855
homerule_N,cash_ga,STL-LSTM (full),150,344215.2392578125,32.65562587946705
homerule_N,cash_ga,STL-LSTM (full),151,647077.0480957031,24.33400380939787
homerule_N,cash_ga,STL-LSTM (full),152,1387144.6533203125,20.289762573094876
homerule_N,cash_ga,STL-LSTM (full),153,724793.3056640625,49.19854632637749
homerule_N,cash_ga,STL-LSTM (full),154,326569.1848144531,26.611603003621543
homerule_N,cash_ga,STL-LSTM (full),155,122863.94067382812,9.942572169387462
homerule_N,cash_ga,STL-LSTM (full),156,600529.755859375,15.782117582500648
homerule_N,cash_ga,STL-LSTM (full),157,1188811.263671875,55.829493881779925
homerule_N,cash_ga,STL-LSTM (full),161,3718870.870361328,16.34737312467138
homerule_N,cash_ga,STL-LSTM (full),162,943207.7021484375,6.117200050058713
homerule_N,cash_ga,STL-LSTM (full),163,279162.8037109375,3.3770184489566297
homerule_N,cash_ga,STL-LSTM (full),164,1904791.2124023438,11.254051129718395
homerule_N,cash_ga,STL-LSTM (full),165,242420.3525390625,2.2976085513623685
homerule_N,cash_ga,STL-LSTM (full),166,83892.65258789062,13.813681454316507
homerule_N,cash_ga,STL-LSTM (full),168,28087.57421875,0.9151994655729854
homerule_N,cash_ga,STL-LSTM (full),169,892737.2202148438,117.1147897534316
homerule_N,cash_ga,STL-LSTM (full),170,67188.2568359375,8.128307815927647
homerule_N,cash_ga,STL-LSTM (full),171,78784.82654953003,15.070256325958034
homerule_N,cash_ga,STL-LSTM (full),172,225468.75270080566,6.380899837564448
homerule_N,cash_ga,STL-LSTM (full),173,184812.28466796875,14.486228731554776
homerule_N,cash_ga,STL-LSTM (full),174,34057.87805175781,5.451973922391941
homerule_N,cash_ga,STL-LSTM (full),175,350127.623046875,5.898136749001086
homerule_N,cash_ga,STL-LSTM (full),176,227736.50903320312,9.656264715173164
homerule_N,cash_ga,STL-LSTM (full),177,55589.53125,4.486198766020133
homerule_N,cash_ga,STL-LSTM (full),178,912599.3359375,5.4985434163474745
homerule_N,cash_ga,STL-LSTM (full),180,870796.2581787109,10.467297748666438
homerule_N,cash_ga,STL-LSTM (full),181,6114936.614746094,53.00772106985979
homerule_N,cash_ga,STL-LSTM (full),185,92471.07360839844,4.265830642369519
homerule_N,cash_ga,STL-LSTM (full),186,525123.0004882812,7.455396829962183
homerule_N,cash_ga,STL-LSTM (full),187,381362.2158203125,20.085608637073054
homerule_N,cash_ga,STL-LSTM (full),188,466687.7878417969,15.027056233034328
homerule_N,cash_ga,STL-LSTM (full),189,396993.64697265625,6.899397173374984
homerule_N,cash_ga,STL-LSTM (full),190,34543.515625,13.96003549641577
homerule_N,cash_ga,STL-LSTM (full),192,228372.271484375,1.441130669189229
homerule_N,cash_ga,STL-LSTM (full),193,826064.4243164062,7.640408692133874
homerule_N,cash_ga,STL-LSTM (full),194,99476.7763671875,25.259491876721075
homerule_N,cash_ga,STL-LSTM (full),195,812001.2006835938,14.175821913324024
homerule_N,cash_ga,STL-LSTM (full),196,1201961.5046386719,6.9109798606991095
homerule_N,cash_ga,STL-LSTM (full),197,658794.7473144531,57.88506284313375
homerule_N,cash_ga,STL-LSTM (full),198,7605.740234375,3.0577699985497313
homerule_N,cash_ga,STL-LSTM (full),200,74618.24267578125,15.407629245972265
homerule_N,cash_ga,STL-LSTM (full),201,2645043.242614746,37.92773410017717
homerule_N,cash_ga,STL-LSTM (full),202,287872.06103515625,6.307355628497476
homerule_N,cash_ga,STL-LSTM (full),203,271839.23291015625,5.781480720449379
homerule_N,cash_ga,STL-LSTM (full),204,759309.3684082031,34.189869441554805
homerule_N,cash_ga,STL-LSTM (full),205,409516.71044921875,2.178157059152976
homerule_N,cash_ga,STL-LSTM (full),206,335052.26611328125,3.181351777607129
homerule_N,cash_ga,STL-LSTM (full),207,134125.27270507812,8.397895177212295
homerule_N,cash_ga,STL-LSTM (full),209,562110.9720611572,43.65362932411326
homerule_N,cash_ga,STL-LSTM (full),211,1251242.5270996094,20.231139702951566
homerule_N,cash_ga,STL-LSTM (full),212,2289370.2534179688,20.28484592890542
homerule_N,cash_ga,STL-LSTM (full),213,433504.7644042969,24.537658980046135
homerule_N,cash_ga,STL-LSTM (full),214,34648.45008850098,8.694002668249334
homerule_N,cash_ga,STL-LSTM (full),216,112595.57385253906,13.278653491175914
homerule_N,cash_ga,STL-LSTM (full),217,219474.46221923828,26.96462549676345
homerule_N,cash_ga,STL-LSTM (full),218,830621.58203125,10.76726307488968
homerule_N,cash_ga,STL-LSTM (full),221,80913.08935546875,13.279689778574285
homerule_N,cash_ga,STL-LSTM (full),222,3370505.110107422,24.557642510903584
homerule_N,cash_ga,STL-LSTM (full),223,1221630.73828125,6.636407634803657
homerule_N,cash_ga,STL-LSTM (full),226,928025.9906005859,12.068642513845974
homerule_N,cash_ga,STL-LSTM (full),227,225413.76538085938,4.406654232308231
homerule_N,cash_ga,STL-LSTM (full),228,1509649.2824707031,28.529507880451245
homerule_N,cash_ga,STL-LSTM (full),230,474962.7160644531,13.970098288013688
homerule_N,cash_ga,STL-LSTM (full),231,156016.4010066986,14.818410065516154
homerule_N,cash_ga,STL-LSTM (full),232,1277785.1040039062,18.50124840901117
homerule_N,cash_ga,STL-LSTM (full),233,226178.24365234375,68.82644742841073
homerule_N,cash_ga,STL-LSTM (full),234,42783.68505859375,6.180676694063971
homerule_N,cash_ga,STL-LSTM (full),237,171166.07543945312,6.7091458830772
homerule_N,cash_ga,STL-LSTM (full),241,411749.16796875,88.93136196068468
homerule_N,cash_ga,STL-LSTM (full),245,196068.78271484375,5.754335742014002
homerule_N,cash_ga,STL-LSTM (full),246,443405.12548828125,5.880527981194835
homerule_N,cash_ga,STL-LSTM (full),248,201269.28833007812,3.2835244144572546
homerule_N,cash_ga,STL-LSTM (full),249,90242.63525390625,5.143618081275748
homerule_N,cash_ga,STL-LSTM (full),250,1776237.0866146088,50.21023743245409
homerule_N,cash_ga,STL-LSTM (full),251,91585.412109375,3.538192364206963
homerule_N,cash_ga,STL-LSTM (full),252,562767.1076660156,37.3474888391133
homerule_N,cash_ga,STL-LSTM (full),253,178705.75659179688,18.007720265105316
homerule_N,cash_ga,STL-LSTM (full),254,1436600.0397949219,31.28036877169188
homerule_N,cash_ga,STL-LSTM (full),255,429785.3151855469,9.053893700687896
homerule_N,cash_ga,STL-LSTM (full),256,1671065.7023925781,18.161672696778883
homerule_N,cash_ga,STL-LSTM (full),257,142689.11474609375,3.9860930622034885
homerule_N,cash_ga,STL-LSTM (full),258,1250502.8796386719,21.20406542092728
homerule_N,cash_ga,STL-LSTM (full),259,2583818.366455078,17.220366373741843
homerule_N,cash_ga,STL-LSTM (full),262,683204.4416503906,8.75087367053426
homerule_N,cash_ga,STL-LSTM (full),264,70767.03588867188,9.781430279123043
homerule_N,cash_ga,STL-LSTM (full),266,276900.02490234375,133.06744267903298
homerule_N,cash_ga,STL-LSTM (full),269,718822.7878417969,4.752553832441646
homerule_N,cash_ga,STL-LSTM (full),270,1430333.8388671875,1.0043378448388938
homerule_N,cash_ga,STL-LSTM (full),271,98793.97729492188,0.78830701231804
homerule_N,cash_ga,STL-LSTM (full),272,101148.14697265625,20.14778612611333
homerule_N,cash_ga,STL-LSTM (full),273,492919.43408203125,8.322509103624649
homerule_N,cash_ga,STL-LSTM (full),274,421709.3664550781,13.17617905561007
homerule_N,cash_ga,MTL-LSTM (full),2,215659.3916015625,15.27288125072693
homerule_N,cash_ga,MTL-LSTM (full),3,1307328.4150390625,14.76128222665849
homerule_N,cash_ga,MTL-LSTM (full),5,480038.44763183594,19.967102357775516
homerule_N,cash_ga,MTL-LSTM (full),6,1384107.3579101562,23.91386563480872
homerule_N,cash_ga,MTL-LSTM (full),7,375801.86181640625,8.223705032924213
homerule_N,cash_ga,MTL-LSTM (full),8,475269.9189453125,30.275806084677768
homerule_N,cash_ga,MTL-LSTM (full),9,6098573.465332031,96.46781513240037
homerule_N,cash_ga,MTL-LSTM (full),10,240974.35986328125,6.82289372821116
homerule_N,cash_ga,MTL-LSTM (full),11,335751.99072265625,17.229413342514103
homerule_N,cash_ga,MTL-LSTM (full),14,89781.24536132812,5.782502103184883
homerule_N,cash_ga,MTL-LSTM (full),15,216829.9267578125,4.541766442456304
homerule_N,cash_ga,MTL-LSTM (full),16,1252872.517578125,8.009707617248491
homerule_N,cash_ga,MTL-LSTM (full),17,302209.09521484375,12.624166498003522
homerule_N,cash_ga,MTL-LSTM (full),18,278373.3056640625,7.530181277441264
homerule_N,cash_ga,MTL-LSTM (full),19,37547.4765625,3.657791533387135
homerule_N,cash_ga,MTL-LSTM (full),21,1040744.8022460938,29.37711794556151
homerule_N,cash_ga,MTL-LSTM (full),22,1138429.751953125,19.785189743858567
homerule_N,cash_ga,MTL-LSTM (full),24,407190.70458984375,4.956736178427256
homerule_N,cash_ga,MTL-LSTM (full),25,7603237.9091796875,46.42345085797491
homerule_N,cash_ga,MTL-LSTM (full),26,165822.97314453125,24.844794213167297
homerule_N,cash_ga,MTL-LSTM (full),28,7399726.5234375,54.707680364452706
homerule_N,cash_ga,MTL-LSTM (full),40,2033526.5107421875,10.95046972893766
homerule_N,cash_ga,MTL-LSTM (full),41,91977.1083984375,1.2290582360120916
homerule_N,cash_ga,MTL-LSTM (full),43,2544434.3793945312,7.725854515509528
homerule_N,cash_ga,MTL-LSTM (full),46,1073625.0849609375,17.86895067504432
homerule_N,cash_ga,MTL-LSTM (full),47,159901.57958984375,5.811199032322491
homerule_N,cash_ga,MTL-LSTM (full),49,411224.90478515625,6.532359019320181
homerule_N,cash_ga,MTL-LSTM (full),50,561156.578125,8.817429451757887
homerule_N,cash_ga,MTL-LSTM (full),51,1807800.8452148438,8.982346022749525
homerule_N,cash_ga,MTL-LSTM (full),52,785490.3413085938,27.453742910873736
homerule_N,cash_ga,MTL-LSTM (full),53,128934.02587890625,5.999476294251647
homerule_N,cash_ga,MTL-LSTM (full),56,3854922.5053710938,73.95974280456993
homerule_N,cash_ga,MTL-LSTM (full),64,1853625.8193359375,19.24447390364829
homerule_N,cash_ga,MTL-LSTM (full),65,236855.52416992188,9.702065189002292
homerule_N,cash_ga,MTL-LSTM (full),66,454753.8701171875,11.374548060475215
homerule_N,cash_ga,MTL-LSTM (full),67,103209.13525390625,72.59477895377704
homerule_N,cash_ga,MTL-LSTM (full),68,4768486.720214844,15.206677988834016
homerule_N,cash_ga,MTL-LSTM (full),69,90340.001953125,6.112057673726605
homerule_N,cash_ga,MTL-LSTM (full),70,1466069.0078125,11.281362895103321
homerule_N,cash_ga,MTL-LSTM (full),71,25426.749633789062,0.6419702201888665
homerule_N,cash_ga,MTL-LSTM (full),72,182970.06005859375,5.797633238029739
homerule_N,cash_ga,MTL-LSTM (full),75,834.513671875,0.6316964992760611
homerule_N,cash_ga,MTL-LSTM (full),77,75163.62109375,13.418916704688725
homerule_N,cash_ga,MTL-LSTM (full),78,1360637.2333984375,10.429177301157521
homerule_N,cash_ga,MTL-LSTM (full),79,733319.5908203125,52.68107303603795
homerule_N,cash_ga,MTL-LSTM (full),80,946572.9912109375,47.3682850771659
homerule_N,cash_ga,MTL-LSTM (full),81,52956.90869140625,4.3502453280254665
homerule_N,cash_ga,MTL-LSTM (full),82,202820.0810546875,12.08221082271151
homerule_N,cash_ga,MTL-LSTM (full),83,206600.12890625,41.9463634734877
homerule_N,cash_ga,MTL-LSTM (full),84,185912.10546875,17.979651624659525
homerule_N,cash_ga,MTL-LSTM (full),85,12898.50742149353,14.073389699292576
homerule_N,cash_ga,MTL-LSTM (full),86,1495660.2211914062,8.18799512909361
homerule_N,cash_ga,MTL-LSTM (full),87,547578.8291015625,17.955114886977526
homerule_N,cash_ga,MTL-LSTM (full),88,54745.89306640625,4.5016112843318705
homerule_N,cash_ga,MTL-LSTM (full),89,54237.50390625,6.21857969711043
homerule_N,cash_ga,MTL-LSTM (full),90,608959.4345703125,29.24291109303574
homerule_N,cash_ga,MTL-LSTM (full),93,77312.8623046875,10.35989891563918
homerule_N,cash_ga,MTL-LSTM (full),95,1253168.1264648438,30.322782895954393
homerule_N,cash_ga,MTL-LSTM (full),96,529239.3754882812,48.757794283396024
homerule_N,cash_ga,MTL-LSTM (full),97,882003.9028320312,6.15827062449544
homerule_N,cash_ga,MTL-LSTM (full),101,50617.70947265625,6.374192641271488
homerule_N,cash_ga,MTL-LSTM (full),103,54190.44970703125,45.75843922211317
homerule_N,cash_ga,MTL-LSTM (full),105,345892.1875,7.1310317837061685
homerule_N,cash_ga,MTL-LSTM (full),107,8426.3701171875,4.08083965268494
homerule_N,cash_ga,MTL-LSTM (full),108,384892.9289550781,42.02289453224456
homerule_N,cash_ga,MTL-LSTM (full),109,230172.30078125,5.720238991092471
homerule_N,cash_ga,MTL-LSTM (full),110,1352999.8911132812,16.18762091125183
homerule_N,cash_ga,MTL-LSTM (full),111,769414.7114257812,36.95196623492216
homerule_N,cash_ga,MTL-LSTM (full),115,4261940.1650390625,11.55835208177592
homerule_N,cash_ga,MTL-LSTM (full),118,428323.40380859375,14.097268207876562
homerule_N,cash_ga,MTL-LSTM (full),119,59398.5439453125,0.8880161893534901
homerule_N,cash_ga,MTL-LSTM (full),120,3661676.8061523438,15.90253651446735
homerule_N,cash_ga,MTL-LSTM (full),121,371969.1745605469,13.111113946744481
homerule_N,cash_ga,MTL-LSTM (full),123,594931.1420898438,16.25816787067403
homerule_N,cash_ga,MTL-LSTM (full),124,225421.6962890625,25.25648825724862
homerule_N,cash_ga,MTL-LSTM (full),131,136002.7001953125,13.776675526465832
homerule_N,cash_ga,MTL-LSTM (full),133,1152771.9814453125,21.70227659990251
homerule_N,cash_ga,MTL-LSTM (full),134,1011043.4189453125,8.973765624302485
homerule_N,cash_ga,MTL-LSTM (full),135,283652.37646484375,6.0378904554993476
homerule_N,cash_ga,MTL-LSTM (full),136,528104.2412109375,4.329473181974213
homerule_N,cash_ga,MTL-LSTM (full),139,82536.54931640625,5.647870315883697
homerule_N,cash_ga,MTL-LSTM (full),140,407577.48046875,14.872923316422455
homerule_N,cash_ga,MTL-LSTM (full),141,23213.56787109375,8.92139099970372
homerule_N,cash_ga,MTL-LSTM (full),142,1068111.4775390625,62.511691381290646
homerule_N,cash_ga,MTL-LSTM (full),143,3175212.2592773438,8.866860156405606
homerule_N,cash_ga,MTL-LSTM (full),144,722769.5610351562,11.901605976235029
homerule_N,cash_ga,MTL-LSTM (full),145,69619.3076171875,14.060946011492204
homerule_N,cash_ga,MTL-LSTM (full),146,676432.54296875,7.885837145705921
homerule_N,cash_ga,MTL-LSTM (full),147,2657177.2880859375,46.04217042498886
homerule_N,cash_ga,MTL-LSTM (full),148,22226.5634765625,1.2370806932669363
homerule_N,cash_ga,MTL-LSTM (full),149,366511.2529296875,27.721405592734357
homerule_N,cash_ga,MTL-LSTM (full),150,342772.74755859375,32.496541425366544
homerule_N,cash_ga,MTL-LSTM (full),151,643680.9692382812,24.19084330591617
homerule_N,cash_ga,MTL-LSTM (full),152,1386858.5024414062,20.285152524243873
homerule_N,cash_ga,MTL-LSTM (full),153,724069.6440429688,49.161499087128675
homerule_N,cash_ga,MTL-LSTM (full),154,325593.31494140625,26.521535682420527
homerule_N,cash_ga,MTL-LSTM (full),155,120472.48614501953,9.758489998283812
homerule_N,cash_ga,MTL-LSTM (full),156,603675.1030273438,15.858224067225416
homerule_N,cash_ga,MTL-LSTM (full),157,1191877.4750976562,55.93321966719353
homerule_N,cash_ga,MTL-LSTM (full),161,3712744.6064453125,16.31824612598909
homerule_N,cash_ga,MTL-LSTM (full),162,946778.41015625,6.1396470696599765
homerule_N,cash_ga,MTL-LSTM (full),163,274839.5458984375,3.3238510581291263
homerule_N,cash_ga,MTL-LSTM (full),164,1909239.5522460938,11.278851036043323
homerule_N,cash_ga,MTL-LSTM (full),165,240547.0556640625,2.27965146918522
homerule_N,cash_ga,MTL-LSTM (full),166,82408.005859375,13.552655545429129
homerule_N,cash_ga,MTL-LSTM (full),168,25791.66650390625,0.8400758756499627
homerule_N,cash_ga,MTL-LSTM (full),169,890993.3452148438,116.75246878726198
homerule_N,cash_ga,MTL-LSTM (full),170,65297.70849609375,7.890569409302345
homerule_N,cash_ga,MTL-LSTM (full),171,78736.15689849854,15.060245580241338
homerule_N,cash_ga,MTL-LSTM (full),172,219198.2412109375,6.197941223311275
homerule_N,cash_ga,MTL-LSTM (full),173,188872.5087890625,14.78096266242465
homerule_N,cash_ga,MTL-LSTM (full),174,33881.41864013672,5.42449250130048
homerule_N,cash_ga,MTL-LSTM (full),175,351912.7469482422,5.929099857344458
homerule_N,cash_ga,MTL-LSTM (full),176,223553.5576171875,9.470504712904633
homerule_N,cash_ga,MTL-LSTM (full),177,58708.45861911774,4.743873407538755
homerule_N,cash_ga,MTL-LSTM (full),178,913118.9189453125,5.5015878640231595
homerule_N,cash_ga,MTL-LSTM (full),180,864595.84375,10.388894951180319
homerule_N,cash_ga,MTL-LSTM (full),181,6116690.298583984,53.0269535487333
homerule_N,cash_ga,MTL-LSTM (full),185,96355.39111328125,4.441041151819141
homerule_N,cash_ga,MTL-LSTM (full),186,524294.044921875,7.443189795739194
homerule_N,cash_ga,MTL-LSTM (full),187,378977.24365234375,19.947468583014796
homerule_N,cash_ga,MTL-LSTM (full),188,464282.5009765625,14.943820593027151
homerule_N,cash_ga,MTL-LSTM (full),189,400713.4140625,6.961793154258546
homerule_N,cash_ga,MTL-LSTM (full),190,34327.52880859375,13.878806130260873
homerule_N,cash_ga,MTL-LSTM (full),192,225024.3271484375,1.4198536640659571
homerule_N,cash_ga,MTL-LSTM (full),193,827796.6064453125,7.65581665724229
homerule_N,cash_ga,MTL-LSTM (full),194,101247.736328125,25.651504325008855
homerule_N,cash_ga,MTL-LSTM (full),195,808358.0107421875,14.107733102519141
homerule_N,cash_ga,MTL-LSTM (full),196,1200993.34765625,6.905221003564524
homerule_N,cash_ga,MTL-LSTM (full),197,661962.1025390625,58.08254096373546
homerule_N,cash_ga,MTL-LSTM (full),198,9671.6455078125,3.872254400576601
homerule_N,cash_ga,MTL-LSTM (full),200,70584.93936157227,14.635753025803098
homerule_N,cash_ga,MTL-LSTM (full),201,2649195.7607421875,37.97597163312027
homerule_N,cash_ga,MTL-LSTM (full),202,281908.5673828125,6.1726611963414
homerule_N,cash_ga,MTL-LSTM (full),203,270690.4560546875,5.756345316764927
homerule_N,cash_ga,MTL-LSTM (full),204,762189.1997070312,34.29730432315374
homerule_N,cash_ga,MTL-LSTM (full),205,412668.28271484375,2.194735843543363
homerule_N,cash_ga,MTL-LSTM (full),206,336009.82482910156,3.1905889306950272
homerule_N,cash_ga,MTL-LSTM (full),207,136298.689453125,8.528175168703097
homerule_N,cash_ga,MTL-LSTM (full),209,566837.2094726562,43.940030863869744
homerule_N,cash_ga,MTL-LSTM (full),211,1247739.1123046875,20.168781131941685
homerule_N,cash_ga,MTL-LSTM (full),212,2293068.41796875,20.31428509239108
homerule_N,cash_ga,MTL-LSTM (full),213,429062.59716796875,24.255724820365863
homerule_N,cash_ga,MTL-LSTM (full),214,30385.4169921875,7.583759680238751
homerule_N,cash_ga,MTL-LSTM (full),216,111307.4072265625,13.11677378777299
homerule_N,cash_ga,MTL-LSTM (full),217,216773.26513671875,26.588636788565275
homerule_N,cash_ga,MTL-LSTM (full),218,829372.0400390625,10.750194747770868
homerule_N,cash_ga,MTL-LSTM (full),221,77123.19755554199,12.697170503932714
homerule_N,cash_ga,MTL-LSTM (full),222,3367261.7275390625,24.531112563195038
homerule_N,cash_ga,MTL-LSTM (full),223,1225909.0654296875,6.658875475583385
homerule_N,cash_ga,MTL-LSTM (full),226,922253.9990234375,11.989080188560173
homerule_N,cash_ga,MTL-LSTM (full),227,225143.68676757812,4.401258227778579
homerule_N,cash_ga,MTL-LSTM (full),228,1506769.875,28.467347239207356
homerule_N,cash_ga,MTL-LSTM (full),230,477980.75537109375,14.052630764459826
homerule_N,cash_ga,MTL-LSTM (full),231,162115.1767578125,15.353203172144777
homerule_N,cash_ga,MTL-LSTM (full),232,1274531.6806640625,18.449796032482528
homerule_N,cash_ga,MTL-LSTM (full),233,228505.76708984375,69.2893393516376
homerule_N,cash_ga,MTL-LSTM (full),234,44415.27685546875,6.408829020842736
homerule_N,cash_ga,MTL-LSTM (full),237,167685.86328125,6.568253069114788
homerule_N,cash_ga,MTL-LSTM (full),241,414049.95703125,89.20664707447007
homerule_N,cash_ga,MTL-LSTM (full),245,193454.6728515625,5.6754382829817285
homerule_N,cash_ga,MTL-LSTM (full),246,441444.34130859375,5.853762551515839
homerule_N,cash_ga,MTL-LSTM (full),248,197512.4189453125,3.2212473759566698
homerule_N,cash_ga,MTL-LSTM (full),249,92473.69873046875,5.267434278763301
homerule_N,cash_ga,MTL-LSTM (full),250,1775998.9546661377,50.20181631995102
homerule_N,cash_ga,MTL-LSTM (full),251,90284.8681640625,3.4870728171274075
homerule_N,cash_ga,MTL-LSTM (full),252,563702.3796386719,37.39795109228701
homerule_N,cash_ga,MTL-LSTM (full),253,174999.9873046875,17.60143569263756
homerule_N,cash_ga,MTL-LSTM (full),254,1432897.37890625,31.187175690094577
homerule_N,cash_ga,MTL-LSTM (full),255,432020.4521484375,9.09883716417638
homerule_N,cash_ga,MTL-LSTM (full),256,1666916.67578125,18.11249602968464
homerule_N,cash_ga,MTL-LSTM (full),257,139115.935546875,3.8843358377613346
homerule_N,cash_ga,MTL-LSTM (full),258,1246527.4047851562,21.129533862061756
homerule_N,cash_ga,MTL-LSTM (full),259,2588915.35546875,17.251406119259034
homerule_N,cash_ga,MTL-LSTM (full),262,685271.271484375,8.776185144564858
homerule_N,cash_ga,MTL-LSTM (full),264,72566.703125,10.017720999312465
homerule_N,cash_ga,MTL-LSTM (full),266,279800.0388183594,135.40459983511494
homerule_N,cash_ga,MTL-LSTM (full),269,725103.3173828125,4.793082906151038
homerule_N,cash_ga,MTL-LSTM (full),270,1428849.6147460938,1.003290438805931
homerule_N,cash_ga,MTL-LSTM (full),271,98691.41064453125,0.7874853795757596
homerule_N,cash_ga,MTL-LSTM (full),272,100128.54931640625,19.96496547123467
homerule_N,cash_ga,MTL-LSTM (full),273,488599.1259765625,8.246556810344416
homerule_N,cash_ga,MTL-LSTM (full),274,426403.2236328125,13.313074822464605
homerule_N,una_ga,ARIMA,2,316384.3836902494,19.68689950653429
homerule_N,una_ga,ARIMA,3,233709.0,8.043691013698357
homerule_N,una_ga,ARIMA,5,444364.87357364525,32.95953146433248
homerule_N,una_ga,ARIMA,6,8085483.427775621,38.502790263613804
homerule_N,una_ga,ARIMA,7,217933.88195042685,6.567694013749757
homerule_N,una_ga,ARIMA,8,264232.8150957476,40.46304341531932
homerule_N,una_ga,ARIMA,9,356849.40267979424,123.13019354434967
homerule_N,una_ga,ARIMA,10,1538029.0,200.0
homerule_N,una_ga,ARIMA,11,499133.55943532847,17.788783528136022
homerule_N,una_ga,ARIMA,14,93030.0,7.520675187349939
homerule_N,una_ga,ARIMA,15,122379.3541051615,4.579830274971599
homerule_N,una_ga,ARIMA,16,2572270.7946591424,33.244693516082435
homerule_N,una_ga,ARIMA,17,151587.0,8.152865351357587
homerule_N,una_ga,ARIMA,18,2984811.4862750694,200.0
homerule_N,una_ga,ARIMA,19,113613.68157664755,83.09943627314375
homerule_N,una_ga,ARIMA,21,1655513.397155867,86.18285286570578
homerule_N,una_ga,ARIMA,22,1510755.089173451,31.458371510289478
homerule_N,una_ga,ARIMA,24,6198096.905093163,18.21782810715678
homerule_N,una_ga,ARIMA,25,25506589.378415957,33.78332300725195
homerule_N,una_ga,ARIMA,26,84759.0,21.760053810300718
homerule_N,una_ga,ARIMA,28,1680350.5355772376,2.270275378102061
homerule_N,una_ga,ARIMA,40,8864069.0,200.0
homerule_N,una_ga,ARIMA,41,2121274.0,9.46358824958857
homerule_N,una_ga,ARIMA,43,2883004.2034243867,5.0186176141852785
homerule_N,una_ga,ARIMA,46,154689.10114577878,5.48114226174553
homerule_N,una_ga,ARIMA,47,53388.026278216974,5.447196461786084
homerule_N,una_ga,ARIMA,49,114278.0,8.807525834217081
homerule_N,una_ga,ARIMA,50,654990.0,13.677193672645677
homerule_N,una_ga,ARIMA,51,1128422.3774209209,10.705599819233534
homerule_N,una_ga,ARIMA,52,578672.782787112,62.31270454485467
homerule_N,una_ga,ARIMA,53,198332.96996183018,24.721828896150388
homerule_N,una_ga,ARIMA,56,1875708.690150736,33.607832310608714
homerule_N,una_ga,ARIMA,64,1747846.81712247,60.633279997507415
homerule_N,una_ga,ARIMA,65,464519.06752855843,14.365413051398706
homerule_N,una_ga,ARIMA,66,1860804.7494955491,52.04312550157515
homerule_N,una_ga,ARIMA,67,44268.12330455809,38.54968656610274
homerule_N,una_ga,ARIMA,68,350687.0,38.43766526644033
homerule_N,una_ga,ARIMA,69,270861.1732940492,44.8729142952203
homerule_N,una_ga,ARIMA,70,234589.69261982478,4.589595631702201
homerule_N,una_ga,ARIMA,71,913299.0234847246,44.83185233350178
homerule_N,una_ga,ARIMA,72,248371.0180180017,5.781990015100372
homerule_N,una_ga,ARIMA,75,5186.008585588657,4.669933980889858
homerule_N,una_ga,ARIMA,77,41224.886352209534,30.815765494075087
homerule_N,una_ga,ARIMA,78,832550.177678423,8.641151898921681
homerule_N,una_ga,ARIMA,79,1409122.5058023876,59.27235762319133
homerule_N,una_ga,ARIMA,80,292182.6956105705,14.48508701433269
homerule_N,una_ga,ARIMA,81,14623.078750709246,3.711916702300391
homerule_N,una_ga,ARIMA,82,301682.8800968933,15.774627530300823
homerule_N,una_ga,ARIMA,83,24895.0,6.981182075790484
homerule_N,una_ga,ARIMA,84,172881.73367505684,30.170482761266054
homerule_N,una_ga,ARIMA,85,9419.346924795347,36.62596828040282
homerule_N,una_ga,ARIMA,86,13994253.579515288,155.08252618664275
homerule_N,una_ga,ARIMA,87,380763.9180356916,26.31416958903748
homerule_N,una_ga,ARIMA,88,183813.96788021456,7.453079845826954
homerule_N,una_ga,ARIMA,89,101701.02889103268,13.945468814165507
homerule_N,una_ga,ARIMA,90,1624195.0,106.36840373227065
homerule_N,una_ga,ARIMA,93,60765.0,12.268433692613803
homerule_N,una_ga,ARIMA,95,6255647.159942623,110.27662240374048
homerule_N,una_ga,ARIMA,96,537997.0,61.33232100239003
homerule_N,una_ga,ARIMA,97,2206226.4497927125,49.15672478591159
homerule_N,una_ga,ARIMA,101,138365.84954681725,14.719754391074877
homerule_N,una_ga,ARIMA,103,57142.03130548075,131.0957391607898
homerule_N,una_ga,ARIMA,105,117617.0,7.761963888986963
homerule_N,una_ga,ARIMA,107,59978.248621233244,23.247124072152854
homerule_N,una_ga,ARIMA,108,272664.97865865263,29.034913111087818
homerule_N,una_ga,ARIMA,109,790489.923842568,3.58433989065397
homerule_N,una_ga,ARIMA,110,17739.1937107658,0.33864147209928996
homerule_N,una_ga,ARIMA,111,1760295.0,200.0
homerule_N,una_ga,ARIMA,115,2778831.236704721,35.75988717035051
homerule_N,una_ga,ARIMA,118,934658.9682798088,28.19850278451299
homerule_N,una_ga,ARIMA,119,534328.6311608497,53.649321196437015
homerule_N,una_ga,ARIMA,120,1437693.7892751452,29.920985066907193
homerule_N,una_ga,ARIMA,121,315559.0,20.635513847568358
homerule_N,una_ga,ARIMA,123,2925671.107181987,200.0
homerule_N,una_ga,ARIMA,124,318095.69517876185,32.12468545363408
homerule_N,una_ga,ARIMA,131,159049.3280918264,21.664251313585133
homerule_N,una_ga,ARIMA,133,1433726.6336565362,76.20723778487304
homerule_N,una_ga,ARIMA,134,1874787.9567960342,127.2186375194095
homerule_N,una_ga,ARIMA,135,2066626.2827745518,59.88386161417766
homerule_N,una_ga,ARIMA,136,32989.94760029018,0.04006465781715217
homerule_N,una_ga,ARIMA,139,145184.1683548391,11.895896154265087
homerule_N,una_ga,ARIMA,140,190744.9540904074,48.75600910534516
homerule_N,una_ga,ARIMA,141,159326.59995364575,200.0
homerule_N,una_ga,ARIMA,142,988322.4060207738,73.10027208543943
homerule_N,una_ga,ARIMA,143,2569956.0,192.70382339929367
homerule_N,una_ga,ARIMA,144,2285553.194182446,59.331816825842076
homerule_N,una_ga,ARIMA,145,22016.933723816415,4.253308473386777
homerule_N,una_ga,ARIMA,146,2797558.478738621,5.828491476854707
homerule_N,una_ga,ARIMA,147,15631.793914051726,0.29391480451569574
homerule_N,una_ga,ARIMA,148,407599.1011551295,53.76924077949178
homerule_N,una_ga,ARIMA,149,22006.0295598004,7.425940020701534
homerule_N,una_ga,ARIMA,150,254126.53264669026,20.68898996402401
homerule_N,una_ga,ARIMA,151,267783.0,36.81612423137337
homerule_N,una_ga,ARIMA,152,827312.7960713096,25.43820170197526
homerule_N,una_ga,ARIMA,153,52870.17079676852,76.74791727918827
homerule_N,una_ga,ARIMA,154,36801.054551978596,6.47761657286055
homerule_N,una_ga,ARIMA,155,114538.04392627603,10.512089165910234
homerule_N,una_ga,ARIMA,156,603019.4996174439,19.711400742446607
homerule_N,una_ga,ARIMA,157,127800.92477177503,3.6376625750863623
homerule_N,una_ga,ARIMA,161,189977.86318576895,2.020170045870955
homerule_N,una_ga,ARIMA,162,1218987.7984713227,29.581969539808817
homerule_N,una_ga,ARIMA,163,3441872.9750574687,82.71240830131481
homerule_N,una_ga,ARIMA,164,244405287.65039468,187.97989057021937
homerule_N,una_ga,ARIMA,165,208056.16849073768,0.9810774266846157
homerule_N,una_ga,ARIMA,166,105014.8868013033,21.153737653944795
homerule_N,una_ga,ARIMA,168,338178.3042555535,14.13846321377093
homerule_N,una_ga,ARIMA,169,34616.32074966305,2.1579980530303904
homerule_N,una_ga,ARIMA,170,448199.37711762765,199.68579260324103
homerule_N,una_ga,ARIMA,171,83259.43575495656,17.411360888681518
homerule_N,una_ga,ARIMA,172,33903762.538401596,156.9125939993824
homerule_N,una_ga,ARIMA,173,149061.95192809994,131.4525940279902
homerule_N,una_ga,ARIMA,174,22974.930231962935,7.744910180746727
homerule_N,una_ga,ARIMA,175,25833989.29360795,200.0
homerule_N,una_ga,ARIMA,176,478802.0019983442,29.58639787074996
homerule_N,una_ga,ARIMA,177,116273.76940166997,12.559303852724076
homerule_N,una_ga,ARIMA,178,1246892.6592506617,23.865364375591383
homerule_N,una_ga,ARIMA,180,1310016.6431413018,77.14478334460966
homerule_N,una_ga,ARIMA,181,566714.0317157321,5.827519471285362
homerule_N,una_ga,ARIMA,185,1463523.4545737193,200.0
homerule_N,una_ga,ARIMA,186,1185324.2118674978,29.594522222105045
homerule_N,una_ga,ARIMA,187,19238.8625403489,0.7980276265742288
homerule_N,una_ga,ARIMA,188,344054.0,20.24307886560058
homerule_N,una_ga,ARIMA,189,263706.63906623237,6.121338689874782
homerule_N,una_ga,ARIMA,190,73782.62880942412,42.434461387831405
homerule_N,una_ga,ARIMA,192,1275647.0,11.047200229838422
homerule_N,una_ga,ARIMA,193,60672.646587954834,1.0037820659040637
homerule_N,una_ga,ARIMA,194,116212.16627476306,13.580089019114446
homerule_N,una_ga,ARIMA,195,2008224.8375008325,200.0
homerule_N,una_ga,ARIMA,196,12190275.0,200.0
homerule_N,una_ga,ARIMA,197,64770.530705470825,4.975164128695471
homerule_N,una_ga,ARIMA,198,49648.97927826925,90.49053366602867
homerule_N,una_ga,ARIMA,200,115034.91413299428,73.44351557638402
homerule_N,una_ga,ARIMA,201,8925272.5756132,53.55877069941313
homerule_N,una_ga,ARIMA,202,166117.0,4.329232450387995
homerule_N,una_ga,ARIMA,203,79015.7403413218,5.2621166751609945
homerule_N,una_ga,ARIMA,204,1842759.8747111838,96.30763584608276
homerule_N,una_ga,ARIMA,205,6858343.322619065,146.6059854730876
homerule_N,una_ga,ARIMA,206,713152.4259166494,7.214298075936071
homerule_N,una_ga,ARIMA,207,105955.37922859425,8.55596874829196
homerule_N,una_ga,ARIMA,209,1068819.1978274183,14.41727219791501
homerule_N,una_ga,ARIMA,211,129580.4228126863,5.682505013544574
homerule_N,una_ga,ARIMA,212,3564572.824806219,23.8707029478509
homerule_N,una_ga,ARIMA,213,108820.78954391542,13.463094024723215
homerule_N,una_ga,ARIMA,214,17900.0,4.672043431733354
homerule_N,una_ga,ARIMA,216,44484.105637217755,7.951414666402902
homerule_N,una_ga,ARIMA,217,180318.0352235979,103.61317989740446
homerule_N,una_ga,ARIMA,218,1385014.49503033,30.165237764778702
homerule_N,una_ga,ARIMA,221,452688.52713471977,200.0
homerule_N,una_ga,ARIMA,222,1594133.7253511418,14.40236938968271
homerule_N,una_ga,ARIMA,223,8335098.491147473,9.411369348849249
homerule_N,una_ga,ARIMA,226,1411098.1471879315,17.583413977084874
homerule_N,una_ga,ARIMA,227,285437.57281315606,9.701398431720934
homerule_N,una_ga,ARIMA,228,1556987.8112685685,42.97929664424422
homerule_N,una_ga,ARIMA,230,1381500.5761399907,42.06796021023376
homerule_N,una_ga,ARIMA,231,114337.58337938931,82.0955486256425
homerule_N,una_ga,ARIMA,232,816285.3302159049,19.92944116627571
homerule_N,una_ga,ARIMA,233,86009.75402240118,31.10310083465177
homerule_N,una_ga,ARIMA,234,223559.0,200.0
homerule_N,una_ga,ARIMA,237,382152.56311014586,55.656604878658875
homerule_N,una_ga,ARIMA,241,94542.24815860868,200.0
homerule_N,una_ga,ARIMA,245,159289.3291563457,5.543251067419632
homerule_N,una_ga,ARIMA,246,1200396.2885118998,30.11228253130227
homerule_N,una_ga,ARIMA,248,1016807.2420568569,18.65015111648075
homerule_N,una_ga,ARIMA,249,598933.1675935428,57.950445987997945
homerule_N,una_ga,ARIMA,250,1545531.5607482297,75.76971612840336
homerule_N,una_ga,ARIMA,251,1290257.0,200.0
homerule_N,una_ga,ARIMA,252,179049.27680338186,50.83512975627214
homerule_N,una_ga,ARIMA,253,384898.81512879115,43.84670304720753
homerule_N,una_ga,ARIMA,254,746890.0,139.7077116172754
homerule_N,una_ga,ARIMA,255,678970.8331350544,32.46468764886266
homerule_N,una_ga,ARIMA,256,1738453.2298770715,18.03632239755383
homerule_N,una_ga,ARIMA,257,12902277.963825151,64.20924684523979
homerule_N,una_ga,ARIMA,258,1962956.4115977837,200.0
homerule_N,una_ga,ARIMA,259,814746.5389185305,200.0
homerule_N,una_ga,ARIMA,262,1548367.592499815,2.4003958990362553
homerule_N,una_ga,ARIMA,264,24677.76657785062,5.7210524865535595
homerule_N,una_ga,ARIMA,266,41525.17101679792,20.424919263190976
homerule_N,una_ga,ARIMA,269,7308015.774589159,30.126685741231746
homerule_N,una_ga,ARIMA,270,364100598.14618814,193.9457048841728
homerule_N,una_ga,ARIMA,271,1006387.7676883759,115.55932058224847
homerule_N,una_ga,ARIMA,272,41341.4672842467,5.184186839319272
homerule_N,una_ga,ARIMA,273,1179334.532507739,28.415729418433568
homerule_N,una_ga,ARIMA,274,98583.36358491657,8.54364594540596
homerule_N,una_ga,STL-LSTM (full),2,318177.853515625,19.809551023212567
homerule_N,una_ga,STL-LSTM (full),3,232250.49047851562,7.991486894223527
homerule_N,una_ga,STL-LSTM (full),5,443583.18072509766,32.89201618763409
homerule_N,una_ga,STL-LSTM (full),6,889389.8798522949,5.1109405825000405
homerule_N,una_ga,STL-LSTM (full),7,252030.06127929688,7.556400421190368
homerule_N,una_ga,STL-LSTM (full),8,264495.7894897461,40.51147080436797
homerule_N,una_ga,STL-LSTM (full),9,566662.8836975098,143.56019805851784
homerule_N,una_ga,STL-LSTM (full),10,140527.20080566406,9.574227655470835
homerule_N,una_ga,STL-LSTM (full),11,497641.66247558594,17.730899548837968
homerule_N,una_ga,STL-LSTM (full),14,93380.58325195312,7.547947221282395
homerule_N,una_ga,STL-LSTM (full),15,121272.69140625,4.537475790970434
homerule_N,una_ga,STL-LSTM (full),16,3078970.3081054688,41.14049623323035
homerule_N,una_ga,STL-LSTM (full),17,152434.81707763672,8.196595080657493
homerule_N,una_ga,STL-LSTM (full),18,302320.4393310547,93.93186464139632
homerule_N,una_ga,STL-LSTM (full),19,111633.48364257812,81.06402901206374
homerule_N,una_ga,STL-LSTM (full),21,768544.080871582,32.504605535365876
homerule_N,una_ga,STL-LSTM (full),22,1509546.09375,31.429240532476822
homerule_N,una_ga,STL-LSTM (full),24,730918.1787109375,1.9885824104965502
homerule_N,una_ga,STL-LSTM (full),25,8093759.342132568,8.76890270796993
homerule_N,una_ga,STL-LSTM (full),26,86017.99914550781,22.04764350773954
homerule_N,una_ga,STL-LSTM (full),28,1680160.180343628,2.2700152753282117
homerule_N,una_ga,STL-LSTM (full),40,1279947.8841552734,13.467404261069865
homerule_N,una_ga,STL-LSTM (full),41,2120985.8712158203,9.462242012763381
homerule_N,una_ga,STL-LSTM (full),43,2881748.9450683594,5.016377704475598
homerule_N,una_ga,STL-LSTM (full),46,235216.09771728516,8.217245102128642
homerule_N,una_ga,STL-LSTM (full),47,19109.987915039062,1.9162877340708107
homerule_N,una_ga,STL-LSTM (full),49,114009.56854248047,8.785928709602016
homerule_N,una_ga,STL-LSTM (full),50,655723.9996337891,13.691471460034538
homerule_N,una_ga,STL-LSTM (full),51,1186607.0639648438,12.646387570777435
homerule_N,una_ga,STL-LSTM (full),52,579240.3800048828,62.354768971756016
homerule_N,una_ga,STL-LSTM (full),53,143562.19458007812,22.74033189729878
homerule_N,una_ga,STL-LSTM (full),56,1877272.3784179688,33.63113828893097
homerule_N,una_ga,STL-LSTM (full),64,1253489.1295166016,40.04973288345165
homerule_N,una_ga,STL-LSTM (full),65,456681.69677734375,16.468908208878037
homerule_N,una_ga,STL-LSTM (full),66,283506.3856201172,11.32508069011572
homerule_N,una_ga,STL-LSTM (full),67,20929.167572021484,16.544349708800237
homerule_N,una_ga,STL-LSTM (full),68,351887.15295410156,38.54385890579138
homerule_N,una_ga,STL-LSTM (full),69,141569.95922851562,17.48135578306415
homerule_N,una_ga,STL-LSTM (full),70,235726.71069335938,4.611327759556551
homerule_N,una_ga,STL-LSTM (full),71,37260.69836425781,1.505370451935609
homerule_N,una_ga,STL-LSTM (full),72,656308.5804443359,16.040277038724078
homerule_N,una_ga,STL-LSTM (full),75,6167.3817138671875,5.52921662428234
homerule_N,una_ga,STL-LSTM (full),77,40828.3720703125,30.474207336372462
homerule_N,una_ga,STL-LSTM (full),78,830729.18359375,8.621436812137373
homerule_N,una_ga,STL-LSTM (full),79,1407316.5397949219,59.17391700797139
homerule_N,una_ga,STL-LSTM (full),80,290312.3596191406,14.385694871071752
homerule_N,una_ga,STL-LSTM (full),81,16333.751342773438,4.137170625108675
homerule_N,una_ga,STL-LSTM (full),82,206100.26586914062,12.426421779559501
homerule_N,una_ga,STL-LSTM (full),83,23203.118774414062,6.491337225589196
homerule_N,una_ga,STL-LSTM (full),84,171653.40502929688,29.92404790712441
homerule_N,una_ga,STL-LSTM (full),85,8395.542785644531,49.94306134575559
homerule_N,una_ga,STL-LSTM (full),86,9502206.214477539,84.31588492841342
homerule_N,una_ga,STL-LSTM (full),87,381794.2917480469,26.375986663438166
homerule_N,una_ga,STL-LSTM (full),88,452637.4398803711,19.410918512532376
homerule_N,una_ga,STL-LSTM (full),89,32991.38257598877,4.7474964430655895
homerule_N,una_ga,STL-LSTM (full),90,1623095.5549316406,106.25814686140804
homerule_N,una_ga,STL-LSTM (full),93,60642.0489654541,12.242090444397009
homerule_N,una_ga,STL-LSTM (full),95,2826842.913208008,200.0
homerule_N,una_ga,STL-LSTM (full),96,539068.5133056641,61.41696325102778
homerule_N,una_ga,STL-LSTM (full),97,2204739.425048828,49.11545599690176
homerule_N,una_ga,STL-LSTM (full),101,136430.52758789062,14.498943730901479
homerule_N,una_ga,STL-LSTM (full),103,57268.02590179443,131.19518203670307
homerule_N,una_ga,STL-LSTM (full),105,116680.67004394531,7.697793846633924
homerule_N,una_ga,STL-LSTM (full),107,3360.117950439453,1.173586382186077
homerule_N,una_ga,STL-LSTM (full),108,272800.6798553467,29.047264645322347
homerule_N,una_ga,STL-LSTM (full),109,791263.4370117188,3.587784334098237
homerule_N,una_ga,STL-LSTM (full),110,19298.201538085938,0.36834814180444503
homerule_N,una_ga,STL-LSTM (full),111,444760.01330566406,22.43232056758064
homerule_N,una_ga,STL-LSTM (full),115,1888963.3312988281,18.693903163724883
homerule_N,una_ga,STL-LSTM (full),118,224898.07641601562,8.223592938476347
homerule_N,una_ga,STL-LSTM (full),119,257710.4844970703,42.955630766178395
homerule_N,una_ga,STL-LSTM (full),120,2749618.3236083984,66.2717390825382
homerule_N,una_ga,STL-LSTM (full),121,314183.1640625,20.536304758127454
homerule_N,una_ga,STL-LSTM (full),123,283789.154296875,10.589398758755317
homerule_N,una_ga,STL-LSTM (full),124,106865.302734375,12.080968153397114
homerule_N,una_ga,STL-LSTM (full),131,160329.86938476562,21.819645675079382
homerule_N,una_ga,STL-LSTM (full),133,1433321.6356201172,76.19391193885447
homerule_N,una_ga,STL-LSTM (full),134,1670172.2087402344,121.78893757238968
homerule_N,una_ga,STL-LSTM (full),135,1468591.5739746094,46.59178415315239
homerule_N,una_ga,STL-LSTM (full),136,32661.062561035156,0.0396651640079526
homerule_N,una_ga,STL-LSTM (full),139,245504.33032226562,20.977971809672212
homerule_N,una_ga,STL-LSTM (full),140,191082.51248168945,48.82122970877229
homerule_N,una_ga,STL-LSTM (full),141,18497.59002685547,14.141325667242622
homerule_N,una_ga,STL-LSTM (full),142,991854.6027832031,73.26582201371488
homerule_N,una_ga,STL-LSTM (full),143,2568443.5959472656,192.48127656347827
homerule_N,una_ga,STL-LSTM (full),144,635940.8796386719,13.597311148035562
homerule_N,una_ga,STL-LSTM (full),145,20418.263916015625,3.93839023710211
homerule_N,una_ga,STL-LSTM (full),146,2768447.1157836914,6.122853457542142
homerule_N,una_ga,STL-LSTM (full),147,17058.670776367188,0.32070045427539184
homerule_N,una_ga,STL-LSTM (full),148,172948.7294921875,26.992561736570014
homerule_N,una_ga,STL-LSTM (full),149,49001.03045654297,14.766306469130699
homerule_N,una_ga,STL-LSTM (full),150,230051.96606445312,18.547267751361083
homerule_N,una_ga,STL-LSTM (full),151,265958.2697753906,36.51944265282901
homerule_N,una_ga,STL-LSTM (full),152,825774.3522949219,25.384893614378274
homerule_N,una_ga,STL-LSTM (full),153,42804.18045043945,67.03330979482953
homerule_N,una_ga,STL-LSTM (full),154,35540.02880859375,6.248719524977778
homerule_N,una_ga,STL-LSTM (full),155,115915.54638671875,10.631793183939408
homerule_N,una_ga,STL-LSTM (full),156,601688.7399902344,19.663624290164414
homerule_N,una_ga,STL-LSTM (full),157,129581.65551757812,3.6874139195336957
homerule_N,una_ga,STL-LSTM (full),161,3912817.6705932617,51.87601710373173
homerule_N,una_ga,STL-LSTM (full),162,1398116.641418457,34.68284351379649
homerule_N,una_ga,STL-LSTM (full),163,652147.0389404297,30.84540853246549
homerule_N,una_ga,STL-LSTM (full),164,266014.4022216797,3.4632472275232167
homerule_N,una_ga,STL-LSTM (full),165,208349.90838623047,0.9824557369487539
homerule_N,una_ga,STL-LSTM (full),166,103394.71533203125,20.79344665792321
homerule_N,una_ga,STL-LSTM (full),168,319838.90197753906,13.320667970205639
homerule_N,una_ga,STL-LSTM (full),169,36284.80078125,2.2608361078549426
homerule_N,una_ga,STL-LSTM (full),170,3407.1885986328125,0.7567232127198881
homerule_N,una_ga,STL-LSTM (full),171,81973.78503417969,17.11948980827425
homerule_N,una_ga,STL-LSTM (full),172,627896.5542449951,14.46448727570521
homerule_N,una_ga,STL-LSTM (full),173,149838.88006591797,131.68661727606639
homerule_N,una_ga,STL-LSTM (full),174,22869.123046875,7.707867680160215
homerule_N,una_ga,STL-LSTM (full),175,2225816.0825195312,8.62564382890025
homerule_N,una_ga,STL-LSTM (full),176,258227.67016601562,14.938499282941558
homerule_N,una_ga,STL-LSTM (full),177,3555.8109130859375,0.4106571586272583
homerule_N,una_ga,STL-LSTM (full),178,1247789.1737060547,23.884572743740208
homerule_N,una_ga,STL-LSTM (full),180,1309642.77835083,77.1312577697055
homerule_N,una_ga,STL-LSTM (full),181,566145.1529541016,5.821839974297203
homerule_N,una_ga,STL-LSTM (full),185,226292.97802734375,20.350518222563018
homerule_N,una_ga,STL-LSTM (full),186,1184750.5867919922,29.578082187273928
homerule_N,una_ga,STL-LSTM (full),187,444898.24797058105,20.241307581116825
homerule_N,una_ga,STL-LSTM (full),188,342439.15466308594,20.1384992851179
homerule_N,una_ga,STL-LSTM (full),189,261934.74487304688,6.078958120709604
homerule_N,una_ga,STL-LSTM (full),190,28197.285258293152,18.663607813364713
homerule_N,una_ga,STL-LSTM (full),192,1277577.7080078125,11.062995437554932
homerule_N,una_ga,STL-LSTM (full),193,61065.426818847656,1.0102474872058842
homerule_N,una_ga,STL-LSTM (full),194,60934.111328125,7.358169726700857
homerule_N,una_ga,STL-LSTM (full),195,686392.6040039062,30.088399363698482
homerule_N,una_ga,STL-LSTM (full),196,12191356.975830078,200.0
homerule_N,una_ga,STL-LSTM (full),197,300419.0520629883,21.160719105708978
homerule_N,una_ga,STL-LSTM (full),198,50013.84112548828,90.85344565200523
homerule_N,una_ga,STL-LSTM (full),200,115607.10192871094,73.6742562962474
homerule_N,una_ga,STL-LSTM (full),201,67924.91723632812,0.555133870510037
homerule_N,una_ga,STL-LSTM (full),202,164549.57177734375,4.287507454558413
homerule_N,una_ga,STL-LSTM (full),203,77347.654296875,5.148169658365668
homerule_N,una_ga,STL-LSTM (full),204,836555.4029426575,59.31722574229057
homerule_N,una_ga,STL-LSTM (full),205,1336361.9885253906,69.70791077533977
homerule_N,una_ga,STL-LSTM (full),206,804542.791015625,8.81553873641506
homerule_N,una_ga,STL-LSTM (full),207,57293.966064453125,4.719246658512483
homerule_N,una_ga,STL-LSTM (full),209,1068745.1028289795,14.416200690092293
homerule_N,una_ga,STL-LSTM (full),211,128340.64318847656,5.626607274275804
homerule_N,una_ga,STL-LSTM (full),212,3562755.3395996094,23.85708005188441
homerule_N,una_ga,STL-LSTM (full),213,106871.326171875,13.205984904685586
homerule_N,una_ga,STL-LSTM (full),214,18212.099060058594,4.7554406866862395
homerule_N,una_ga,STL-LSTM (full),216,79296.10040283203,14.629117569428294
homerule_N,una_ga,STL-LSTM (full),217,181972.31958007812,104.0691269368567
homerule_N,una_ga,STL-LSTM (full),218,1383148.441772461,30.11847523897904
homerule_N,una_ga,STL-LSTM (full),221,101052.60290527344,22.08817920153943
homerule_N,una_ga,STL-LSTM (full),222,1607489.652709961,16.978599150668156
homerule_N,una_ga,STL-LSTM (full),223,124859.35821533203,0.13473654201577456
homerule_N,una_ga,STL-LSTM (full),226,246704.46685791016,2.7863405636504046
homerule_N,una_ga,STL-LSTM (full),227,283910.77978515625,9.647003049550039
homerule_N,una_ga,STL-LSTM (full),228,1366537.6478271484,36.755917112373396
homerule_N,una_ga,STL-LSTM (full),230,753144.2796630859,25.360142508207044
homerule_N,una_ga,STL-LSTM (full),231,126303.76577758789,86.95200066649082
homerule_N,una_ga,STL-LSTM (full),232,136079.5994873047,3.623210734804974
homerule_N,una_ga,STL-LSTM (full),233,127820.08612060547,33.33456908316663
homerule_N,una_ga,STL-LSTM (full),234,222557.2022705078,200.0
homerule_N,una_ga,STL-LSTM (full),237,151785.55444335938,15.917196493629094
homerule_N,una_ga,STL-LSTM (full),241,146996.23266220093,148.30709485342973
homerule_N,una_ga,STL-LSTM (full),245,396501.763671875,14.392255536562018
homerule_N,una_ga,STL-LSTM (full),246,447184.54943847656,10.249458174046248
homerule_N,una_ga,STL-LSTM (full),248,1245413.4763183594,23.332389392001268
homerule_N,una_ga,STL-LSTM (full),249,498384.4216308594,45.98487347530293
homerule_N,una_ga,STL-LSTM (full),250,1195365.6706542969,178.59240139499988
homerule_N,una_ga,STL-LSTM (full),251,158495.26318359375,13.087864331877627
homerule_N,una_ga,STL-LSTM (full),252,180720.17578125,51.188109024390535
homerule_N,una_ga,STL-LSTM (full),253,79445.95965576172,10.956522236309436
homerule_N,una_ga,STL-LSTM (full),254,746192.3434448242,139.4861994724615
homerule_N,una_ga,STL-LSTM (full),255,680817.4703369141,32.538618612080164
homerule_N,una_ga,STL-LSTM (full),256,1738607.9487762451,18.037782823598945
homerule_N,una_ga,STL-LSTM (full),257,12902639.464141846,64.21046829654749
homerule_N,una_ga,STL-LSTM (full),258,61128.3271484375,3.7972641887025818
homerule_N,una_ga,STL-LSTM (full),259,815013.7807922363,200.0
homerule_N,una_ga,STL-LSTM (full),262,1548668.0602416992,2.400856115042526
homerule_N,una_ga,STL-LSTM (full),264,98725.99047851562,25.036642089688645
homerule_N,una_ga,STL-LSTM (full),266,59444.62243652344,30.586897471293128
homerule_N,una_ga,STL-LSTM (full),269,1154535.6237945557,4.052581727002834
homerule_N,una_ga,STL-LSTM (full),270,71780497.13647461,21.498033792199504
homerule_N,una_ga,STL-LSTM (full),271,526316.3123168945,47.37662354620443
homerule_N,una_ga,STL-LSTM (full),272,42647.089599609375,5.352292323790696
homerule_N,una_ga,STL-LSTM (full),273,216506.7342529297,4.6744533956218515
homerule_N,una_ga,STL-LSTM (full),274,192433.98593139648,17.384099493614592
homerule_N,una_ga,MTL-LSTM (full),2,315942.8850708008,19.65672736416541
homerule_N,una_ga,MTL-LSTM (full),3,234135.9013671875,8.058975961113234
homerule_N,una_ga,MTL-LSTM (full),5,444434.7734375,32.965570663950615
homerule_N,una_ga,MTL-LSTM (full),6,889598.5018310547,5.112108799628612
homerule_N,una_ga,MTL-LSTM (full),7,254229.0068359375,7.6198176750157245
homerule_N,una_ga,MTL-LSTM (full),8,264534.7726135254,40.518651303749515
homerule_N,una_ga,MTL-LSTM (full),9,567185.6017456055,143.5975441189546
homerule_N,una_ga,MTL-LSTM (full),10,141673.28839874268,9.656081415543726
homerule_N,una_ga,MTL-LSTM (full),11,499549.994140625,17.80494623654634
homerule_N,una_ga,MTL-LSTM (full),14,92751.39981079102,7.498997236924828
homerule_N,una_ga,MTL-LSTM (full),15,122875.0025024414,4.598805547908422
homerule_N,una_ga,MTL-LSTM (full),16,3080960.7493286133,41.17256714397507
homerule_N,una_ga,MTL-LSTM (full),17,151068.6649169922,8.1261202173699
homerule_N,una_ga,MTL-LSTM (full),18,302261.70764160156,93.90504858082313
homerule_N,una_ga,MTL-LSTM (full),19,114136.27038574219,83.64152123576764
homerule_N,una_ga,MTL-LSTM (full),21,768582.2808227539,32.50648374471611
homerule_N,una_ga,MTL-LSTM (full),22,1511184.51171875,31.468720294416723
homerule_N,una_ga,MTL-LSTM (full),24,729648.2642822266,1.985093108080845
homerule_N,una_ga,MTL-LSTM (full),25,8094653.776550293,8.769829260153982
homerule_N,una_ga,MTL-LSTM (full),26,84391.69342041016,21.675975745048305
homerule_N,una_ga,MTL-LSTM (full),28,1679860.5469665527,2.2696058554605893
homerule_N,una_ga,MTL-LSTM (full),40,1281976.4571533203,13.487309190512791
homerule_N,una_ga,MTL-LSTM (full),41,2120701.224609375,9.460912062862956
homerule_N,una_ga,MTL-LSTM (full),43,2883334.785736084,5.019207520436006
homerule_N,una_ga,MTL-LSTM (full),46,234064.2420349121,8.178650709069734
homerule_N,una_ga,MTL-LSTM (full),47,21037.31378173828,2.1115942305812516
homerule_N,una_ga,MTL-LSTM (full),49,113810.16592407227,8.7698883133383
homerule_N,una_ga,MTL-LSTM (full),50,654501.1899414062,13.667684107730196
homerule_N,una_ga,MTL-LSTM (full),51,1188330.441040039,12.665917819251163
homerule_N,una_ga,MTL-LSTM (full),52,578199.8878479004,62.277638831732965
homerule_N,una_ga,MTL-LSTM (full),53,145925.97583007812,23.158110963220143
homerule_N,una_ga,MTL-LSTM (full),56,1875220.6151733398,33.600556464112415
homerule_N,una_ga,MTL-LSTM (full),64,1251160.9147338867,39.96048214369876
homerule_N,una_ga,MTL-LSTM (full),65,457791.27770996094,16.512225632345263
homerule_N,una_ga,MTL-LSTM (full),66,285185.5326538086,11.395978678385797
homerule_N,una_ga,MTL-LSTM (full),67,21722.41357421875,17.225411114488864
homerule_N,una_ga,MTL-LSTM (full),68,350154.6780395508,38.39051886424087
homerule_N,una_ga,MTL-LSTM (full),69,140016.32583618164,17.30611040277718
homerule_N,una_ga,MTL-LSTM (full),70,234059.95965576172,4.579469054232413
homerule_N,una_ga,MTL-LSTM (full),71,38705.25086975098,1.5641882967225658
homerule_N,una_ga,MTL-LSTM (full),72,658289.6497497559,16.09259048509272
homerule_N,una_ga,MTL-LSTM (full),75,5041.747772216797,4.542979754318709
homerule_N,una_ga,MTL-LSTM (full),77,41546.25131225586,31.093333520135612
homerule_N,una_ga,MTL-LSTM (full),78,833065.5535888672,8.646732319460511
homerule_N,una_ga,MTL-LSTM (full),79,1409630.135925293,59.30004127806902
homerule_N,una_ga,MTL-LSTM (full),80,292585.50106811523,14.50650469473479
homerule_N,una_ga,MTL-LSTM (full),81,14167.830657958984,3.598435877291938
homerule_N,una_ga,MTL-LSTM (full),82,208456.4669189453,12.577418326686512
homerule_N,una_ga,MTL-LSTM (full),83,25351.51742553711,7.113754482229536
homerule_N,una_ga,MTL-LSTM (full),84,173393.27197265625,30.27326659924347
homerule_N,una_ga,MTL-LSTM (full),85,8046.762114048004,47.3767597675528
homerule_N,una_ga,MTL-LSTM (full),86,9501489.131774902,84.30683986719878
homerule_N,una_ga,MTL-LSTM (full),87,380295.4426269531,26.286048937184315
homerule_N,una_ga,MTL-LSTM (full),88,453507.3558959961,19.45185232489502
homerule_N,una_ga,MTL-LSTM (full),89,32538.287689208984,4.683822533886524
homerule_N,una_ga,MTL-LSTM (full),90,1624669.8739318848,106.41605059579098
homerule_N,una_ga,MTL-LSTM (full),93,60924.810623168945,12.302684179706052
homerule_N,una_ga,MTL-LSTM (full),95,2828511.781616211,200.0
homerule_N,una_ga,MTL-LSTM (full),96,537553.782409668,61.297279596851986
homerule_N,una_ga,MTL-LSTM (full),97,2206694.621032715,49.16972058093671
homerule_N,una_ga,MTL-LSTM (full),101,138761.4861755371,14.764950552676803
homerule_N,una_ga,MTL-LSTM (full),103,56748.5905456543,130.78335225727142
homerule_N,una_ga,MTL-LSTM (full),105,118118.52508544922,7.796351507720403
homerule_N,una_ga,MTL-LSTM (full),107,3946.6090393066406,1.3798430318265071
homerule_N,una_ga,MTL-LSTM (full),108,272642.5076560974,29.032867626313358
homerule_N,una_ga,MTL-LSTM (full),109,790024.8574829102,3.582268898432713
homerule_N,una_ga,MTL-LSTM (full),110,17354.716674804688,0.3313139584368914
homerule_N,una_ga,MTL-LSTM (full),111,442649.279296875,22.337751929800522
homerule_N,una_ga,MTL-LSTM (full),115,1890554.264251709,18.708174891859592
homerule_N,una_ga,MTL-LSTM (full),118,227055.0530090332,8.305740095581722
homerule_N,una_ga,MTL-LSTM (full),119,256043.33642578125,42.61853277544376
homerule_N,una_ga,MTL-LSTM (full),120,2751426.5835876465,66.32977629609485
homerule_N,una_ga,MTL-LSTM (full),121,315792.6424255371,20.652370255164513
homerule_N,una_ga,MTL-LSTM (full),123,285778.4261779785,10.667586267617226
homerule_N,una_ga,MTL-LSTM (full),124,104725.71307373047,11.853426018502084
homerule_N,una_ga,MTL-LSTM (full),131,158608.34539794922,21.61067507020853
homerule_N,una_ga,MTL-LSTM (full),133,1434259.4295654297,76.22476425735671
homerule_N,una_ga,MTL-LSTM (full),134,1671804.8309326172,121.83546532073055
homerule_N,una_ga,MTL-LSTM (full),135,1470568.2902832031,46.63987197669498
homerule_N,una_ga,MTL-LSTM (full),136,32524.310150146484,0.03949905250833007
homerule_N,una_ga,MTL-LSTM (full),139,247932.80786132812,21.207485319666578
homerule_N,una_ga,MTL-LSTM (full),140,191033.85961914062,48.81183282240138
homerule_N,una_ga,MTL-LSTM (full),141,19701.611267089844,15.131434649475597
homerule_N,una_ga,MTL-LSTM (full),142,989720.583984375,73.16585474069757
homerule_N,una_ga,MTL-LSTM (full),143,2570451.481781006,192.77678731811602
homerule_N,una_ga,MTL-LSTM (full),144,638352.0328674316,13.65238416279351
homerule_N,una_ga,MTL-LSTM (full),145,22407.93035888672,4.330478068476607
homerule_N,una_ga,MTL-LSTM (full),146,2768351.0942077637,6.122634589601266
homerule_N,una_ga,MTL-LSTM (full),147,15293.21743774414,0.287557916678102
homerule_N,una_ga,MTL-LSTM (full),148,170551.95623779297,26.668370327714097
homerule_N,una_ga,MTL-LSTM (full),149,48878.326416015625,14.732053689508259
homerule_N,una_ga,MTL-LSTM (full),150,232468.9658203125,18.76040989618159
homerule_N,una_ga,MTL-LSTM (full),151,268263.3493652344,36.894347685295806
homerule_N,una_ga,MTL-LSTM (full),152,827713.4055786133,25.45208722303315
homerule_N,una_ga,MTL-LSTM (full),153,42808.5246887207,67.03783268670207
homerule_N,una_ga,MTL-LSTM (full),154,37144.335388183594,6.540015732831576
homerule_N,una_ga,MTL-LSTM (full),155,114465.4529800415,10.505776864753974
homerule_N,una_ga,MTL-LSTM (full),156,603518.1420898438,19.729308177773383
homerule_N,una_ga,MTL-LSTM (full),157,127360.19570922852,3.6253452743815453
homerule_N,una_ga,MTL-LSTM (full),161,3914404.2888793945,51.90251137450841
homerule_N,una_ga,MTL-LSTM (full),162,1396647.1977539062,34.64007773056282
homerule_N,una_ga,MTL-LSTM (full),163,653326.1367797852,30.909796869258738
homerule_N,una_ga,MTL-LSTM (full),164,264182.9735107422,3.4389938310245256
homerule_N,una_ga,MTL-LSTM (full),165,208381.6390991211,0.9826046252418732
homerule_N,una_ga,MTL-LSTM (full),166,105355.92315673828,21.229726598221742
homerule_N,una_ga,MTL-LSTM (full),168,321596.3439025879,13.398765555698358
homerule_N,una_ga,MTL-LSTM (full),169,34194.20294189453,2.1319635396454064
homerule_N,una_ga,MTL-LSTM (full),170,1577.197998046875,0.35100278086608033
homerule_N,una_ga,MTL-LSTM (full),171,83268.37730142474,17.413393564829533
homerule_N,una_ga,MTL-LSTM (full),172,628550.8413085938,14.480650998774703
homerule_N,una_ga,MTL-LSTM (full),173,148541.78302001953,131.2950126060369
homerule_N,una_ga,MTL-LSTM (full),174,22994.89043045044,7.751899615383086
homerule_N,una_ga,MTL-LSTM (full),175,2225541.835243225,8.624626876506243
homerule_N,una_ga,MTL-LSTM (full),176,260479.69958496094,15.078601646432022
homerule_N,una_ga,MTL-LSTM (full),177,5438.03017270565,0.6287161760622089
homerule_N,una_ga,MTL-LSTM (full),178,1246416.354095459,23.85516058825775
homerule_N,una_ga,MTL-LSTM (full),180,1310526.3781738281,77.16321959772756
homerule_N,una_ga,MTL-LSTM (full),181,566857.07371521,5.8289475029212445
homerule_N,una_ga,MTL-LSTM (full),185,224280.54510498047,20.187807959045443
homerule_N,una_ga,MTL-LSTM (full),186,1185543.4836425781,29.600807150364243
homerule_N,una_ga,MTL-LSTM (full),187,445264.69744873047,20.259668607820462
homerule_N,una_ga,MTL-LSTM (full),188,344477.06048583984,20.270493265789685
homerule_N,una_ga,MTL-LSTM (full),189,264204.6226501465,6.1332527128371925
homerule_N,una_ga,MTL-LSTM (full),190,28030.799896240234,18.563640347097074
homerule_N,una_ga,MTL-LSTM (full),192,1275124.4587402344,11.042924842528663
homerule_N,una_ga,MTL-LSTM (full),193,60135.90185546875,0.9949462147064759
homerule_N,una_ga,MTL-LSTM (full),194,58452.230377197266,7.069060368864627
homerule_N,una_ga,MTL-LSTM (full),195,686272.364654541,30.083921430731557
homerule_N,una_ga,MTL-LSTM (full),196,12190032.406539917,200.0
homerule_N,una_ga,MTL-LSTM (full),197,299288.49700927734,21.08948293898076
homerule_N,una_ga,MTL-LSTM (full),198,49274.221435546875,90.11525752471738
homerule_N,una_ga,MTL-LSTM (full),200,115011.17327308655,73.4339236121362
homerule_N,una_ga,MTL-LSTM (full),201,66292.31094360352,0.5418271230498509
homerule_N,una_ga,MTL-LSTM (full),202,166658.22399902344,4.343643811789506
homerule_N,una_ga,MTL-LSTM (full),203,79511.22061157227,5.295987337607007
homerule_N,una_ga,MTL-LSTM (full),204,836047.0405883789,59.291865773573505
homerule_N,una_ga,MTL-LSTM (full),205,1338428.791015625,69.77810654477805
homerule_N,una_ga,MTL-LSTM (full),206,806557.8670959473,8.838594097234681
homerule_N,una_ga,MTL-LSTM (full),207,55089.174713134766,4.541764269537478
homerule_N,una_ga,MTL-LSTM (full),209,1069159.2526550293,14.422189960160397
homerule_N,una_ga,MTL-LSTM (full),211,130022.42803955078,5.702440979786676
homerule_N,una_ga,MTL-LSTM (full),212,3565058.991027832,23.874347270621687
homerule_N,una_ga,MTL-LSTM (full),213,109285.97061157227,13.524537083924509
homerule_N,una_ga,MTL-LSTM (full),214,18216.23162841797,4.756545422948264
homerule_N,una_ga,MTL-LSTM (full),216,80395.0048828125,14.846901254638453
homerule_N,una_ga,MTL-LSTM (full),217,180076.95834350586,103.54637320583424
homerule_N,una_ga,MTL-LSTM (full),218,1385564.5371704102,30.17902522105692
homerule_N,una_ga,MTL-LSTM (full),221,99365.79380989075,21.759589062800632
homerule_N,una_ga,MTL-LSTM (full),222,1609737.3307189941,17.004357986164486
homerule_N,una_ga,MTL-LSTM (full),223,124764.4379272461,0.13463404396599707
homerule_N,una_ga,MTL-LSTM (full),226,247555.2110900879,2.7958147588836284
homerule_N,una_ga,MTL-LSTM (full),227,285700.74057006836,9.710777217892767
homerule_N,una_ga,MTL-LSTM (full),228,1368977.3753967285,36.83362415154713
homerule_N,una_ga,MTL-LSTM (full),230,750762.6036071777,25.290086764040886
homerule_N,una_ga,MTL-LSTM (full),231,126252.95401000977,86.93222475845158
homerule_N,una_ga,MTL-LSTM (full),232,134152.76162719727,3.5728238718176977
homerule_N,una_ga,MTL-LSTM (full),233,126797.20471191406,33.111973671694905
homerule_N,una_ga,MTL-LSTM (full),234,224031.8507385254,200.0
homerule_N,una_ga,MTL-LSTM (full),237,150076.30380249023,15.75207085615157
homerule_N,una_ga,MTL-LSTM (full),241,146478.35467529297,148.17169437783605
homerule_N,una_ga,MTL-LSTM (full),245,398893.63494873047,14.4853640104013
homerule_N,una_ga,MTL-LSTM (full),246,448237.837890625,10.274839760007742
homerule_N,una_ga,MTL-LSTM (full),248,1247209.8497924805,23.36997634240923
homerule_N,una_ga,MTL-LSTM (full),249,500146.109375,46.18495684190875
homerule_N,una_ga,MTL-LSTM (full),250,1196862.8407125473,179.01629925286088
homerule_N,una_ga,MTL-LSTM (full),251,158896.97973632812,13.123212994185762
homerule_N,una_ga,MTL-LSTM (full),252,178809.39765930176,50.784317517554335
homerule_N,una_ga,MTL-LSTM (full),253,78238.27130126953,10.798961025759954
homerule_N,una_ga,MTL-LSTM (full),254,747251.7709960938,139.82269096985593
homerule_N,una_ga,MTL-LSTM (full),255,678594.9805297852,32.44963222229222
homerule_N,una_ga,MTL-LSTM (full),256,1738989.4287719727,18.041383597831498
homerule_N,una_ga,MTL-LSTM (full),257,12902723.89932251,64.21075358624904
homerule_N,una_ga,MTL-LSTM (full),258,62587.73358154297,3.8861603087101897
homerule_N,una_ga,MTL-LSTM (full),259,815280.9552001953,200.0
homerule_N,una_ga,MTL-LSTM (full),262,1548688.9624023438,2.40088813007639
homerule_N,una_ga,MTL-LSTM (full),264,100747.98223876953,25.615087134737347
homerule_N,una_ga,MTL-LSTM (full),266,60906.43264770508,31.457369585932398
homerule_N,una_ga,MTL-LSTM (full),269,1154896.5604248047,4.0538229854081935
homerule_N,una_ga,MTL-LSTM (full),270,71779285.81243896,21.497632009061746
homerule_N,una_ga,MTL-LSTM (full),271,527392.8041992188,47.49653679387883
homerule_N,una_ga,MTL-LSTM (full),272,41115.976470947266,5.155181623146494
homerule_N,una_ga,MTL-LSTM (full),273,217588.03741455078,4.698347526537808
homerule_N,una_ga,MTL-LSTM (full),274,192539.83251953125,17.394493089566453
homerule_N,una_ba,ARIMA,2,4740.72984710196,0.18966634080138967
homerule_N,una_ba,ARIMA,3,1826766.8334643422,26.968772036009497
homerule_N,una_ba,ARIMA,5,607008.7794262846,31.369661056453523
homerule_N,una_ba,ARIMA,6,1735809.1384269455,22.294621182666095
homerule_N,una_ba,ARIMA,7,74763.77625391865,3.453922545588079
homerule_N,una_ba,ARIMA,8,153815.0,25.98750930297585
homerule_N,una_ba,ARIMA,9,204197.08801291452,32.84366346609266
homerule_N,una_ba,ARIMA,10,44835.912368384656,2.3030852732553333
homerule_N,una_ba,ARIMA,11,14212.0,0.336919443964384
homerule_N,una_ba,ARIMA,14,27518.17998988065,1.5136004032712251
homerule_N,una_ba,ARIMA,15,219424.77797639667,98.21381551652539
homerule_N,una_ba,ARIMA,16,2815.0,0.0879776164941623
homerule_N,una_ba,ARIMA,17,1522571.132793121,16.138073151904596
homerule_N,una_ba,ARIMA,18,870512.0344185177,16.13228620142015
homerule_N,una_ba,ARIMA,19,53218.74243673682,1.1859322843714044
homerule_N,una_ba,ARIMA,21,440839.79310995527,6.8687335825453975
homerule_N,una_ba,ARIMA,22,612204.5820703381,19.58877449116003
homerule_N,una_ba,ARIMA,24,851043.4770420687,13.137132009585228
homerule_N,una_ba,ARIMA,25,932654.0,47.838026926438545
homerule_N,una_ba,ARIMA,26,49468.61493201653,18.269721222165828
homerule_N,una_ba,ARIMA,28,755957.7263961909,36.70821869119369
homerule_N,una_ba,ARIMA,40,1109690.4351333305,10.335068022766848
homerule_N,una_ba,ARIMA,41,492582.90096734837,11.726459645826157
homerule_N,una_ba,ARIMA,43,737826.4672568794,12.043063839214737
homerule_N,una_ba,ARIMA,46,191816.0,200.0
homerule_N,una_ba,ARIMA,47,48622.67420088407,2.111864801235364
homerule_N,una_ba,ARIMA,49,583739.0,18.54170071336468
homerule_N,una_ba,ARIMA,50,416083.31393941725,41.850703172070084
homerule_N,una_ba,ARIMA,51,31954.759201618843,2.9891900596540637
homerule_N,una_ba,ARIMA,52,572939.0690171097,33.791398831214245
homerule_N,una_ba,ARIMA,53,313477.0,51.96550961018035
homerule_N,una_ba,ARIMA,56,0.6173600574891529,200.0
homerule_N,una_ba,ARIMA,64,1141859.0,29.104113451749708
homerule_N,una_ba,ARIMA,65,1307172.9397047423,96.671127507934
homerule_N,una_ba,ARIMA,66,215063.84189300798,4.067862157978658
homerule_N,una_ba,ARIMA,67,7583.0,17.297975477616195
homerule_N,una_ba,ARIMA,68,2310265.6145282267,45.539262391272246
homerule_N,una_ba,ARIMA,69,263772.5231024588,23.602574664548474
homerule_N,una_ba,ARIMA,70,176238.06196218962,10.076844149703906
homerule_N,una_ba,ARIMA,71,1268308.0285107058,81.63561384328291
homerule_N,una_ba,ARIMA,72,6330.0,0.8498104372294837
homerule_N,una_ba,ARIMA,75,9676.008539731978,22.993221705128615
homerule_N,una_ba,ARIMA,77,8395.049221370457,200.0
homerule_N,una_ba,ARIMA,78,1382794.899025385,122.00849222392212
homerule_N,una_ba,ARIMA,79,1026793.0842354535,75.85279024160567
homerule_N,una_ba,ARIMA,80,215947.1325352611,14.476245077681432
homerule_N,una_ba,ARIMA,81,245196.85979706567,48.13826502724217
homerule_N,una_ba,ARIMA,82,318007.0,22.125111971126667
homerule_N,una_ba,ARIMA,83,2758.927703991474,0.557962787153352
homerule_N,una_ba,ARIMA,84,113954.0,5.82441897135018
homerule_N,una_ba,ARIMA,85,3931.0000000000023,200.0
homerule_N,una_ba,ARIMA,86,4062718.0,44.12244540676594
homerule_N,una_ba,ARIMA,87,373422.0,11.201212803305813
homerule_N,una_ba,ARIMA,88,310815.8927432804,17.164514320328962
homerule_N,una_ba,ARIMA,89,122894.84025479795,16.89374661218327
homerule_N,una_ba,ARIMA,90,94810.0,13.235797100437658
homerule_N,una_ba,ARIMA,93,44390.97930560823,23.885314720244455
homerule_N,una_ba,ARIMA,95,2189816.5021347185,184.64120252014231
homerule_N,una_ba,ARIMA,96,1048455752.8737514,199.8326861913196
homerule_N,una_ba,ARIMA,97,182180.91187752225,2.3363184305647744
homerule_N,una_ba,ARIMA,101,2380.256607606774,1.0365261574779685
homerule_N,una_ba,ARIMA,103,1978.0,45.10832383124288
homerule_N,una_ba,ARIMA,105,478679.23077329993,8.396275071610956
homerule_N,una_ba,ARIMA,107,5778.003876945702,6.734976566761095
homerule_N,una_ba,ARIMA,108,77789.00697078492,76.5832017893859
homerule_N,una_ba,ARIMA,109,529449.2324376764,200.0
homerule_N,una_ba,ARIMA,110,649146.184904974,27.443897878096536
homerule_N,una_ba,ARIMA,111,101866.96979623917,7.040917173480678
homerule_N,una_ba,ARIMA,115,16808.413181636482,0.09765617796892449
homerule_N,una_ba,ARIMA,118,853893.9273467725,23.589227277173315
homerule_N,una_ba,ARIMA,119,692959.0,12.693875850029379
homerule_N,una_ba,ARIMA,120,3954789.9350070655,39.41365263590794
homerule_N,una_ba,ARIMA,121,1525876.0,200.0
homerule_N,una_ba,ARIMA,123,323090.88823975855,8.967295183150533
homerule_N,una_ba,ARIMA,124,126666.40841393475,37.91088454227488
homerule_N,una_ba,ARIMA,131,60051.0,10.198108329108958
homerule_N,una_ba,ARIMA,133,163160.000989575,33.66671298821039
homerule_N,una_ba,ARIMA,134,128312.0,200.0
homerule_N,una_ba,ARIMA,135,3217638.1883955486,39.02371231991594
homerule_N,una_ba,ARIMA,136,5371192.612456325,200.0
homerule_N,una_ba,ARIMA,139,110995.49703108659,7.279404004000358
homerule_N,una_ba,ARIMA,140,469290.58410339616,18.956362273816435
homerule_N,una_ba,ARIMA,141,158266.8966655943,9.688551170432103
homerule_N,una_ba,ARIMA,142,71061.16335059522,19.252685015553613
homerule_N,una_ba,ARIMA,143,350468.33064410463,5.548432959868482
homerule_N,una_ba,ARIMA,144,188726.27598225884,3.398279645259345
homerule_N,una_ba,ARIMA,145,46631.81951806985,62.16008692722135
homerule_N,una_ba,ARIMA,146,46420.0,0.6105199612539465
homerule_N,una_ba,ARIMA,147,965050.5883751727,200.0
homerule_N,una_ba,ARIMA,148,649584.1729589507,73.96708395544611
homerule_N,una_ba,ARIMA,149,170705.8342271633,200.0
homerule_N,una_ba,ARIMA,150,247386.257364752,146.97628179695482
homerule_N,una_ba,ARIMA,151,497226.0,41.73687501836175
homerule_N,una_ba,ARIMA,152,1097806.1953585686,200.0
homerule_N,una_ba,ARIMA,153,97501.0,7.16710165014391
homerule_N,una_ba,ARIMA,154,131314.93471537402,18.553477697608418
homerule_N,una_ba,ARIMA,155,222650.0,200.0
homerule_N,una_ba,ARIMA,156,3012.9599765641615,0.05907269468574351
homerule_N,una_ba,ARIMA,157,410963.15720570576,199.82219307252842
homerule_N,una_ba,ARIMA,161,219527.0,2.0401334575725576
homerule_N,una_ba,ARIMA,162,18038.995888846694,3.2560159456043216
homerule_N,una_ba,ARIMA,163,527055.8067064844,13.667629959622865
homerule_N,una_ba,ARIMA,164,759246.0988602834,13.760478398764306
homerule_N,una_ba,ARIMA,165,1220800.0,18.11500117373574
homerule_N,una_ba,ARIMA,166,69171.06289055728,17.479731931170498
homerule_N,una_ba,ARIMA,168,111684.69139140658,8.208852350467936
homerule_N,una_ba,ARIMA,169,43093.930631112744,19.385306433332612
homerule_N,una_ba,ARIMA,170,46472.07175235386,19.33001606290944
homerule_N,una_ba,ARIMA,171,97313.60026869511,94.59016049480815
homerule_N,una_ba,ARIMA,172,140668.0,13.759818450372197
homerule_N,una_ba,ARIMA,173,225764.44546281314,10.595353822959899
homerule_N,una_ba,ARIMA,174,1117210.9033631694,118.39055747600482
homerule_N,una_ba,ARIMA,175,251299.2824860718,3.2644078073583507
homerule_N,una_ba,ARIMA,176,1500550.6458873954,21.30431247874191
homerule_N,una_ba,ARIMA,177,387477.52495741844,30.752849307245718
homerule_N,una_ba,ARIMA,178,312094.84014139883,6.855354236951677
homerule_N,una_ba,ARIMA,180,2702289.0,119.61500658099897
homerule_N,una_ba,ARIMA,181,860806.3817881952,60.538108363793505
homerule_N,una_ba,ARIMA,185,1039693.3744690774,149.92499284512698
homerule_N,una_ba,ARIMA,186,208085.73523347662,10.482855066520127
homerule_N,una_ba,ARIMA,187,1117053.5517544476,20.276340319743532
homerule_N,una_ba,ARIMA,188,129676.73216225486,5.091218676236062
homerule_N,una_ba,ARIMA,189,828598.0574413906,20.15861414753349
homerule_N,una_ba,ARIMA,190,15890.604623790772,10.688026349042426
homerule_N,una_ba,ARIMA,192,539145.0149519127,5.323120712935184
homerule_N,una_ba,ARIMA,193,1792669.5062420815,7.82802695943659
homerule_N,una_ba,ARIMA,194,76435.06602929177,16.753569295009267
homerule_N,una_ba,ARIMA,195,1685809.0137405712,36.05112121881471
homerule_N,una_ba,ARIMA,196,1159350.160722522,26.52884184848195
homerule_N,una_ba,ARIMA,197,418375.2246623561,36.777245221820934
homerule_N,una_ba,ARIMA,198,99603.85857665507,199.9959841719582
homerule_N,una_ba,ARIMA,200,197336.0,30.339873742731598
homerule_N,una_ba,ARIMA,201,1673078.0,13.921173883830598
homerule_N,una_ba,ARIMA,202,439482.28509754525,21.775393565228796
homerule_N,una_ba,ARIMA,203,76646.95695143193,3.7761092675831396
homerule_N,una_ba,ARIMA,204,428804.8884676681,25.1720152677056
homerule_N,una_ba,ARIMA,205,7386479.478698283,15.567988329193039
homerule_N,una_ba,ARIMA,206,120914.72455061146,14.595125585441334
homerule_N,una_ba,ARIMA,207,119471.23234544916,12.30757032260177
homerule_N,una_ba,ARIMA,209,0.0,0.0
homerule_N,una_ba,ARIMA,211,201651.8786302642,9.990412095970273
homerule_N,una_ba,ARIMA,212,396132.416430837,20.593902995159745
homerule_N,una_ba,ARIMA,213,78285.30111397873,6.176995231779918
homerule_N,una_ba,ARIMA,214,80920.0,131.15498071250283
homerule_N,una_ba,ARIMA,216,23165.174372792215,15.832335309075004
homerule_N,una_ba,ARIMA,217,57428.407764516436,89.16041916199411
homerule_N,una_ba,ARIMA,218,1479123.413977392,19.20591224892082
homerule_N,una_ba,ARIMA,221,3318.0280222059228,0.8505953612508443
homerule_N,una_ba,ARIMA,222,703009.8784481082,8.131012640440547
homerule_N,una_ba,ARIMA,223,2794402.0,15.00451332473821
homerule_N,una_ba,ARIMA,226,1543360.85905445,42.20547756204207
homerule_N,una_ba,ARIMA,227,54082.0,4.2869010212720084
homerule_N,una_ba,ARIMA,228,351554.6667433453,16.27856795957244
homerule_N,una_ba,ARIMA,230,1045794.8697066351,49.71033473463811
homerule_N,una_ba,ARIMA,231,531425.05030003,54.28967156972093
homerule_N,una_ba,ARIMA,232,204707.83683293662,14.235149000655328
homerule_N,una_ba,ARIMA,233,157701.77581835352,24.6796229525609
homerule_N,una_ba,ARIMA,234,84597.89505877369,46.77458606883984
homerule_N,una_ba,ARIMA,237,1078943.8753039725,25.179648068767186
homerule_N,una_ba,ARIMA,241,5739.612158283824,1.275259109677612
homerule_N,una_ba,ARIMA,245,788628.7911259495,32.38991435439754
homerule_N,una_ba,ARIMA,246,1078876.8990618563,154.1700796236689
homerule_N,una_ba,ARIMA,248,528977.1440742221,20.805275999871068
homerule_N,una_ba,ARIMA,249,44003.70156590405,16.872639998254872
homerule_N,una_ba,ARIMA,250,987328.0,32.4982916909692
homerule_N,una_ba,ARIMA,251,143575.48915625282,16.954378998842788
homerule_N,una_ba,ARIMA,252,12754.930427123094,0.9223577419913479
homerule_N,una_ba,ARIMA,253,239217.22709500953,14.247487782121848
homerule_N,una_ba,ARIMA,254,328335.95939704403,50.23507832715586
homerule_N,una_ba,ARIMA,255,3094282.0,200.0
homerule_N,una_ba,ARIMA,256,2442162.827853661,8.77625311534745
homerule_N,una_ba,ARIMA,257,12338703.0,200.0
homerule_N,una_ba,ARIMA,258,7395362.446641821,121.10734967185175
homerule_N,una_ba,ARIMA,259,4436237.0,31.846095097366785
homerule_N,una_ba,ARIMA,262,741146.4732199991,45.122227829106556
homerule_N,una_ba,ARIMA,264,128032.00552391293,200.0
homerule_N,una_ba,ARIMA,266,36198.571860463024,25.189200167007435
homerule_N,una_ba,ARIMA,269,1346978.0,67.52385430650816
homerule_N,una_ba,ARIMA,270,9862972.152896205,110.31327547431096
homerule_N,una_ba,ARIMA,271,976337.4949931297,12.29152345411176
homerule_N,una_ba,ARIMA,272,81899.5675954977,3.657751302154528
homerule_N,una_ba,ARIMA,273,195453.03639422916,5.094002692030835
homerule_N,una_ba,ARIMA,274,82014.30429192504,15.415444657113584
homerule_N,una_ba,STL-LSTM (full),2,42968.3662109375,1.7356357017687993
homerule_N,una_ba,STL-LSTM (full),3,2900147.864501953,39.67192568348911
homerule_N,una_ba,STL-LSTM (full),5,398666.5817871094,19.550244884366425
homerule_N,una_ba,STL-LSTM (full),6,1734218.9116210938,22.27192191709114
homerule_N,una_ba,STL-LSTM (full),7,78745.19213867188,3.634512701933502
homerule_N,una_ba,STL-LSTM (full),8,152681.15747070312,25.771258678919946
homerule_N,una_ba,STL-LSTM (full),9,203507.6134033203,32.714626539256955
homerule_N,una_ba,STL-LSTM (full),10,196625.62463378906,10.50978682816784
homerule_N,una_ba,STL-LSTM (full),11,15428.734375,0.3658169451434496
homerule_N,una_ba,STL-LSTM (full),14,30795.052001953125,1.6923152180859886
homerule_N,una_ba,STL-LSTM (full),15,220938.80529785156,98.55753995011673
homerule_N,una_ba,STL-LSTM (full),16,2523.2388305664062,0.07886275651270264
homerule_N,una_ba,STL-LSTM (full),17,57184.88098144531,0.6571494773391007
homerule_N,una_ba,STL-LSTM (full),18,574441.247253418,10.361267516642844
homerule_N,una_ba,STL-LSTM (full),19,253287.51171875,5.772976523693598
homerule_N,una_ba,STL-LSTM (full),21,439352.41015625,6.8447655039021535
homerule_N,una_ba,STL-LSTM (full),22,608691.2839355469,19.46541805980281
homerule_N,una_ba,STL-LSTM (full),24,1068679.01171875,19.36612106941947
homerule_N,una_ba,STL-LSTM (full),25,931622.8990478516,47.772506455830396
homerule_N,una_ba,STL-LSTM (full),26,12022.832580566406,4.770105625217794
homerule_N,una_ba,STL-LSTM (full),28,753792.3000488281,36.5838347573014
homerule_N,una_ba,STL-LSTM (full),40,88221.36059570312,0.8701892165240442
homerule_N,una_ba,STL-LSTM (full),41,489643.5625,11.652408735920208
homerule_N,una_ba,STL-LSTM (full),43,733584.3647460938,11.96967877755849
homerule_N,una_ba,STL-LSTM (full),46,213822.236328125,71.57777895835112
homerule_N,una_ba,STL-LSTM (full),47,208104.94873046875,9.572473251487995
homerule_N,una_ba,STL-LSTM (full),49,580292.4389648438,18.42214137702786
homerule_N,una_ba,STL-LSTM (full),50,30117.02294921875,3.9056790837320774
homerule_N,una_ba,STL-LSTM (full),51,28157.86376953125,2.6293421736626237
homerule_N,una_ba,STL-LSTM (full),52,573785.9827270508,33.8498030081884
homerule_N,una_ba,STL-LSTM (full),53,317027.162109375,52.39983432438557
homerule_N,una_ba,STL-LSTM (full),56,2875.07861328125,200.0
homerule_N,una_ba,STL-LSTM (full),64,1143842.5700683594,29.147303260808798
homerule_N,una_ba,STL-LSTM (full),65,214831.25073242188,26.653517687078416
homerule_N,una_ba,STL-LSTM (full),66,61965.899169921875,1.2035985367671966
homerule_N,una_ba,STL-LSTM (full),67,7117.546203613281,16.322860313928306
homerule_N,una_ba,STL-LSTM (full),68,1607222.9187011719,29.628137456182802
homerule_N,una_ba,STL-LSTM (full),69,12370.68505859375,1.2472242255169221
homerule_N,una_ba,STL-LSTM (full),70,25417.779052734375,1.5188114669295387
homerule_N,una_ba,STL-LSTM (full),71,1041130.5953369141,62.447488991992074
homerule_N,una_ba,STL-LSTM (full),72,7729.478759765625,1.038667949450933
homerule_N,una_ba,STL-LSTM (full),75,10659.833312988281,25.03841354084638
homerule_N,una_ba,STL-LSTM (full),77,9016.938842773438,200.0
homerule_N,una_ba,STL-LSTM (full),78,1381992.3555297852,121.89452382075716
homerule_N,una_ba,STL-LSTM (full),79,1238412.7648925781,84.85328219903384
homerule_N,una_ba,STL-LSTM (full),80,199329.65209960938,13.288261002161498
homerule_N,una_ba,STL-LSTM (full),81,246871.44079589844,48.54682886049558
homerule_N,una_ba,STL-LSTM (full),82,314322.4226074219,21.84076550182363
homerule_N,una_ba,STL-LSTM (full),83,4925.49853515625,0.9939503392833807
homerule_N,una_ba,STL-LSTM (full),84,112128.36254882812,5.728434297180639
homerule_N,una_ba,STL-LSTM (full),85,3848.8018646240234,191.8072188211783
homerule_N,una_ba,STL-LSTM (full),86,4061503.0173339844,44.10634035807151
homerule_N,una_ba,STL-LSTM (full),87,372894.5050048828,11.184505146508409
homerule_N,una_ba,STL-LSTM (full),88,308448.8635253906,17.022671606888142
homerule_N,una_ba,STL-LSTM (full),89,119066.37939453125,16.324510724524895
homerule_N,una_ba,STL-LSTM (full),90,95582.44549560547,13.350831609599489
homerule_N,una_ba,STL-LSTM (full),93,44196.08720397949,23.76798759185095
homerule_N,una_ba,STL-LSTM (full),95,1263726.7017822266,76.6345652102209
homerule_N,una_ba,STL-LSTM (full),96,92885.66088867188,19.137365917294836
homerule_N,una_ba,STL-LSTM (full),97,185365.92407226562,2.3766781800907584
homerule_N,una_ba,STL-LSTM (full),101,22795.64712524414,10.388565280924192
homerule_N,una_ba,STL-LSTM (full),103,1153.0623779296875,24.034807173262056
homerule_N,una_ba,STL-LSTM (full),105,586958.6147460938,10.394257833922072
homerule_N,una_ba,STL-LSTM (full),107,6477.9915771484375,7.520219052317574
homerule_N,una_ba,STL-LSTM (full),108,35730.70251464844,44.36097422990547
homerule_N,una_ba,STL-LSTM (full),109,690.0453491210938,200.0
homerule_N,una_ba,STL-LSTM (full),110,649724.7063598633,27.464997271739083
homerule_N,una_ba,STL-LSTM (full),111,99287.48559570312,6.856514197165292
homerule_N,una_ba,STL-LSTM (full),115,13365.118408203125,0.0776430128729172
homerule_N,una_ba,STL-LSTM (full),118,862187.0642089844,31.21822887416038
homerule_N,una_ba,STL-LSTM (full),119,693311.6817321777,12.69992615999708
homerule_N,una_ba,STL-LSTM (full),120,6506503.922363281,57.52918760945188
homerule_N,una_ba,STL-LSTM (full),121,27406.473388671875,1.8123903599983073
homerule_N,una_ba,STL-LSTM (full),123,320117.45263671875,8.881103680776203
homerule_N,una_ba,STL-LSTM (full),124,8316.589477539062,3.119211878505681
homerule_N,una_ba,STL-LSTM (full),131,57417.02392578125,9.729036050243058
homerule_N,una_ba,STL-LSTM (full),133,163727.84246826172,33.803686152442666
homerule_N,una_ba,STL-LSTM (full),134,128674.58172607422,200.0
homerule_N,una_ba,STL-LSTM (full),135,292097.5832519531,4.3065909995747935
homerule_N,una_ba,STL-LSTM (full),136,5372930.486328125,200.0
homerule_N,una_ba,STL-LSTM (full),139,70010.66162109375,4.530611365106669
homerule_N,una_ba,STL-LSTM (full),140,337692.6022949219,14.013087196140884
homerule_N,una_ba,STL-LSTM (full),141,155393.21826171875,9.504274732837535
homerule_N,una_ba,STL-LSTM (full),142,9260.026977539062,2.3150183975436276
homerule_N,una_ba,STL-LSTM (full),143,1746822.9528198242,33.159869169393616
homerule_N,una_ba,STL-LSTM (full),144,236648.515625,4.279651062196935
homerule_N,una_ba,STL-LSTM (full),145,47841.093017578125,63.26216532574014
homerule_N,una_ba,STL-LSTM (full),146,43036.981201171875,0.5659003024896766
homerule_N,una_ba,STL-LSTM (full),147,2754.06005859375,200.0
homerule_N,una_ba,STL-LSTM (full),148,262806.46533203125,38.37609058814317
homerule_N,una_ba,STL-LSTM (full),149,20478.394287109375,15.262429065186648
homerule_N,una_ba,STL-LSTM (full),150,236565.56225585938,145.2152946721634
homerule_N,una_ba,STL-LSTM (full),151,496580.21032714844,41.6713733428764
homerule_N,una_ba,STL-LSTM (full),152,1424348.457397461,200.0
homerule_N,una_ba,STL-LSTM (full),153,98018.31707763672,7.206498789294523
homerule_N,una_ba,STL-LSTM (full),154,128623.37158203125,18.138697041166463
homerule_N,una_ba,STL-LSTM (full),155,223309.89276123047,200.0
homerule_N,una_ba,STL-LSTM (full),156,1134.88134765625,0.022241666383662585
homerule_N,una_ba,STL-LSTM (full),157,60145.83947753906,15.783282155829092
homerule_N,una_ba,STL-LSTM (full),161,215835.59375,2.0054840635962594
homerule_N,una_ba,STL-LSTM (full),162,14345.88134765625,2.58081156401793
homerule_N,una_ba,STL-LSTM (full),163,421191.9953613281,9.726493642948647
homerule_N,una_ba,STL-LSTM (full),164,418942.1397705078,8.500414137127242
homerule_N,una_ba,STL-LSTM (full),165,1217592.5732421875,18.06310888837429
homerule_N,una_ba,STL-LSTM (full),166,72197.24267578125,18.174962301276796
homerule_N,una_ba,STL-LSTM (full),168,109250.69677734375,8.022776804362989
homerule_N,una_ba,STL-LSTM (full),169,81774.982421875,40.29088220213399
homerule_N,una_ba,STL-LSTM (full),170,29760.0654296875,12.824406499324716
homerule_N,una_ba,STL-LSTM (full),171,103596.68041992188,103.86917102126374
homerule_N,una_ba,STL-LSTM (full),172,141986.24731445312,13.897726767751081
homerule_N,una_ba,STL-LSTM (full),173,50988.8046875,2.559151449378964
homerule_N,una_ba,STL-LSTM (full),174,1113445.2648925781,117.75656360903504
homerule_N,una_ba,STL-LSTM (full),175,1659580.7890625,23.72857608715259
homerule_N,una_ba,STL-LSTM (full),176,1353111.7136230469,19.012035836907373
homerule_N,una_ba,STL-LSTM (full),177,38423.03271484375,3.539839829435675
homerule_N,una_ba,STL-LSTM (full),178,310281.9748535156,6.81417681470122
homerule_N,una_ba,STL-LSTM (full),180,2701407.428588867,119.55265839646853
homerule_N,una_ba,STL-LSTM (full),181,327968.61279296875,19.42546497111433
homerule_N,una_ba,STL-LSTM (full),185,811169.7641601562,140.04667174879788
homerule_N,una_ba,STL-LSTM (full),186,77078.283203125,3.758974019484429
homerule_N,una_ba,STL-LSTM (full),187,494548.42724609375,9.514397788357542
homerule_N,una_ba,STL-LSTM (full),188,126339.09423828125,4.956932430765971
homerule_N,una_ba,STL-LSTM (full),189,825248.1411132812,20.06893747775144
homerule_N,una_ba,STL-LSTM (full),190,13444.328491210938,8.968874731283218
homerule_N,una_ba,STL-LSTM (full),192,1448290.9204101562,14.97128674072841
homerule_N,una_ba,STL-LSTM (full),193,1238128.6215820312,5.472782276273492
homerule_N,una_ba,STL-LSTM (full),194,57565.40380859375,12.88402612714992
homerule_N,una_ba,STL-LSTM (full),195,635365.7985839844,15.3065489005723
homerule_N,una_ba,STL-LSTM (full),196,770962.8020019531,16.890989586564604
homerule_N,una_ba,STL-LSTM (full),197,420274.7927246094,36.91340735904141
homerule_N,una_ba,STL-LSTM (full),198,84221.3115234375,199.99525072105615
homerule_N,una_ba,STL-LSTM (full),200,196759.26989746094,30.237797025691943
homerule_N,una_ba,STL-LSTM (full),201,1671868.5395507812,13.911810341982362
homerule_N,una_ba,STL-LSTM (full),202,125493.22216796875,5.769149775741286
homerule_N,una_ba,STL-LSTM (full),203,72750.12426757812,3.5806897303239023
homerule_N,una_ba,STL-LSTM (full),204,427662.13830566406,25.11335605924782
homerule_N,una_ba,STL-LSTM (full),205,7383731.407714844,15.561745741603044
homerule_N,una_ba,STL-LSTM (full),206,18990.9736328125,2.113836785607074
homerule_N,una_ba,STL-LSTM (full),207,203.962890625,0.019791635183244307
homerule_N,una_ba,STL-LSTM (full),209,308.60870361328125,200.0
homerule_N,una_ba,STL-LSTM (full),211,200922.0430908203,9.952454639822465
homerule_N,una_ba,STL-LSTM (full),212,347501.85009765625,22.394550149844754
homerule_N,una_ba,STL-LSTM (full),213,118551.05981445312,10.141666635802316
homerule_N,una_ba,STL-LSTM (full),214,82333.93188476562,134.99350053154726
homerule_N,una_ba,STL-LSTM (full),216,17847.820068359375,12.423920341954256
homerule_N,una_ba,STL-LSTM (full),217,43713.29948425293,75.9535828152433
homerule_N,una_ba,STL-LSTM (full),218,1476110.9616699219,19.163048707903496
homerule_N,una_ba,STL-LSTM (full),221,1798.081298828125,0.4618481597772426
homerule_N,una_ba,STL-LSTM (full),222,698864.7998046875,8.081133530786978
homerule_N,una_ba,STL-LSTM (full),223,2793030.5446777344,14.996597133363377
homerule_N,una_ba,STL-LSTM (full),226,1055740.3891601562,27.06618005192422
homerule_N,una_ba,STL-LSTM (full),227,54848.13098144531,4.34895021647204
homerule_N,una_ba,STL-LSTM (full),228,342297.95166015625,15.816044294311906
homerule_N,una_ba,STL-LSTM (full),230,533220.9621582031,22.593490893291758
homerule_N,una_ba,STL-LSTM (full),231,531817.2239990234,54.318854373090645
homerule_N,una_ba,STL-LSTM (full),232,339085.91015625,22.527123375890806
homerule_N,una_ba,STL-LSTM (full),233,61557.44396972656,10.41715566316415
homerule_N,una_ba,STL-LSTM (full),234,86973.22192382812,47.77419941865692
homerule_N,una_ba,STL-LSTM (full),237,359629.8332519531,10.085821224938579
homerule_N,una_ba,STL-LSTM (full),241,9045.667419433594,1.977338410760828
homerule_N,una_ba,STL-LSTM (full),245,134277.20971679688,6.804550186342993
homerule_N,una_ba,STL-LSTM (full),246,251650.52313232422,22.601789300523354
homerule_N,una_ba,STL-LSTM (full),248,624635.4309844971,25.03864655247483
homerule_N,una_ba,STL-LSTM (full),249,68128.82202148438,27.38994785541047
homerule_N,una_ba,STL-LSTM (full),250,988017.9630126953,32.51730969002594
homerule_N,una_ba,STL-LSTM (full),251,143238.60705566406,16.91123389007662
homerule_N,una_ba,STL-LSTM (full),252,262600.11515808105,20.875426167560683
homerule_N,una_ba,STL-LSTM (full),253,25024.880126953125,1.401083152359505
homerule_N,una_ba,STL-LSTM (full),254,331772.57080078125,50.62777652783451
homerule_N,una_ba,STL-LSTM (full),255,687618.4707183838,25.000010164004728
homerule_N,una_ba,STL-LSTM (full),256,2438034.5649414062,8.760767774774306
homerule_N,una_ba,STL-LSTM (full),257,1678728.0776367188,14.598474601919353
homerule_N,una_ba,STL-LSTM (full),258,781319.9392032623,38.71540898565091
homerule_N,una_ba,STL-LSTM (full),259,4437681.025756836,31.854810166567056
homerule_N,una_ba,STL-LSTM (full),262,740098.3889160156,45.04404761299976
homerule_N,una_ba,STL-LSTM (full),264,126990.83666992188,200.0
homerule_N,una_ba,STL-LSTM (full),266,65551.966796875,50.80365679506639
homerule_N,una_ba,STL-LSTM (full),269,1346494.8502502441,67.50780934181437
homerule_N,una_ba,STL-LSTM (full),270,4849136.047180176,75.36786505413123
homerule_N,una_ba,STL-LSTM (full),271,552090.1896972656,6.340477689395242
homerule_N,una_ba,STL-LSTM (full),272,228785.29443359375,10.979622834255974
homerule_N,una_ba,STL-LSTM (full),273,191533.94775390625,4.989313207967358
homerule_N,una_ba,STL-LSTM (full),274,170430.95190429688,25.891543879738144
homerule_N,una_ba,MTL-LSTM (full),2,42925.5087890625,1.7338895393274232
homerule_N,una_ba,MTL-LSTM (full),3,2901332.0209960938,39.68490992693059
homerule_N,una_ba,MTL-LSTM (full),5,396677.9851074219,19.443245494505476
homerule_N,una_ba,MTL-LSTM (full),6,1730950.3837890625,22.225280747465696
homerule_N,una_ba,MTL-LSTM (full),7,79697.0341796875,3.6776374730222328
homerule_N,una_ba,MTL-LSTM (full),8,150850.12622070312,25.42291013514343
homerule_N,una_ba,MTL-LSTM (full),9,199812.8623046875,32.02557397597762
homerule_N,una_ba,MTL-LSTM (full),10,195002.25994873047,10.41849670272344
homerule_N,una_ba,MTL-LSTM (full),11,10112.9560546875,0.23962826066717804
homerule_N,una_ba,MTL-LSTM (full),14,30057.5546875,1.6521214867471476
homerule_N,una_ba,MTL-LSTM (full),15,224065.97412109375,99.26019197860322
homerule_N,una_ba,MTL-LSTM (full),16,6456.62890625,0.20167522428800377
homerule_N,una_ba,MTL-LSTM (full),17,61407.4384765625,0.7055025224098413
homerule_N,una_ba,MTL-LSTM (full),18,571822.607421875,10.311599562582794
homerule_N,una_ba,MTL-LSTM (full),19,252440.02490234375,5.75310480792765
homerule_N,una_ba,MTL-LSTM (full),21,437069.3815917969,6.807986986522042
homerule_N,una_ba,MTL-LSTM (full),22,608260.9421386719,19.450317731146146
homerule_N,una_ba,MTL-LSTM (full),24,1067666.8540039062,19.34600499260392
homerule_N,una_ba,MTL-LSTM (full),25,927752.548828125,47.52687696675966
homerule_N,una_ba,MTL-LSTM (full),26,15959.612060546875,6.282970327465116
homerule_N,una_ba,MTL-LSTM (full),28,751213.4091796875,36.43587150589829
homerule_N,una_ba,MTL-LSTM (full),40,85983.1787109375,0.8480188497094915
homerule_N,una_ba,MTL-LSTM (full),41,487151.7587890625,11.589673149579236
homerule_N,una_ba,MTL-LSTM (full),43,734949.197265625,11.993283771728018
homerule_N,una_ba,MTL-LSTM (full),46,216080.75830078125,72.06141784044142
homerule_N,una_ba,MTL-LSTM (full),47,208564.28369140625,9.594615482681471
homerule_N,una_ba,MTL-LSTM (full),49,579288.0786132812,18.38732527129151
homerule_N,una_ba,MTL-LSTM (full),50,27572.6572265625,3.5698274501171854
homerule_N,una_ba,MTL-LSTM (full),51,26899.10986328125,2.510326156479174
homerule_N,una_ba,MTL-LSTM (full),52,568332.5268554688,33.47423639099124
homerule_N,una_ba,MTL-LSTM (full),53,317766.38134765625,52.489949579698866
homerule_N,una_ba,MTL-LSTM (full),56,4664.9609375,200.0
homerule_N,una_ba,MTL-LSTM (full),64,1146844.1748046875,29.212618032268526
homerule_N,una_ba,MTL-LSTM (full),65,213721.06909179688,26.534054154848192
homerule_N,una_ba,MTL-LSTM (full),66,60834.49462890625,1.1814928076802567
homerule_N,una_ba,MTL-LSTM (full),67,11096.57421875,24.33764167017395
homerule_N,una_ba,MTL-LSTM (full),68,1604533.712890625,29.57123385553678
homerule_N,una_ba,MTL-LSTM (full),69,17705.8740234375,1.7803348477755534
homerule_N,una_ba,MTL-LSTM (full),70,27054.40185546875,1.6158159743784792
homerule_N,una_ba,MTL-LSTM (full),71,1041809.4404296875,62.50093082012158
homerule_N,una_ba,MTL-LSTM (full),72,3738.344970703125,0.5010059175500615
homerule_N,una_ba,MTL-LSTM (full),75,10813.498168945312,25.35359495686338
homerule_N,una_ba,MTL-LSTM (full),77,5407.025390625,200.0
homerule_N,una_ba,MTL-LSTM (full),78,1377938.5258789062,121.3200742460077
homerule_N,una_ba,MTL-LSTM (full),79,1241031.9702148438,84.95651193481989
homerule_N,una_ba,MTL-LSTM (full),80,197703.30737304688,13.172700229349834
homerule_N,una_ba,MTL-LSTM (full),81,240888.71728515625,47.093312437553244
homerule_N,una_ba,MTL-LSTM (full),82,313021.900390625,21.740575255871416
homerule_N,una_ba,MTL-LSTM (full),83,7139.70703125,1.437559097774
homerule_N,una_ba,MTL-LSTM (full),84,109279.29833984375,5.578820698932764
homerule_N,una_ba,MTL-LSTM (full),85,3950.960102081299,200.0
homerule_N,una_ba,MTL-LSTM (full),86,4057967.9609375,44.05949394950371
homerule_N,una_ba,MTL-LSTM (full),87,369021.416015625,11.06191145095414
homerule_N,una_ba,MTL-LSTM (full),88,306138.7666015625,16.88441907094377
homerule_N,una_ba,MTL-LSTM (full),89,118122.8759765625,16.184684242602916
homerule_N,una_ba,MTL-LSTM (full),90,90361.79443359375,12.575765756322049
homerule_N,una_ba,MTL-LSTM (full),93,42912.22717285156,22.998152792556574
homerule_N,una_ba,MTL-LSTM (full),95,1260553.9072265625,76.36869337275488
homerule_N,una_ba,MTL-LSTM (full),96,94670.77783203125,19.469352934694665
homerule_N,una_ba,MTL-LSTM (full),97,186683.94287109375,2.3933749932820536
homerule_N,una_ba,MTL-LSTM (full),101,19415.382080078125,8.78046081402398
homerule_N,una_ba,MTL-LSTM (full),103,5699.06494140625,200.0
homerule_N,una_ba,MTL-LSTM (full),105,586137.5009765625,10.378962405269204
homerule_N,una_ba,MTL-LSTM (full),107,9570.176513671875,10.914008782730678
homerule_N,una_ba,MTL-LSTM (full),108,34810.44581604004,43.46675273167529
homerule_N,una_ba,MTL-LSTM (full),109,4334.609375,200.0
homerule_N,una_ba,MTL-LSTM (full),110,652783.7504882812,27.57647867718979
homerule_N,una_ba,MTL-LSTM (full),111,98244.20751953125,6.782025266968299
homerule_N,una_ba,MTL-LSTM (full),115,12237.70556640625,0.07109111844303673
homerule_N,una_ba,MTL-LSTM (full),118,858679.099609375,31.071478807300508
homerule_N,una_ba,MTL-LSTM (full),119,697597.2036132812,12.773413735285457
homerule_N,una_ba,MTL-LSTM (full),120,6507606.764160156,57.53613350892922
homerule_N,una_ba,MTL-LSTM (full),121,28769.285888671875,1.9033708498812398
homerule_N,una_ba,MTL-LSTM (full),123,319021.0983886719,8.84934140545282
homerule_N,una_ba,MTL-LSTM (full),124,5868.0068359375,2.190789180029789
homerule_N,una_ba,MTL-LSTM (full),131,55837.43896484375,9.448738128791117
homerule_N,una_ba,MTL-LSTM (full),133,158216.4091796875,32.48097959012387
homerule_N,una_ba,MTL-LSTM (full),134,133060.16015625,200.0
homerule_N,una_ba,MTL-LSTM (full),135,294619.1650390625,4.34296107524592
homerule_N,una_ba,MTL-LSTM (full),136,5375440.745605469,200.0
homerule_N,una_ba,MTL-LSTM (full),139,68344.7294921875,4.420420849659202
homerule_N,una_ba,MTL-LSTM (full),140,337345.19873046875,13.99968023832596
homerule_N,una_ba,MTL-LSTM (full),141,154746.33276367188,9.462837444986722
homerule_N,una_ba,MTL-LSTM (full),142,7164.819580078125,1.786534936421343
homerule_N,una_ba,MTL-LSTM (full),143,1741212.4189453125,33.03577233458369
homerule_N,una_ba,MTL-LSTM (full),144,236058.0947265625,4.2687457469683645
homerule_N,una_ba,MTL-LSTM (full),145,50382.75439453125,65.52202674751993
homerule_N,una_ba,MTL-LSTM (full),146,43841.8701171875,0.5765144264845392
homerule_N,una_ba,MTL-LSTM (full),147,3306.405517578125,200.0
homerule_N,una_ba,MTL-LSTM (full),148,263220.43359375,38.4249261398797
homerule_N,una_ba,MTL-LSTM (full),149,20403.97509765625,15.211183252789532
homerule_N,una_ba,MTL-LSTM (full),150,238865.96044921875,145.59938877467383
homerule_N,una_ba,MTL-LSTM (full),151,492784.39111328125,41.287084297085045
homerule_N,una_ba,MTL-LSTM (full),152,1427636.287109375,200.0
homerule_N,una_ba,MTL-LSTM (full),153,94859.45483398438,6.966163736327426
homerule_N,una_ba,MTL-LSTM (full),154,128028.57373046875,18.047248621632516
homerule_N,una_ba,MTL-LSTM (full),155,223348.42346191406,200.0
homerule_N,una_ba,MTL-LSTM (full),156,1656.23876953125,0.03245769116376016
homerule_N,una_ba,MTL-LSTM (full),157,64317.85400390625,16.9709888770369
homerule_N,una_ba,MTL-LSTM (full),161,214268.21923828125,1.9907754929809622
homerule_N,una_ba,MTL-LSTM (full),162,13316.7041015625,2.3934477620976318
homerule_N,una_ba,MTL-LSTM (full),163,423707.7431640625,9.781747867899288
homerule_N,una_ba,MTL-LSTM (full),164,414337.3544921875,8.403056615254261
homerule_N,una_ba,MTL-LSTM (full),165,1217698.271484375,18.064818564641637
homerule_N,una_ba,MTL-LSTM (full),166,72456.69458007812,18.234321995473707
homerule_N,una_ba,MTL-LSTM (full),168,107329.57373046875,7.876144272337332
homerule_N,una_ba,MTL-LSTM (full),169,81410.8203125,40.07550539749641
homerule_N,una_ba,MTL-LSTM (full),170,31642.1689453125,13.580383380873705
homerule_N,una_ba,MTL-LSTM (full),171,102350.4328994751,101.98249682677715
homerule_N,una_ba,MTL-LSTM (full),172,136389.3857421875,13.31343432935971
homerule_N,una_ba,MTL-LSTM (full),173,48082.8466796875,2.4115414536148565
homerule_N,una_ba,MTL-LSTM (full),174,1116875.9981079102,118.3340693733337
homerule_N,una_ba,MTL-LSTM (full),175,1661566.4536132812,23.760339874422154
homerule_N,una_ba,MTL-LSTM (full),176,1349579.9521484375,18.95770872981545
homerule_N,una_ba,MTL-LSTM (full),177,34503.963151454926,3.1845324940222457
homerule_N,una_ba,MTL-LSTM (full),178,307550.77734375,6.752171339111819
homerule_N,una_ba,MTL-LSTM (full),180,2697458.9760742188,119.27370655947429
homerule_N,una_ba,MTL-LSTM (full),181,330252.0778808594,19.573950570414205
homerule_N,una_ba,MTL-LSTM (full),185,811439.7355957031,140.06064060848973
homerule_N,una_ba,MTL-LSTM (full),186,78073.11279296875,3.808413978169461
homerule_N,una_ba,MTL-LSTM (full),187,493741.63525390625,9.499613517031692
homerule_N,una_ba,MTL-LSTM (full),188,125709.6796875,4.931628323853554
homerule_N,una_ba,MTL-LSTM (full),189,823930.8095703125,20.033692754239574
homerule_N,una_ba,MTL-LSTM (full),190,11015.021240234375,7.289189332826979
homerule_N,una_ba,MTL-LSTM (full),192,1446937.2866210938,14.956247545975776
homerule_N,una_ba,MTL-LSTM (full),193,1239539.4404296875,5.478847551305773
homerule_N,una_ba,MTL-LSTM (full),194,59564.02880859375,13.301598695073647
homerule_N,una_ba,MTL-LSTM (full),195,636487.0400390625,15.331489991507171
homerule_N,una_ba,MTL-LSTM (full),196,770224.5100097656,16.873449722641627
homerule_N,una_ba,MTL-LSTM (full),197,422192.0480957031,37.05060716803479
homerule_N,una_ba,MTL-LSTM (full),198,86380.64916992188,199.99536944046235
homerule_N,una_ba,MTL-LSTM (full),200,197104.83728027344,30.298948882584842
homerule_N,una_ba,MTL-LSTM (full),201,1676292.7038574219,13.94605727249135
homerule_N,una_ba,MTL-LSTM (full),202,123416.70068359375,5.670981537409501
homerule_N,una_ba,MTL-LSTM (full),203,72087.31005859375,3.5474880156845003
homerule_N,una_ba,MTL-LSTM (full),204,433047.1943359375,25.38943590088753
homerule_N,una_ba,MTL-LSTM (full),205,7381491.2353515625,15.556657176861973
homerule_N,una_ba,MTL-LSTM (full),206,17405.284423828125,1.9390489696658182
homerule_N,una_ba,MTL-LSTM (full),207,464.38330078125,0.0450559595482334
homerule_N,una_ba,MTL-LSTM (full),209,3257.869873046875,200.0
homerule_N,una_ba,MTL-LSTM (full),211,197558.25854492188,9.777687374803525
homerule_N,una_ba,MTL-LSTM (full),212,346100.0615234375,22.294142740555685
homerule_N,una_ba,MTL-LSTM (full),213,117679.60400390625,10.063365225737238
homerule_N,una_ba,MTL-LSTM (full),214,77984.23291015625,123.45941912566767
homerule_N,una_ba,MTL-LSTM (full),216,18643.060302734375,12.94166888271055
homerule_N,una_ba,MTL-LSTM (full),217,45855.975341796875,78.22049840625267
homerule_N,una_ba,MTL-LSTM (full),218,1474001.0927734375,19.133037813988796
homerule_N,una_ba,MTL-LSTM (full),221,3400.443649291992,0.8716309982978785
homerule_N,una_ba,MTL-LSTM (full),222,698305.3486328125,8.07440329985161
homerule_N,una_ba,MTL-LSTM (full),223,2799207.8876953125,15.032258039724034
homerule_N,una_ba,MTL-LSTM (full),226,1053422.9340820312,26.998746720117552
homerule_N,una_ba,MTL-LSTM (full),227,51781.60498046875,4.100817515364024
homerule_N,una_ba,MTL-LSTM (full),228,340416.8466796875,15.72229421575898
homerule_N,una_ba,MTL-LSTM (full),230,529992.4189453125,22.44134219569163
homerule_N,una_ba,MTL-LSTM (full),231,527261.796875,53.979149180535934
homerule_N,una_ba,MTL-LSTM (full),232,341467.94140625,22.667437678417503
homerule_N,una_ba,MTL-LSTM (full),233,65125.5283203125,10.987797403429129
homerule_N,una_ba,MTL-LSTM (full),234,89079.4892578125,48.64973648591875
homerule_N,una_ba,MTL-LSTM (full),237,358414.62353515625,10.050028106622554
homerule_N,una_ba,MTL-LSTM (full),241,13504.20361328125,2.9376371825231287
homerule_N,una_ba,MTL-LSTM (full),245,133351.11962890625,6.756034905632468
homerule_N,una_ba,MTL-LSTM (full),246,247681.46801757812,22.205732588868248
homerule_N,una_ba,MTL-LSTM (full),248,620128.7553710938,24.835562629740828
homerule_N,una_ba,MTL-LSTM (full),249,64072.97314453125,25.551052766082822
homerule_N,una_ba,MTL-LSTM (full),250,987497.3497924805,32.50296001387758
homerule_N,una_ba,MTL-LSTM (full),251,138611.65185546875,16.320382925343267
homerule_N,una_ba,MTL-LSTM (full),252,260505.09033203125,20.6916515528662
homerule_N,una_ba,MTL-LSTM (full),253,24169.45947265625,1.3528662331846635
homerule_N,una_ba,MTL-LSTM (full),254,331792.7922363281,50.63008111696609
homerule_N,una_ba,MTL-LSTM (full),255,683905.5358886719,24.84824591198617
homerule_N,una_ba,MTL-LSTM (full),256,2437315.01171875,8.758068926263944
homerule_N,una_ba,MTL-LSTM (full),257,1678639.5327148438,14.597648400862218
homerule_N,una_ba,MTL-LSTM (full),258,777169.5732421875,38.470194880813274
homerule_N,una_ba,MTL-LSTM (full),259,4441186.612792969,31.87596353363582
homerule_N,una_ba,MTL-LSTM (full),262,738024.7663574219,44.88951581568975
homerule_N,una_ba,MTL-LSTM (full),264,131980.95068359375,200.0
homerule_N,una_ba,MTL-LSTM (full),266,66247.98614501953,51.4819342088354
homerule_N,una_ba,MTL-LSTM (full),269,1352073.5576171875,67.692836833506
homerule_N,una_ba,MTL-LSTM (full),270,4854559.229003906,75.42036913422076
homerule_N,una_ba,MTL-LSTM (full),271,551968.7709960938,6.339127454212499
homerule_N,una_ba,MTL-LSTM (full),272,230153.04809570312,11.048888861015726
homerule_N,una_ba,MTL-LSTM (full),273,190745.47119140625,4.968263773946647
homerule_N,una_ba,MTL-LSTM (full),274,172790.0166015625,26.20297475945263
homerule_N,nic,ARIMA,2,482276.9704274698,17.990941916761273
homerule_N,nic,ARIMA,3,304242.07093458064,2.9561714612763463
homerule_N,nic,ARIMA,5,0.0,0.0
homerule_N,nic,ARIMA,6,3877745.700786028,15.55958981005648
homerule_N,nic,ARIMA,7,1008833.7619102737,28.060284440384496
homerule_N,nic,ARIMA,8,2059295.0,200.0
homerule_N,nic,ARIMA,9,5596790.051342681,65.04830593819578
homerule_N,nic,ARIMA,10,49288.0,0.6877608074854409
homerule_N,nic,ARIMA,11,120548.01315617654,26.22227884851776
homerule_N,nic,ARIMA,14,18370.965223443578,1.9754586696454874
homerule_N,nic,ARIMA,15,546597.6089776745,20.134524328493754
homerule_N,nic,ARIMA,16,532961.6515965769,8.510370893192828
homerule_N,nic,ARIMA,17,76676.54756261315,2.2394968157372785
homerule_N,nic,ARIMA,18,2846842.71317211,44.055906119517836
homerule_N,nic,ARIMA,19,49176.0,6.781699231032315
homerule_N,nic,ARIMA,21,99671.75095826201,0.8446228966149053
homerule_N,nic,ARIMA,22,332480.0,6.096873316955444
homerule_N,nic,ARIMA,24,251114.05648452044,0.9825748335273295
homerule_N,nic,ARIMA,25,1536218.0632180572,4.500218978970209
homerule_N,nic,ARIMA,26,29712.628605068312,3.6242103264531136
homerule_N,nic,ARIMA,28,848781.0054094605,2.640177800049275
homerule_N,nic,ARIMA,40,1907083.4092956297,8.090808697604968
homerule_N,nic,ARIMA,41,673831.061451314,5.3887587749291725
homerule_N,nic,ARIMA,43,1349948.064413391,4.754244234437232
homerule_N,nic,ARIMA,46,417856.2871223977,6.559357033194843
homerule_N,nic,ARIMA,47,13830.869478486478,0.7550794719611562
homerule_N,nic,ARIMA,49,133420.22258270066,2.29093966199027
homerule_N,nic,ARIMA,50,2287269.9950084668,21.466107491985866
homerule_N,nic,ARIMA,51,1001642.5121520422,14.557416503044562
homerule_N,nic,ARIMA,52,781699.6870988552,20.60170213481837
homerule_N,nic,ARIMA,53,564439.7480488094,8.63091090795971
homerule_N,nic,ARIMA,56,3577345.6618818687,42.16718623747931
homerule_N,nic,ARIMA,64,352455.6553959083,3.1610902348701737
homerule_N,nic,ARIMA,65,749336.3621330073,33.83138510463442
homerule_N,nic,ARIMA,66,378774.4436812808,20.207067021992618
homerule_N,nic,ARIMA,67,16786.019898030616,3.301345153911671
homerule_N,nic,ARIMA,68,2948030.09466099,6.3328206500310795
homerule_N,nic,ARIMA,69,39163.0,5.000098947391268
homerule_N,nic,ARIMA,70,531459.0,6.904670327225422
homerule_N,nic,ARIMA,71,313872.0,14.889803725487033
homerule_N,nic,ARIMA,72,333452.50460708095,9.114698147344438
homerule_N,nic,ARIMA,75,19980.994921736376,15.248768089496236
homerule_N,nic,ARIMA,77,26465.0,3.9195416513318517
homerule_N,nic,ARIMA,78,1674519.4053404257,21.400776013075014
homerule_N,nic,ARIMA,79,329525.0,8.559825720104024
homerule_N,nic,ARIMA,80,109473.09399847867,22.510855587386622
homerule_N,nic,ARIMA,81,11989.08771125169,1.5502444867908554
homerule_N,nic,ARIMA,82,19007.071057511377,2.1465600669099616
homerule_N,nic,ARIMA,83,91971.51240557712,16.16158710311924
homerule_N,nic,ARIMA,84,26554.616856562207,7.8726460486730945
homerule_N,nic,ARIMA,85,2.4403445528587326,0.02258695689227663
homerule_N,nic,ARIMA,86,42029.17252457887,0.15062298378412214
homerule_N,nic,ARIMA,87,326553.006817352,17.207182603590006
homerule_N,nic,ARIMA,88,192512.16163271246,9.30710462464035
homerule_N,nic,ARIMA,89,22488.307609141804,8.358997570027789
homerule_N,nic,ARIMA,90,490100.46195357107,47.52600998497141
homerule_N,nic,ARIMA,93,143426.2678208449,9.631967370305306
homerule_N,nic,ARIMA,95,217767.00077631138,7.607922338060619
homerule_N,nic,ARIMA,96,543260.0,16.12206784824732
homerule_N,nic,ARIMA,97,968710.7206858527,6.754852377232498
homerule_N,nic,ARIMA,101,7086.419574428175,2.876329723690457
homerule_N,nic,ARIMA,103,317582.22591417306,24.396764509344706
homerule_N,nic,ARIMA,105,52037.052615021355,1.227737948464613
homerule_N,nic,ARIMA,107,11565.648880706227,22.2742623552164
homerule_N,nic,ARIMA,108,3366193.5193965267,27.018185615029655
homerule_N,nic,ARIMA,109,1545577.0279981084,7.846003391997453
homerule_N,nic,ARIMA,110,1320764.583613921,6.2316070675230195
homerule_N,nic,ARIMA,111,36968.44991260371,2.8057717844880075
homerule_N,nic,ARIMA,115,5970479.856349848,11.241177511295373
homerule_N,nic,ARIMA,118,65793.54017478973,0.7561792913116266
homerule_N,nic,ARIMA,119,1851434.2585702538,1.8924627733513266
homerule_N,nic,ARIMA,120,4884033.5088098645,4.855145140542383
homerule_N,nic,ARIMA,121,32113.61533078947,5.858579286006274
homerule_N,nic,ARIMA,123,86628.97872493463,3.2002341516077983
homerule_N,nic,ARIMA,124,288931.9263094901,136.80875209615644
homerule_N,nic,ARIMA,131,72470.1411468332,15.004047944882954
homerule_N,nic,ARIMA,133,2015100.7421843745,22.705766310912495
homerule_N,nic,ARIMA,134,512224.9694650434,5.812556115781479
homerule_N,nic,ARIMA,135,98925.5009268634,0.6692975837685394
homerule_N,nic,ARIMA,136,2330434.0,4.417148810707995
homerule_N,nic,ARIMA,139,37417.0,13.63486461519961
homerule_N,nic,ARIMA,140,215243.5432697963,3.280426094184727
homerule_N,nic,ARIMA,141,6283.044836743487,15.731003142446198
homerule_N,nic,ARIMA,142,1493004.9734378604,179.52139605324763
homerule_N,nic,ARIMA,143,4200374.646108948,9.424986373261572
homerule_N,nic,ARIMA,144,87391.64867606899,2.7015788104999006
homerule_N,nic,ARIMA,145,191601.84475481743,20.805683568217418
homerule_N,nic,ARIMA,146,1002292.513712965,5.940778115899748
homerule_N,nic,ARIMA,147,330193.86557505163,49.692673126140264
homerule_N,nic,ARIMA,148,153056.1574691196,75.60235762799671
homerule_N,nic,ARIMA,149,148.0,0.013556018414202313
homerule_N,nic,ARIMA,150,41470.0,7.854761724373059
homerule_N,nic,ARIMA,151,571796.396975839,32.97030765084913
homerule_N,nic,ARIMA,152,813266.7076161513,11.450426646946156
homerule_N,nic,ARIMA,153,52203.07597094716,7.174097432227292
homerule_N,nic,ARIMA,154,8416.870941925503,3.7402735718739546
homerule_N,nic,ARIMA,155,273814.7163015427,6.091440054559329
homerule_N,nic,ARIMA,156,56676.22065610532,1.7355200489621965
homerule_N,nic,ARIMA,157,329044.9983010703,37.224495570705415
homerule_N,nic,ARIMA,161,7919337.787222341,19.082199586483238
homerule_N,nic,ARIMA,162,3952455.9753686143,41.64081680165106
homerule_N,nic,ARIMA,163,3249368.8448497616,23.18740562890557
homerule_N,nic,ARIMA,164,5078212.260317162,7.061917451984309
homerule_N,nic,ARIMA,165,1351736.4073908702,14.208746330137926
homerule_N,nic,ARIMA,166,36642.015986848186,32.3964576254471
homerule_N,nic,ARIMA,168,43894.0,9.800064747318011
homerule_N,nic,ARIMA,169,156215.0,5.059187948759428
homerule_N,nic,ARIMA,170,310773.94978213636,31.950638686397987
homerule_N,nic,ARIMA,171,90301.34254750703,3.1559355835980343
homerule_N,nic,ARIMA,172,2797247.1395999957,24.290220720987833
homerule_N,nic,ARIMA,173,41647.03843531129,4.917142256044974
homerule_N,nic,ARIMA,174,946618.599312325,38.420172111538555
homerule_N,nic,ARIMA,175,1765626.9392988402,12.791917099675699
homerule_N,nic,ARIMA,176,30793.908355559455,3.5737927321560248
homerule_N,nic,ARIMA,177,31539.0,11.400345925078485
homerule_N,nic,ARIMA,178,1766990.348573558,4.1728795305925
homerule_N,nic,ARIMA,180,16179374.292990614,200.0
homerule_N,nic,ARIMA,181,47963.896911663935,1.1601483280968468
homerule_N,nic,ARIMA,185,356912.3705329173,45.575762428126296
homerule_N,nic,ARIMA,186,4639322.0,159.96266532609397
homerule_N,nic,ARIMA,187,84936.0,5.464508296548782
homerule_N,nic,ARIMA,188,300857.1148823546,5.353126139376259
homerule_N,nic,ARIMA,189,2696021.0288947504,23.236870180487866
homerule_N,nic,ARIMA,190,559128.0052368473,11.353350825936092
homerule_N,nic,ARIMA,192,2855039.484849453,15.614421995338942
homerule_N,nic,ARIMA,193,749690.3428979814,4.197058550721386
homerule_N,nic,ARIMA,194,118913.96300268444,43.35083993181371
homerule_N,nic,ARIMA,195,638193.0,8.795591020377618
homerule_N,nic,ARIMA,196,2268528.438730441,12.868484979171704
homerule_N,nic,ARIMA,197,149738.5024426491,21.371651977659926
homerule_N,nic,ARIMA,198,68982.94747532462,17.462113131684358
homerule_N,nic,ARIMA,200,0.0,0.0
homerule_N,nic,ARIMA,201,1713639.1020217072,28.074212400301064
homerule_N,nic,ARIMA,202,403970.5413840385,4.986498501807083
homerule_N,nic,ARIMA,203,1307416.4438584498,28.523691931454522
homerule_N,nic,ARIMA,204,1882612.4170646786,63.1806209626542
homerule_N,nic,ARIMA,205,65543.45779951662,0.10138015295462381
homerule_N,nic,ARIMA,206,523345.92921625264,16.53716137385245
homerule_N,nic,ARIMA,207,74307.15780695505,6.1426277549954165
homerule_N,nic,ARIMA,209,1076932.786733142,18.24213546386536
homerule_N,nic,ARIMA,211,120722.24005297013,7.12665868573969
homerule_N,nic,ARIMA,212,1645150.5999824777,19.958056009798064
homerule_N,nic,ARIMA,213,6181.971220553969,0.7608795216437527
homerule_N,nic,ARIMA,214,14363.0,2.1299802543430437
homerule_N,nic,ARIMA,216,26699.41434126289,3.2154437381750682
homerule_N,nic,ARIMA,217,345275.28478644195,73.4954526505874
homerule_N,nic,ARIMA,218,172444.9023943739,4.126216038212674
homerule_N,nic,ARIMA,221,94544.44607411834,36.660085631631176
homerule_N,nic,ARIMA,222,518261.0,4.27215150091943
homerule_N,nic,ARIMA,223,9455240.543094829,34.815771620508315
homerule_N,nic,ARIMA,226,3367679.660976408,24.863034459033827
homerule_N,nic,ARIMA,227,68994.58487533964,2.5378940097161724
homerule_N,nic,ARIMA,228,562689.8020817661,24.87730352291504
homerule_N,nic,ARIMA,230,36934.0,0.7395551896113861
homerule_N,nic,ARIMA,231,113865.42488042568,5.933441259492852
homerule_N,nic,ARIMA,232,90770019.03366867,143.1151478579267
homerule_N,nic,ARIMA,233,2628.0,0.43167169298089997
homerule_N,nic,ARIMA,234,231695.0,34.92419988770354
homerule_N,nic,ARIMA,237,26918.0,0.659193133694643
homerule_N,nic,ARIMA,241,1969149.0926447753,200.0
homerule_N,nic,ARIMA,245,41323.919249212835,2.995038250407779
homerule_N,nic,ARIMA,246,795684.2466318775,16.45464155227752
homerule_N,nic,ARIMA,248,406980.33391800197,17.69722985702036
homerule_N,nic,ARIMA,249,116311.29764812067,19.701579270606242
homerule_N,nic,ARIMA,250,31537.816425342113,0.5007359290164808
homerule_N,nic,ARIMA,251,50761.65326335188,0.7889831307576534
homerule_N,nic,ARIMA,252,284806.07095057424,8.737508330834967
homerule_N,nic,ARIMA,253,0.0,0.0
homerule_N,nic,ARIMA,254,217510.0304047917,7.041985435392883
homerule_N,nic,ARIMA,255,1289559.0524306684,31.568048935611547
homerule_N,nic,ARIMA,256,525368.3701552367,6.636375265492232
homerule_N,nic,ARIMA,257,492101.0366307348,1.5429257900296487
homerule_N,nic,ARIMA,258,233090.30659975111,2.2968287282921613
homerule_N,nic,ARIMA,259,11667641.909133464,35.249057865752874
homerule_N,nic,ARIMA,262,399441.21140451357,1.9943574558690094
homerule_N,nic,ARIMA,264,486271.0,118.25153355584332
homerule_N,nic,ARIMA,266,30898.81683515734,4.241327483670184
homerule_N,nic,ARIMA,269,3511402.4994412735,5.845775250961413
homerule_N,nic,ARIMA,270,15241832.016697586,5.7467325437455115
homerule_N,nic,ARIMA,271,1640032.0103889555,19.369987067185203
homerule_N,nic,ARIMA,272,532561.8414109331,6.022196841746112
homerule_N,nic,ARIMA,273,47195.59058464877,0.7291610724689639
homerule_N,nic,ARIMA,274,153472.38196529914,2.9732880494116367
homerule_N,nic,STL-LSTM (full),2,79028.55981445312,3.1878678445165147
homerule_N,nic,STL-LSTM (full),3,1108102.6577148438,11.204466553637054
homerule_N,nic,STL-LSTM (full),5,65.18338775634766,200.0
homerule_N,nic,STL-LSTM (full),6,1097006.9344482422,4.661859298692967
homerule_N,nic,STL-LSTM (full),7,804224.7084960938,21.750254237705605
homerule_N,nic,STL-LSTM (full),8,188113.388671875,9.572039590807318
homerule_N,nic,STL-LSTM (full),9,5592432.0048828125,64.98119800025432
homerule_N,nic,STL-LSTM (full),10,53466.4228515625,0.7458487505903711
homerule_N,nic,STL-LSTM (full),11,30044.29150390625,7.248948265331265
homerule_N,nic,STL-LSTM (full),14,20807.78759765625,2.234566320380407
homerule_N,nic,STL-LSTM (full),15,218559.26403808594,7.592165483815101
homerule_N,nic,STL-LSTM (full),16,528915.576171875,8.443035423468197
homerule_N,nic,STL-LSTM (full),17,443343.3076171875,14.012914743406018
homerule_N,nic,STL-LSTM (full),18,160129.75732421875,2.051566553852214
homerule_N,nic,STL-LSTM (full),19,49943.77697753906,6.883936399935665
homerule_N,nic,STL-LSTM (full),21,162835.46533203125,1.3953953207679013
homerule_N,nic,STL-LSTM (full),22,332802.0520324707,6.102959176447252
homerule_N,nic,STL-LSTM (full),24,1905635.3920898438,7.7849794290843395
homerule_N,nic,STL-LSTM (full),25,630176.5690917969,1.9065454104197084
homerule_N,nic,STL-LSTM (full),26,16895.654174804688,2.1211488421786826
homerule_N,nic,STL-LSTM (full),28,220718.23669433594,0.6799141656928661
homerule_N,nic,STL-LSTM (full),40,1907718.6370239258,8.093612713338983
homerule_N,nic,STL-LSTM (full),41,671373.1865234375,5.368575042048223
homerule_N,nic,STL-LSTM (full),43,1485972.7153320312,5.508370931435916
homerule_N,nic,STL-LSTM (full),46,417055.4840698242,6.546374853059121
homerule_N,nic,STL-LSTM (full),47,15092.6826171875,0.8236829174202246
homerule_N,nic,STL-LSTM (full),49,105797.08772277832,1.7800680052150994
homerule_N,nic,STL-LSTM (full),50,1061303.579284668,9.418534647339124
homerule_N,nic,STL-LSTM (full),51,1100485.9876708984,16.1096740472673
homerule_N,nic,STL-LSTM (full),52,778088.8425292969,20.496785530264955
homerule_N,nic,STL-LSTM (full),53,560534.451171875,8.568636142004573
homerule_N,nic,STL-LSTM (full),56,3574372.2348632812,42.12475553723826
homerule_N,nic,STL-LSTM (full),64,744849.9035644531,6.8000366297816806
homerule_N,nic,STL-LSTM (full),65,779314.0235595703,35.42455645019455
homerule_N,nic,STL-LSTM (full),66,134373.06372070312,8.305443620097309
homerule_N,nic,STL-LSTM (full),67,19934.578857421875,3.9084781691345856
homerule_N,nic,STL-LSTM (full),68,3867029.6263427734,8.389786110621818
homerule_N,nic,STL-LSTM (full),69,40417.512939453125,5.164403579601129
homerule_N,nic,STL-LSTM (full),70,532802.7438964844,6.922732412777545
homerule_N,nic,STL-LSTM (full),71,314427.32482910156,14.914183328742514
homerule_N,nic,STL-LSTM (full),72,337474.57275390625,9.219570632050758
homerule_N,nic,STL-LSTM (full),75,19547.69549560547,14.893465005697331
homerule_N,nic,STL-LSTM (full),77,30572.1513671875,4.514093250857795
homerule_N,nic,STL-LSTM (full),78,2135407.0478515625,28.119181462197822
homerule_N,nic,STL-LSTM (full),79,325351.6611328125,8.446839488820912
homerule_N,nic,STL-LSTM (full),80,110691.39587402344,22.789920390466783
homerule_N,nic,STL-LSTM (full),81,15704.43505859375,2.0257900160478535
homerule_N,nic,STL-LSTM (full),82,23142.21728515625,2.607473567472316
homerule_N,nic,STL-LSTM (full),83,49212.20739746094,8.985329075450526
homerule_N,nic,STL-LSTM (full),84,62757.46044921875,21.444818174988466
homerule_N,nic,STL-LSTM (full),85,521.78857421875,4.716138465157695
homerule_N,nic,STL-LSTM (full),86,615027.0079345703,2.2303765285882666
homerule_N,nic,STL-LSTM (full),87,323654.8671875,17.04145758067097
homerule_N,nic,STL-LSTM (full),88,195367.69873046875,9.438641970844799
homerule_N,nic,STL-LSTM (full),89,11600.392700195312,4.400969721149741
homerule_N,nic,STL-LSTM (full),90,479709.4958496094,46.28518518788585
homerule_N,nic,STL-LSTM (full),93,193251.2010498047,14.63219037089055
homerule_N,nic,STL-LSTM (full),95,216315.22497558594,7.559119970398105
homerule_N,nic,STL-LSTM (full),96,539279.34375,15.994488504260207
homerule_N,nic,STL-LSTM (full),97,965684.9030761719,6.7330429427895435
homerule_N,nic,STL-LSTM (full),101,7627.634033203125,3.0926081601042146
homerule_N,nic,STL-LSTM (full),103,33892.42626953125,2.922027361265347
homerule_N,nic,STL-LSTM (full),105,51194.43103027344,1.2077374761612352
homerule_N,nic,STL-LSTM (full),107,3524.140869140625,7.356816248248986
homerule_N,nic,STL-LSTM (full),108,101380.34838867188,0.945253261222042
homerule_N,nic,STL-LSTM (full),109,1542592.7397460938,7.830260758185164
homerule_N,nic,STL-LSTM (full),110,1125066.5090332031,5.633306280228864
homerule_N,nic,STL-LSTM (full),111,41719.47216796875,3.172076230894804
homerule_N,nic,STL-LSTM (full),115,3820904.9506835938,7.051283063148531
homerule_N,nic,STL-LSTM (full),118,31798.8994140625,0.36753279958579865
homerule_N,nic,STL-LSTM (full),119,940421.72265625,0.9657584153370204
homerule_N,nic,STL-LSTM (full),120,4763512.7705078125,4.73250231015232
homerule_N,nic,STL-LSTM (full),121,52366.27185058594,9.380045085600088
homerule_N,nic,STL-LSTM (full),123,84097.95703125,3.105281816309056
homerule_N,nic,STL-LSTM (full),124,290456.080078125,138.0285010566087
homerule_N,nic,STL-LSTM (full),131,5798.2777099609375,1.1104872979928708
homerule_N,nic,STL-LSTM (full),133,865957.5437011719,10.432884321880328
homerule_N,nic,STL-LSTM (full),134,66059.31576538086,0.7311109799946616
homerule_N,nic,STL-LSTM (full),135,907780.1674804688,6.358276111718599
homerule_N,nic,STL-LSTM (full),136,2326121.1591796875,4.40879396888052
homerule_N,nic,STL-LSTM (full),139,39430.336669921875,14.316014555914563
homerule_N,nic,STL-LSTM (full),140,3191.70263671875,0.04944217786172391
homerule_N,nic,STL-LSTM (full),141,3201.526123046875,8.33735905588127
homerule_N,nic,STL-LSTM (full),142,1265963.642944336,133.93901089909144
homerule_N,nic,STL-LSTM (full),143,4182913.9731445312,9.383969069111934
homerule_N,nic,STL-LSTM (full),144,206377.97302246094,6.4993914719062795
homerule_N,nic,STL-LSTM (full),145,189657.09692382812,20.572784619075332
homerule_N,nic,STL-LSTM (full),146,249290.82318115234,1.5345119665993396
homerule_N,nic,STL-LSTM (full),147,10666.872314453125,2.1134721653691924
homerule_N,nic,STL-LSTM (full),148,149519.9564819336,73.2162065600782
homerule_N,nic,STL-LSTM (full),149,4247.6494140625,0.38833314696285315
homerule_N,nic,STL-LSTM (full),150,38276.53662109375,7.228033245650474
homerule_N,nic,STL-LSTM (full),151,40410.284423828125,2.0205446730342644
homerule_N,nic,STL-LSTM (full),152,374878.3280029297,5.446194962262909
homerule_N,nic,STL-LSTM (full),153,52551.547790527344,7.220257904040399
homerule_N,nic,STL-LSTM (full),154,14374.370483398438,6.473343304464916
homerule_N,nic,STL-LSTM (full),155,203140.21166992188,4.483924668545123
homerule_N,nic,STL-LSTM (full),156,688.0325927734375,0.02125538607706249
homerule_N,nic,STL-LSTM (full),157,330144.5681152344,37.3721328635139
homerule_N,nic,STL-LSTM (full),161,710269.8034667969,1.910026996688648
homerule_N,nic,STL-LSTM (full),162,2637105.3408203125,25.982720015038304
homerule_N,nic,STL-LSTM (full),163,3395014.534423828,24.35328392757389
homerule_N,nic,STL-LSTM (full),164,5076433.2294921875,7.059356153905559
homerule_N,nic,STL-LSTM (full),165,578479.6627197266,5.520624355691058
homerule_N,nic,STL-LSTM (full),166,16446.10302734375,15.965997264916275
homerule_N,nic,STL-LSTM (full),168,43011.58142089844,9.61251917267398
homerule_N,nic,STL-LSTM (full),169,154417.41564941406,4.999516003028625
homerule_N,nic,STL-LSTM (full),170,35647.547607421875,4.268626648940009
homerule_N,nic,STL-LSTM (full),171,119819.43334960938,4.166072228008557
homerule_N,nic,STL-LSTM (full),172,330486.3718261719,3.2140478440321743
homerule_N,nic,STL-LSTM (full),173,160611.4971923828,20.395259636000187
homerule_N,nic,STL-LSTM (full),174,173112.66345214844,8.334322810114394
homerule_N,nic,STL-LSTM (full),175,1761050.9326171875,12.756649452588546
homerule_N,nic,STL-LSTM (full),176,28020.85791015625,3.2467414062771143
homerule_N,nic,STL-LSTM (full),177,32098.38134765625,11.614286461287714
homerule_N,nic,STL-LSTM (full),178,1094585.3359985352,2.564582979848965
homerule_N,nic,STL-LSTM (full),180,1778104.13671875,11.966565200662222
homerule_N,nic,STL-LSTM (full),181,364286.86328125,9.161848190224935
homerule_N,nic,STL-LSTM (full),185,132811.25146484375,12.919625928768607
homerule_N,nic,STL-LSTM (full),186,4638674.428222656,159.92248337605963
homerule_N,nic,STL-LSTM (full),187,85093.50126647949,5.4743640580110515
homerule_N,nic,STL-LSTM (full),188,185979.31311035156,3.2756375674371
homerule_N,nic,STL-LSTM (full),189,3408536.6083984375,30.308654111041022
homerule_N,nic,STL-LSTM (full),190,130485.69409179688,2.7701246847457712
homerule_N,nic,STL-LSTM (full),192,2851262.139404297,15.592152855066804
homerule_N,nic,STL-LSTM (full),193,233065.82287597656,1.2861931979755297
homerule_N,nic,STL-LSTM (full),194,120345.70861816406,43.98758892219817
homerule_N,nic,STL-LSTM (full),195,638173.046382904,8.795303925558194
homerule_N,nic,STL-LSTM (full),196,2264627.9375,12.84493790557015
homerule_N,nic,STL-LSTM (full),197,225517.07650756836,34.027397829252095
homerule_N,nic,STL-LSTM (full),198,77557.13903808594,16.560942087955503
homerule_N,nic,STL-LSTM (full),200,22.50663185119629,200.0
homerule_N,nic,STL-LSTM (full),201,1354354.7779541016,21.55379081484768
homerule_N,nic,STL-LSTM (full),202,399438.263671875,4.929174525918427
homerule_N,nic,STL-LSTM (full),203,1304767.4719238281,28.457676584311326
homerule_N,nic,STL-LSTM (full),204,1878962.5561523438,63.01953514858197
homerule_N,nic,STL-LSTM (full),205,2212585.0236816406,3.483721571130239
homerule_N,nic,STL-LSTM (full),206,524290.2215576172,16.5694720334177
homerule_N,nic,STL-LSTM (full),207,12283.37646484375,1.042125734513794
homerule_N,nic,STL-LSTM (full),209,776119.0043945312,12.820037895510769
homerule_N,nic,STL-LSTM (full),211,81453.19677734375,4.753372760604526
homerule_N,nic,STL-LSTM (full),212,1649461.3334960938,20.005120559457275
homerule_N,nic,STL-LSTM (full),213,3371.364013671875,0.4142323698572097
homerule_N,nic,STL-LSTM (full),214,11548.13134765625,1.7089786158154077
homerule_N,nic,STL-LSTM (full),216,6934.753662109375,0.8253383318227009
homerule_N,nic,STL-LSTM (full),217,1610.512939453125,0.251005820107581
homerule_N,nic,STL-LSTM (full),218,176396.94848632812,4.218784836768676
homerule_N,nic,STL-LSTM (full),221,149427.28839111328,64.84057820269423
homerule_N,nic,STL-LSTM (full),222,516434.0915527344,4.2567713227070785
homerule_N,nic,STL-LSTM (full),223,6975562.993896484,26.91388321817467
homerule_N,nic,STL-LSTM (full),226,1322409.0513916016,9.077765374281798
homerule_N,nic,STL-LSTM (full),227,68205.7290649414,2.5092408258221104
homerule_N,nic,STL-LSTM (full),228,377174.7062988281,16.018511829439376
homerule_N,nic,STL-LSTM (full),230,39574.846435546875,0.7922252335338886
homerule_N,nic,STL-LSTM (full),231,109697.35888671875,5.710045529622874
homerule_N,nic,STL-LSTM (full),232,2286978.1640625,13.535644570148087
homerule_N,nic,STL-LSTM (full),233,3400.1528930664062,0.5588588813948894
homerule_N,nic,STL-LSTM (full),234,231780.21813201904,34.9392891312532
homerule_N,nic,STL-LSTM (full),237,28275.752197265625,0.692558175525132
homerule_N,nic,STL-LSTM (full),241,97129.55541992188,6.031510096590783
homerule_N,nic,STL-LSTM (full),245,6618.430908203125,0.4881659537885486
homerule_N,nic,STL-LSTM (full),246,21770.64111328125,0.41512568638296754
homerule_N,nic,STL-LSTM (full),248,199069.42071533203,8.282000613534402
homerule_N,nic,STL-LSTM (full),249,85849.31860351562,14.175996919752329
homerule_N,nic,STL-LSTM (full),250,32895.61169433594,0.5223503803214659
homerule_N,nic,STL-LSTM (full),251,46409.8193359375,0.7210991496489967
homerule_N,nic,STL-LSTM (full),252,202165.2470703125,6.124548578070837
homerule_N,nic,STL-LSTM (full),253,90.91722106933594,200.0
homerule_N,nic,STL-LSTM (full),254,218012.83267211914,7.057689444563746
homerule_N,nic,STL-LSTM (full),255,1286944.0007324219,31.493952649528907
homerule_N,nic,STL-LSTM (full),256,526151.1168212891,6.646591397367303
homerule_N,nic,STL-LSTM (full),257,5333308.5205078125,18.095319350002665
homerule_N,nic,STL-LSTM (full),258,233276.8094177246,2.298687614761949
homerule_N,nic,STL-LSTM (full),259,5516864.305175781,15.250081161467111
homerule_N,nic,STL-LSTM (full),262,402623.390625,2.0100859751055418
homerule_N,nic,STL-LSTM (full),264,482604.99755859375,116.83922332313692
homerule_N,nic,STL-LSTM (full),266,32387.315551757812,4.260588234928976
homerule_N,nic,STL-LSTM (full),269,3507283.3193359375,5.838717450867901
homerule_N,nic,STL-LSTM (full),270,3407813.2990722656,1.2568321846018244
homerule_N,nic,STL-LSTM (full),271,1088896.9716796875,12.455298889011445
homerule_N,nic,STL-LSTM (full),272,533429.4866943359,6.0323040784135475
homerule_N,nic,STL-LSTM (full),273,315649.10400390625,5.017339102158743
homerule_N,nic,STL-LSTM (full),274,134530.67578125,2.6015486333505686
homerule_N,nic,MTL-LSTM (full),2,81818.2431640625,3.2985426414399464
homerule_N,nic,MTL-LSTM (full),3,1104560.6474609375,11.166652229611698
homerule_N,nic,MTL-LSTM (full),5,892.1447143554688,200.0
homerule_N,nic,MTL-LSTM (full),6,1102969.5444335938,4.68660434249414
homerule_N,nic,MTL-LSTM (full),7,802897.9106445312,21.710475783380925
homerule_N,nic,MTL-LSTM (full),8,187309.78442382812,9.529200369980538
homerule_N,nic,MTL-LSTM (full),9,5591634.94140625,64.9689279917578
homerule_N,nic,MTL-LSTM (full),10,50371.017578125,0.7028200418174878
homerule_N,nic,MTL-LSTM (full),11,31555.0224609375,7.599600116918108
homerule_N,nic,MTL-LSTM (full),14,21361.090576171875,2.2933046689428296
homerule_N,nic,MTL-LSTM (full),15,212226.4228515625,7.364079511780197
homerule_N,nic,MTL-LSTM (full),16,528672.6479492188,8.43899395495155
homerule_N,nic,MTL-LSTM (full),17,442273.11572265625,13.976724915295518
homerule_N,nic,MTL-LSTM (full),18,158169.265625,2.0261944628672177
homerule_N,nic,MTL-LSTM (full),19,54892.77978515625,7.540357971974757
homerule_N,nic,MTL-LSTM (full),21,162966.2431640625,1.3965238280629737
homerule_N,nic,MTL-LSTM (full),22,327831.14501953125,6.009063317222807
homerule_N,nic,MTL-LSTM (full),24,1904445.390625,7.7799288781781755
homerule_N,nic,MTL-LSTM (full),25,627399.92578125,1.8980651896735496
homerule_N,nic,MTL-LSTM (full),26,11503.8125,1.4393635804752634
homerule_N,nic,MTL-LSTM (full),28,214528.61328125,0.6607842697383678
homerule_N,nic,MTL-LSTM (full),40,1901245.6459960938,8.065043240484806
homerule_N,nic,MTL-LSTM (full),41,667439.3076171875,5.3362788205731
homerule_N,nic,MTL-LSTM (full),43,1486835.43359375,5.511657084581403
homerule_N,nic,MTL-LSTM (full),46,412276.8505859375,6.4689401765663925
homerule_N,nic,MTL-LSTM (full),47,15585.45654296875,0.8504616888201644
homerule_N,nic,MTL-LSTM (full),49,111262.6650390625,1.8711676341321453
homerule_N,nic,MTL-LSTM (full),50,1056699.4228515625,9.375759630792874
homerule_N,nic,MTL-LSTM (full),51,1093325.6879882812,15.996473089932303
homerule_N,nic,MTL-LSTM (full),52,776270.0107421875,20.443975387279963
homerule_N,nic,MTL-LSTM (full),53,559398.501953125,8.55052901246095
homerule_N,nic,MTL-LSTM (full),56,3571861.0673828125,42.088932843955824
homerule_N,nic,MTL-LSTM (full),64,742172.703125,6.774767463148337
homerule_N,nic,MTL-LSTM (full),65,774995.2641601562,35.19369754916507
homerule_N,nic,MTL-LSTM (full),66,131867.7548828125,8.144287654543888
homerule_N,nic,MTL-LSTM (full),67,20929.07958984375,4.099468486952023
homerule_N,nic,MTL-LSTM (full),68,3862412.2124023438,8.379348601214256
homerule_N,nic,MTL-LSTM (full),69,34159.25048828125,4.347363422312311
homerule_N,nic,MTL-LSTM (full),70,525767.0991210938,6.8281969517191134
homerule_N,nic,MTL-LSTM (full),71,315397.8006591797,14.956773277488807
homerule_N,nic,MTL-LSTM (full),72,336515.173828125,9.194565473537843
homerule_N,nic,MTL-LSTM (full),75,18669.021240234375,14.176546152730621
homerule_N,nic,MTL-LSTM (full),77,30003.024658203125,4.43192170348661
homerule_N,nic,MTL-LSTM (full),78,2134060.1455078125,28.098953533763797
homerule_N,nic,MTL-LSTM (full),79,323987.92919921875,8.409945240444241
homerule_N,nic,MTL-LSTM (full),80,104934.125,21.477282917361226
homerule_N,nic,MTL-LSTM (full),81,17050.30419921875,2.197492564337212
homerule_N,nic,MTL-LSTM (full),82,24863.0068359375,2.798644829552715
homerule_N,nic,MTL-LSTM (full),83,52629.19677734375,9.579332376361972
homerule_N,nic,MTL-LSTM (full),84,60701.6591796875,20.669730366449766
homerule_N,nic,MTL-LSTM (full),85,1776.4523677825928,15.194748094346766
homerule_N,nic,MTL-LSTM (full),86,608048.9809570312,2.20479196044988
homerule_N,nic,MTL-LSTM (full),87,321340.27978515625,16.909283492020474
homerule_N,nic,MTL-LSTM (full),88,197979.7822265625,9.558806062197135
homerule_N,nic,MTL-LSTM (full),89,16190.3935546875,6.0893108868984305
homerule_N,nic,MTL-LSTM (full),90,473123.4521484375,45.50514155797873
homerule_N,nic,MTL-LSTM (full),93,190310.75549316406,14.393529093185679
homerule_N,nic,MTL-LSTM (full),95,223920.75927734375,7.814510317773715
homerule_N,nic,MTL-LSTM (full),96,538293.6118164062,15.962919230570687
homerule_N,nic,MTL-LSTM (full),97,963425.2631835938,6.716758951279555
homerule_N,nic,MTL-LSTM (full),101,11486.00390625,4.620832689383016
homerule_N,nic,MTL-LSTM (full),103,34338.35986328125,2.959904435283393
homerule_N,nic,MTL-LSTM (full),105,46437.00537109375,1.0948897347467421
homerule_N,nic,MTL-LSTM (full),107,5710.4931640625,11.654960456005114
homerule_N,nic,MTL-LSTM (full),108,102734.77011108398,0.9579421471946674
homerule_N,nic,MTL-LSTM (full),109,1540468.4711914062,7.819056329028798
homerule_N,nic,MTL-LSTM (full),110,1123545.2749023438,5.625475083189588
homerule_N,nic,MTL-LSTM (full),111,40122.96240234375,3.0488375895138984
homerule_N,nic,MTL-LSTM (full),115,3819814.7114257812,7.049200168555464
homerule_N,nic,MTL-LSTM (full),118,26694.751220703125,0.30844789220810687
homerule_N,nic,MTL-LSTM (full),119,946880.1240234375,0.9723585725604481
homerule_N,nic,MTL-LSTM (full),120,4763132.663574219,4.7321157427122165
homerule_N,nic,MTL-LSTM (full),121,56021.211669921875,10.001990907760073
homerule_N,nic,MTL-LSTM (full),123,81852.59814453125,3.021120491065547
homerule_N,nic,MTL-LSTM (full),124,284088.07666015625,132.9900979492944
homerule_N,nic,MTL-LSTM (full),131,8817.201171875,1.683804368053813
homerule_N,nic,MTL-LSTM (full),133,867700.64453125,10.452787283645822
homerule_N,nic,MTL-LSTM (full),134,60263.435546875,0.6667512726315835
homerule_N,nic,MTL-LSTM (full),135,906889.4790039062,6.351839417536692
homerule_N,nic,MTL-LSTM (full),136,2325425.4189453125,4.407446243807535
homerule_N,nic,MTL-LSTM (full),139,42559.9765625,15.365001412702165
homerule_N,nic,MTL-LSTM (full),140,7398.274169921875,0.11456820648499076
homerule_N,nic,MTL-LSTM (full),141,8663.8427734375,21.064061979012877
homerule_N,nic,MTL-LSTM (full),142,1263381.40234375,133.48347052284782
homerule_N,nic,MTL-LSTM (full),143,4180931.7290039062,9.379313545287266
homerule_N,nic,MTL-LSTM (full),144,200049.2587890625,6.293811385781227
homerule_N,nic,MTL-LSTM (full),145,187205.5634765625,20.279893188487932
homerule_N,nic,MTL-LSTM (full),146,246525.50317382812,1.5173608715047386
homerule_N,nic,MTL-LSTM (full),147,10651.508544921875,2.1104601993861287
homerule_N,nic,MTL-LSTM (full),148,143466.08984375,69.22570542029437
homerule_N,nic,MTL-LSTM (full),149,1659.86669921875,0.15192982845934216
homerule_N,nic,MTL-LSTM (full),150,36041.21337890625,6.791587050972551
homerule_N,nic,MTL-LSTM (full),151,33941.42431640625,1.6943566126734835
homerule_N,nic,MTL-LSTM (full),152,380674.53076171875,5.528074114715843
homerule_N,nic,MTL-LSTM (full),153,55296.72216796875,7.583127258310837
homerule_N,nic,MTL-LSTM (full),154,9177.484375,4.085177515057319
homerule_N,nic,MTL-LSTM (full),155,200936.37915039062,4.434200841011281
homerule_N,nic,MTL-LSTM (full),156,6372.19091796875,0.19664160055845145
homerule_N,nic,MTL-LSTM (full),157,324362.6103515625,36.597850367017784
homerule_N,nic,MTL-LSTM (full),161,705168.2250976562,1.8961779838218031
homerule_N,nic,MTL-LSTM (full),162,2634195.875,25.950334307673025
homerule_N,nic,MTL-LSTM (full),163,3393164.5473632812,24.33839860656703
homerule_N,nic,MTL-LSTM (full),164,5072168.103027344,7.053215843696453
homerule_N,nic,MTL-LSTM (full),165,580636.6733398438,5.540639155171504
homerule_N,nic,MTL-LSTM (full),166,21067.58251953125,20.003821070998534
homerule_N,nic,MTL-LSTM (full),168,49036.466796875,10.885714213678305
homerule_N,nic,MTL-LSTM (full),169,151545.5361328125,4.904254182110951
homerule_N,nic,MTL-LSTM (full),170,42274.1083984375,5.0421216200547665
homerule_N,nic,MTL-LSTM (full),171,121072.97663116455,4.208740216811755
homerule_N,nic,MTL-LSTM (full),172,331467.04443359375,3.2234313733241344
homerule_N,nic,MTL-LSTM (full),173,153780.34228515625,19.443473411793747
homerule_N,nic,MTL-LSTM (full),174,175141.0278930664,8.427861184964193
homerule_N,nic,MTL-LSTM (full),175,1764785.2374267578,12.785429158960682
homerule_N,nic,MTL-LSTM (full),176,24670.0205078125,2.8529457247309686
homerule_N,nic,MTL-LSTM (full),177,31529.25076675415,11.396621076549462
homerule_N,nic,MTL-LSTM (full),178,1088819.0942382812,2.5509005207132187
homerule_N,nic,MTL-LSTM (full),180,1776134.5107421875,11.952517518704422
homerule_N,nic,MTL-LSTM (full),181,366761.53381347656,9.226957728049898
homerule_N,nic,MTL-LSTM (full),185,134520.47119140625,13.075025673427476
homerule_N,nic,MTL-LSTM (full),186,4636761.755371094,159.8038540284699
homerule_N,nic,MTL-LSTM (full),187,90764.2314453125,5.828550263791869
homerule_N,nic,MTL-LSTM (full),188,180312.3154296875,3.174241084934227
homerule_N,nic,MTL-LSTM (full),189,3407201.0751953125,30.29497972446101
homerule_N,nic,MTL-LSTM (full),190,129458.43041992188,2.7486162696162078
homerule_N,nic,MTL-LSTM (full),192,2849185.6313476562,15.579912870979271
homerule_N,nic,MTL-LSTM (full),193,226484.24755859375,1.2496452835487621
homerule_N,nic,MTL-LSTM (full),194,113712.4443359375,41.065244132418556
homerule_N,nic,MTL-LSTM (full),195,633282.0595703125,8.724955680558299
homerule_N,nic,MTL-LSTM (full),196,2265845.155029297,12.852285609846186
homerule_N,nic,MTL-LSTM (full),197,220564.9794921875,33.1563226253228
homerule_N,nic,MTL-LSTM (full),198,79872.4296875,17.013275183247014
homerule_N,nic,MTL-LSTM (full),200,291.8109130859375,200.0
homerule_N,nic,MTL-LSTM (full),201,1349664.1589355469,21.471128321247505
homerule_N,nic,MTL-LSTM (full),202,398059.32373046875,4.911740137105577
homerule_N,nic,MTL-LSTM (full),203,1302063.7099609375,28.390335128888577
homerule_N,nic,MTL-LSTM (full),204,1877621.6196289062,62.96040272894543
homerule_N,nic,MTL-LSTM (full),205,2209775.08203125,3.479220344908606
homerule_N,nic,MTL-LSTM (full),206,521843.67150878906,16.48577879096567
homerule_N,nic,MTL-LSTM (full),207,14123.0830078125,1.1972726885068314
homerule_N,nic,MTL-LSTM (full),209,775509.5932617188,12.809326845746732
homerule_N,nic,MTL-LSTM (full),211,79906.5595703125,4.661012039537315
homerule_N,nic,MTL-LSTM (full),212,1650426.41796875,20.01565397216773
homerule_N,nic,MTL-LSTM (full),213,1042.89306640625,0.1279550305403181
homerule_N,nic,MTL-LSTM (full),214,10924.251953125,1.6159063359374382
homerule_N,nic,MTL-LSTM (full),216,3831.248779296875,0.45513476391939345
homerule_N,nic,MTL-LSTM (full),217,2109.28076171875,0.32886889381909157
homerule_N,nic,MTL-LSTM (full),218,178470.1552734375,4.26731059142951
homerule_N,nic,MTL-LSTM (full),221,149293.71229553223,64.76384657786404
homerule_N,nic,MTL-LSTM (full),222,512736.26953125,4.225647587842421
homerule_N,nic,MTL-LSTM (full),223,6978910.8642578125,26.92506136788329
homerule_N,nic,MTL-LSTM (full),226,1318422.1401367188,9.049158649507936
homerule_N,nic,MTL-LSTM (full),227,71784.84033203125,2.6391762722142795
homerule_N,nic,MTL-LSTM (full),228,370538.4482421875,15.714526749740312
homerule_N,nic,MTL-LSTM (full),230,42424.232421875,0.849023249053542
homerule_N,nic,MTL-LSTM (full),231,108942.712890625,5.669650597152589
homerule_N,nic,MTL-LSTM (full),232,2285647.7880859375,13.527238082006502
homerule_N,nic,MTL-LSTM (full),233,3123.1689453125,0.5105957223769181
homerule_N,nic,MTL-LSTM (full),234,226427.5849609375,33.99526682653097
homerule_N,nic,MTL-LSTM (full),237,21536.1435546875,0.5270498896029217
homerule_N,nic,MTL-LSTM (full),241,99533.0869140625,6.176154516981361
homerule_N,nic,MTL-LSTM (full),245,4833.85546875,0.3563037363822425
homerule_N,nic,MTL-LSTM (full),246,22954.1875,0.43764433364852795
homerule_N,nic,MTL-LSTM (full),248,192633.53271484375,8.003529666082807
homerule_N,nic,MTL-LSTM (full),249,80210.560546875,13.183512185208441
homerule_N,nic,MTL-LSTM (full),250,31362.36018371582,0.49794321874892955
homerule_N,nic,MTL-LSTM (full),251,44954.14111328125,0.6984023611756143
homerule_N,nic,MTL-LSTM (full),252,198229.70776367188,6.00174451398097
homerule_N,nic,MTL-LSTM (full),253,4374.5771484375,200.0
homerule_N,nic,MTL-LSTM (full),254,221567.97583007812,7.1686542399499675
homerule_N,nic,MTL-LSTM (full),255,1285291.396484375,31.44715131582346
homerule_N,nic,MTL-LSTM (full),256,519692.21484375,6.562322310097285
homerule_N,nic,MTL-LSTM (full),257,5332866.7666015625,18.09368493237413
homerule_N,nic,MTL-LSTM (full),258,228236.8837890625,2.248466336973601
homerule_N,nic,MTL-LSTM (full),259,5514770.5693359375,15.243852388509186
homerule_N,nic,MTL-LSTM (full),262,403105.837890625,2.0124703433108175
homerule_N,nic,MTL-LSTM (full),264,481614.18994140625,116.4596684634774
homerule_N,nic,MTL-LSTM (full),266,34792.58752441406,4.569774746099156
homerule_N,nic,MTL-LSTM (full),269,3505407.2504882812,5.835503156323144
homerule_N,nic,MTL-LSTM (full),270,3404888.9970703125,1.2557469040600078
homerule_N,nic,MTL-LSTM (full),271,1090981.1369628906,12.48062618717206
homerule_N,nic,MTL-LSTM (full),272,530027.2336425781,5.99267676731265
homerule_N,nic,MTL-LSTM (full),273,312216.2734375,4.961419588364931
homerule_N,nic,MTL-LSTM (full),274,131111.0458984375,2.5345819298394474
homerule_N,total_assets_GA,ARIMA,2,441403.0,8.091837886061134
homerule_N,total_assets_GA,ARIMA,3,665986.9052757956,2.4574227237058586
homerule_N,total_assets_GA,ARIMA,5,934085.0843735258,36.08220429031785
homerule_N,total_assets_GA,ARIMA,6,13851439.410404906,34.782467723950745
homerule_N,total_assets_GA,ARIMA,7,1164789.5484516826,11.023595927471995
homerule_N,total_assets_GA,ARIMA,8,275819.7396387169,7.3969689081158725
homerule_N,total_assets_GA,ARIMA,9,1714019.674475763,10.597097490345705
homerule_N,total_assets_GA,ARIMA,10,139468.05901294015,1.1381520481045768
homerule_N,total_assets_GA,ARIMA,11,301618.0,8.138651023544284
homerule_N,total_assets_GA,ARIMA,14,420662.99659642996,12.79419220862482
homerule_N,total_assets_GA,ARIMA,15,286209.0,3.4768112666522875
homerule_N,total_assets_GA,ARIMA,16,129960.26692078635,0.5289573916040996
homerule_N,total_assets_GA,ARIMA,17,16046.0,0.2043701277255984
homerule_N,total_assets_GA,ARIMA,18,1204004.0561945941,10.488885470308954
homerule_N,total_assets_GA,ARIMA,19,517572.4174258332,35.042918649281646
homerule_N,total_assets_GA,ARIMA,21,2908315.0532936435,18.893935514202727
homerule_N,total_assets_GA,ARIMA,22,1512101.0,10.343377539084257
homerule_N,total_assets_GA,ARIMA,24,7441831.7824571505,14.55956591223337
homerule_N,total_assets_GA,ARIMA,25,66589322.672403544,200.0
homerule_N,total_assets_GA,ARIMA,26,906744.6974346833,42.70509866925066
homerule_N,total_assets_GA,ARIMA,28,6450524.558498107,10.341830184216697
homerule_N,total_assets_GA,ARIMA,40,5206873.0,8.920862116215284
homerule_N,total_assets_GA,ARIMA,41,4304534.524448063,15.960656255612054
homerule_N,total_assets_GA,ARIMA,43,2448074.171202913,2.1374841526309796
homerule_N,total_assets_GA,ARIMA,46,2836508.6117638387,17.017288707501855
homerule_N,total_assets_GA,ARIMA,47,232654.1288263984,4.257722346229008
homerule_N,total_assets_GA,ARIMA,49,1000848.6478828602,7.265496568830036
homerule_N,total_assets_GA,ARIMA,50,392817.62205931544,1.9340061732038398
homerule_N,total_assets_GA,ARIMA,51,1854018.786137998,5.816292200905116
homerule_N,total_assets_GA,ARIMA,52,1200799.6912661046,10.886734219844667
homerule_N,total_assets_GA,ARIMA,53,259114.78673388064,2.7068144877820473
homerule_N,total_assets_GA,ARIMA,56,1450827.4804320447,7.419292614204911
homerule_N,total_assets_GA,ARIMA,64,1654803.2314721532,6.631143046041245
homerule_N,total_assets_GA,ARIMA,65,964124.6865737811,15.313188621319524
homerule_N,total_assets_GA,ARIMA,66,7112377.0,200.0
homerule_N,total_assets_GA,ARIMA,67,35184.01169983158,3.9121818068674687
homerule_N,total_assets_GA,ARIMA,68,1345452.514053747,1.3479434426740595
homerule_N,total_assets_GA,ARIMA,69,45014.134042377584,1.9933413502381967
homerule_N,total_assets_GA,ARIMA,70,457773.09887293354,1.7495311798318944
homerule_N,total_assets_GA,ARIMA,71,282019.9689662,4.0009551724059165
homerule_N,total_assets_GA,ARIMA,72,2724275.6106268633,26.111414311060333
homerule_N,total_assets_GA,ARIMA,75,48112.04236568074,15.098899458114953
homerule_N,total_assets_GA,ARIMA,77,123788.83694730652,9.223590860889917
homerule_N,total_assets_GA,ARIMA,78,2216084.645807095,8.056710208161652
homerule_N,total_assets_GA,ARIMA,79,1866259.972571224,21.596164352030495
homerule_N,total_assets_GA,ARIMA,80,78809.33850749815,2.3357332883090685
homerule_N,total_assets_GA,ARIMA,81,356768.2141677735,15.88579337986539
homerule_N,total_assets_GA,ARIMA,82,179153.34902437543,5.976124286825259
homerule_N,total_assets_GA,ARIMA,83,190503.29362778156,14.300850389186392
homerule_N,total_assets_GA,ARIMA,84,296846.2796634976,13.958089005893065
homerule_N,total_assets_GA,ARIMA,85,5890.204958808521,4.862990493337215
homerule_N,total_assets_GA,ARIMA,86,672894.948451139,1.1461167095979374
homerule_N,total_assets_GA,ARIMA,87,318545.44946640544,5.601650783757367
homerule_N,total_assets_GA,ARIMA,88,780381.9173213141,11.337846192744989
homerule_N,total_assets_GA,ARIMA,89,57929.0,5.118227982868262
homerule_N,total_assets_GA,ARIMA,90,516288.0272618765,12.534941174983306
homerule_N,total_assets_GA,ARIMA,93,16040.792140080594,0.5711354346088983
homerule_N,total_assets_GA,ARIMA,95,236629.41788890585,2.3554832858098247
homerule_N,total_assets_GA,ARIMA,96,1146986.6879468253,21.334688228761102
homerule_N,total_assets_GA,ARIMA,97,2831467.2448739223,8.563384149912551
homerule_N,total_assets_GA,ARIMA,101,175053.85817158548,11.560699766770696
homerule_N,total_assets_GA,ARIMA,103,78767.3218816293,6.18431099961244
homerule_N,total_assets_GA,ARIMA,105,9408548.0,200.0
homerule_N,total_assets_GA,ARIMA,107,15219.932540510956,3.8809029722680686
homerule_N,total_assets_GA,ARIMA,108,1460245.368749626,11.570812169133545
homerule_N,total_assets_GA,ARIMA,109,48220573.0,200.0
homerule_N,total_assets_GA,ARIMA,110,3129185.251474008,10.842574481528535
homerule_N,total_assets_GA,ARIMA,111,536066.0,11.867885956573312
homerule_N,total_assets_GA,ARIMA,115,1898395.3512993604,1.7250718349099277
homerule_N,total_assets_GA,ARIMA,118,383728.07274646685,3.190470842351921
homerule_N,total_assets_GA,ARIMA,119,3039825.7490335107,2.7447390741905933
homerule_N,total_assets_GA,ARIMA,120,8713421.100103527,5.491928134949888
homerule_N,total_assets_GA,ARIMA,121,1807451.0838319412,58.02121621704269
homerule_N,total_assets_GA,ARIMA,123,707503.1121758148,8.80271810863644
homerule_N,total_assets_GA,ARIMA,124,171046.77538127964,13.489540004776323
homerule_N,total_assets_GA,ARIMA,131,198437.1011627647,9.88160456244166
homerule_N,total_assets_GA,ARIMA,133,986653.7549097054,5.564586993994477
homerule_N,total_assets_GA,ARIMA,134,5204820.815916043,17.23704110914642
homerule_N,total_assets_GA,ARIMA,135,335413.2451857589,1.5553304077945558
homerule_N,total_assets_GA,ARIMA,136,7151189.914110199,7.876448655853993
homerule_N,total_assets_GA,ARIMA,139,3718.9942673477344,0.21128062293530114
homerule_N,total_assets_GA,ARIMA,140,708139.1716628224,7.822315655964476
homerule_N,total_assets_GA,ARIMA,141,23733.034195136453,7.997909136967967
homerule_N,total_assets_GA,ARIMA,142,214719.0,8.020170044682253
homerule_N,total_assets_GA,ARIMA,143,2428309.0,2.644255698110073
homerule_N,total_assets_GA,ARIMA,144,817084.4553811923,8.287635763215988
homerule_N,total_assets_GA,ARIMA,145,211503.65865452355,8.103979150841782
homerule_N,total_assets_GA,ARIMA,146,749826.4260603562,2.1342610130128303
homerule_N,total_assets_GA,ARIMA,147,539419.1386463651,7.101113274255336
homerule_N,total_assets_GA,ARIMA,148,155645.60012592515,6.837339815318525
homerule_N,total_assets_GA,ARIMA,149,5332013.2721577175,105.33527439541619
homerule_N,total_assets_GA,ARIMA,150,401904.6038190711,18.2328643623007
homerule_N,total_assets_GA,ARIMA,151,662948.9576243423,12.324419594827498
homerule_N,total_assets_GA,ARIMA,152,2013303.7285994254,10.176997514716437
homerule_N,total_assets_GA,ARIMA,153,694403.0275040846,20.088875666962203
homerule_N,total_assets_GA,ARIMA,154,233649.9082234637,12.837427081438205
homerule_N,total_assets_GA,ARIMA,155,180243.01083835773,2.838283767610256
homerule_N,total_assets_GA,ARIMA,156,156744.6342528239,1.8467655034796107
homerule_N,total_assets_GA,ARIMA,157,1412813.6600806438,34.021214466156394
homerule_N,total_assets_GA,ARIMA,161,6078855.0,7.582895331886852
homerule_N,total_assets_GA,ARIMA,162,1992304.7506778426,6.126108903375365
homerule_N,total_assets_GA,ARIMA,163,4840710.275659271,18.145449903899745
homerule_N,total_assets_GA,ARIMA,164,17669097.595124125,15.349660205451023
homerule_N,total_assets_GA,ARIMA,165,1238374.9491991028,4.144587759720652
homerule_N,total_assets_GA,ARIMA,166,69916.89579934266,9.723001822952943
homerule_N,total_assets_GA,ARIMA,168,1670856.4752523843,32.50864779063882
homerule_N,total_assets_GA,ARIMA,169,221792.38436606247,3.3631823351586556
homerule_N,total_assets_GA,ARIMA,170,2276965.0,200.0
homerule_N,total_assets_GA,ARIMA,171,41084.0,1.1137814321867219
homerule_N,total_assets_GA,ARIMA,172,330714.70555795357,1.9504192827943978
homerule_N,total_assets_GA,ARIMA,173,23596.288787127472,1.1414292332634401
homerule_N,total_assets_GA,ARIMA,174,214184.4496501824,7.878488542158986
homerule_N,total_assets_GA,ARIMA,175,6421117.648910701,26.325933368429567
homerule_N,total_assets_GA,ARIMA,176,3885431.0,200.0
homerule_N,total_assets_GA,ARIMA,177,23222.05024974537,1.316482293344464
homerule_N,total_assets_GA,ARIMA,178,571264.2557754219,0.8239605806925568
homerule_N,total_assets_GA,ARIMA,180,1618723.2396014556,3.8014813424079876
homerule_N,total_assets_GA,ARIMA,181,4298982.448879413,21.563117705837506
homerule_N,total_assets_GA,ARIMA,185,112499.1392765725,2.0261333194343965
homerule_N,total_assets_GA,ARIMA,186,1316601.7111042775,8.538433754187741
homerule_N,total_assets_GA,ARIMA,187,23305.36563664768,0.45315837407862514
homerule_N,total_assets_GA,ARIMA,188,10101191.0,200.0
homerule_N,total_assets_GA,ARIMA,189,3943336.782344617,20.77081567601884
homerule_N,total_assets_GA,ARIMA,190,159375.31516770367,3.2164013871250043
homerule_N,total_assets_GA,ARIMA,192,2804909.9122033715,6.8260111872957925
homerule_N,total_assets_GA,ARIMA,193,3691479.795738511,11.969540501087073
homerule_N,total_assets_GA,ARIMA,194,48955.82034230791,4.1680351934781905
homerule_N,total_assets_GA,ARIMA,195,272294.744067844,1.7552739655778478
homerule_N,total_assets_GA,ARIMA,196,6543268.6040818915,12.626875673458423
homerule_N,total_assets_GA,ARIMA,197,2955442.0,200.0
homerule_N,total_assets_GA,ARIMA,198,31400.90810829727,3.8954957957921152
homerule_N,total_assets_GA,ARIMA,200,59013.612806078396,7.722325814257679
homerule_N,total_assets_GA,ARIMA,201,150074.0,0.5505164324243225
homerule_N,total_assets_GA,ARIMA,202,539195.9725347292,3.7405136172042726
homerule_N,total_assets_GA,ARIMA,203,47307.59960735589,0.3528952891709157
homerule_N,total_assets_GA,ARIMA,204,1217186.1861552307,17.244830809125073
homerule_N,total_assets_GA,ARIMA,205,5569855.8546004,6.165310680279425
homerule_N,total_assets_GA,ARIMA,206,996176.6953409817,7.0603606898660365
homerule_N,total_assets_GA,ARIMA,207,4097257.7582739606,196.23820686309392
homerule_N,total_assets_GA,ARIMA,209,988175.1441710182,5.6291808314062335
homerule_N,total_assets_GA,ARIMA,211,897027.6993959844,8.121962277850473
homerule_N,total_assets_GA,ARIMA,212,6047568.0329169445,18.86728737452837
homerule_N,total_assets_GA,ARIMA,213,244752.28056411352,7.632951523689909
homerule_N,total_assets_GA,ARIMA,214,386132.85564014944,23.661716996053332
homerule_N,total_assets_GA,ARIMA,216,103212.89978341991,5.837779051168847
homerule_N,total_assets_GA,ARIMA,217,105595.39273921028,3.352257361642174
homerule_N,total_assets_GA,ARIMA,218,447218.4783249572,3.043360553250373
homerule_N,total_assets_GA,ARIMA,221,72379.85555417056,8.639069169366092
homerule_N,total_assets_GA,ARIMA,222,320913.64715209603,1.1391688047928343
homerule_N,total_assets_GA,ARIMA,223,737236.3263397962,1.0182857653058845
homerule_N,total_assets_GA,ARIMA,226,1712552.2813800834,5.837443130017396
homerule_N,total_assets_GA,ARIMA,227,173635.6548435511,2.2149382090371597
homerule_N,total_assets_GA,ARIMA,228,1974279.8024671087,24.705555986022553
homerule_N,total_assets_GA,ARIMA,230,75522968.49942718,158.95056697473356
homerule_N,total_assets_GA,ARIMA,231,90173.24244007515,2.5399823111554407
homerule_N,total_assets_GA,ARIMA,232,2662892.2882038765,10.841891685029017
homerule_N,total_assets_GA,ARIMA,233,73097.94695674581,5.868799231916153
homerule_N,total_assets_GA,ARIMA,234,96717.59998561209,3.8453149481476103
homerule_N,total_assets_GA,ARIMA,237,115393.70365693048,1.5051513273137427
homerule_N,total_assets_GA,ARIMA,241,424811.9102057265,20.162411032918286
homerule_N,total_assets_GA,ARIMA,245,112056.0,2.0327467859195965
homerule_N,total_assets_GA,ARIMA,246,364841.425947519,2.6626929680765743
homerule_N,total_assets_GA,ARIMA,248,260661.60024840944,2.7562975105944645
homerule_N,total_assets_GA,ARIMA,249,275725.26269359933,11.047921759768679
homerule_N,total_assets_GA,ARIMA,250,464702.62863012403,3.9706384711961493
homerule_N,total_assets_GA,ARIMA,251,35777.39479987696,0.34894012067467556
homerule_N,total_assets_GA,ARIMA,252,108460082.00892216,179.00199580792486
homerule_N,total_assets_GA,ARIMA,253,318177.9248015651,34.48529795061204
homerule_N,total_assets_GA,ARIMA,254,37644.70790770091,0.4105504970197937
homerule_N,total_assets_GA,ARIMA,255,562040.0,4.040612890032482
homerule_N,total_assets_GA,ARIMA,256,1922652.8341194727,7.313797029196392
homerule_N,total_assets_GA,ARIMA,257,35837916.925882995,21.291329704798216
homerule_N,total_assets_GA,ARIMA,258,1287012.9614556804,5.969582847966589
homerule_N,total_assets_GA,ARIMA,259,1290844.0,1.8205207668390386
homerule_N,total_assets_GA,ARIMA,262,8343378.604650214,26.026381205600114
homerule_N,total_assets_GA,ARIMA,264,602708.7260382869,40.422316974107545
homerule_N,total_assets_GA,ARIMA,266,45972.0,3.6259209335965568
homerule_N,total_assets_GA,ARIMA,269,3362941.5770643204,3.533499936696511
homerule_N,total_assets_GA,ARIMA,270,111767653.21596503,15.970289316813139
homerule_N,total_assets_GA,ARIMA,271,1591700.0016947575,6.421657918800151
homerule_N,total_assets_GA,ARIMA,272,3370077.318119403,23.09656559808487
homerule_N,total_assets_GA,ARIMA,273,413202.91520711407,3.300989381567052
homerule_N,total_assets_GA,ARIMA,274,300123.3560654521,3.3519794333119592
homerule_N,total_assets_GA,STL-LSTM (full),2,441451.36487579346,8.092688639072461
homerule_N,total_assets_GA,STL-LSTM (full),3,673957.2172851562,2.549868347333556
homerule_N,total_assets_GA,STL-LSTM (full),5,483572.5910644531,17.184370075109634
homerule_N,total_assets_GA,STL-LSTM (full),6,1409083.9985351562,4.1934687405685915
homerule_N,total_assets_GA,STL-LSTM (full),7,1159833.0029296875,10.974113147101123
homerule_N,total_assets_GA,STL-LSTM (full),8,271951.060546875,7.28943675761218
homerule_N,total_assets_GA,STL-LSTM (full),9,487292.9189453125,3.131488741301706
homerule_N,total_assets_GA,STL-LSTM (full),10,134633.7138671875,1.098483894927573
homerule_N,total_assets_GA,STL-LSTM (full),11,295985.0546875,7.980590463270854
homerule_N,total_assets_GA,STL-LSTM (full),14,417231.71826171875,12.683213995799056
homerule_N,total_assets_GA,STL-LSTM (full),15,281338.11962890625,3.416629940615344
homerule_N,total_assets_GA,STL-LSTM (full),16,1445206.6342773438,6.077006799260816
homerule_N,total_assets_GA,STL-LSTM (full),17,20979.8046875,0.26712567741263227
homerule_N,total_assets_GA,STL-LSTM (full),18,205277.80743408203,1.7137589969262055
homerule_N,total_assets_GA,STL-LSTM (full),19,34318.1982421875,2.778036450577767
homerule_N,total_assets_GA,STL-LSTM (full),21,1144962.8837890625,7.035307294834274
homerule_N,total_assets_GA,STL-LSTM (full),22,1508273.435546875,10.315845011273355
homerule_N,total_assets_GA,STL-LSTM (full),24,466106.68701171875,0.9883719432329254
homerule_N,total_assets_GA,STL-LSTM (full),25,66585473.521484375,199.97703379275126
homerule_N,total_assets_GA,STL-LSTM (full),26,156072.20703125,8.928952568483075
homerule_N,total_assets_GA,STL-LSTM (full),28,6289955.138671875,10.097393638904453
homerule_N,total_assets_GA,STL-LSTM (full),40,5202399.76953125,8.912856656283996
homerule_N,total_assets_GA,STL-LSTM (full),41,74026.80224609375,0.25451959669616514
homerule_N,total_assets_GA,STL-LSTM (full),43,2446946.0854492188,2.13648866660518
homerule_N,total_assets_GA,STL-LSTM (full),46,470425.48876953125,3.0378740924636407
homerule_N,total_assets_GA,STL-LSTM (full),47,160960.96215820312,2.965142426644613
homerule_N,total_assets_GA,STL-LSTM (full),49,290460.724609375,2.0555501877648976
homerule_N,total_assets_GA,STL-LSTM (full),50,388120.4580078125,1.9106591307500636
homerule_N,total_assets_GA,STL-LSTM (full),51,3652630.2666015625,11.791428711273088
homerule_N,total_assets_GA,STL-LSTM (full),52,86657.3046875,0.8343499232234595
homerule_N,total_assets_GA,STL-LSTM (full),53,565352.4916992188,6.0018961221124005
homerule_N,total_assets_GA,STL-LSTM (full),56,1446568.4541015625,7.396707155628218
homerule_N,total_assets_GA,STL-LSTM (full),64,1650039.8256835938,6.611424088503738
homerule_N,total_assets_GA,STL-LSTM (full),65,542162.9816894531,9.781219674258015
homerule_N,total_assets_GA,STL-LSTM (full),66,659532.1318359375,9.723867965385509
homerule_N,total_assets_GA,STL-LSTM (full),67,39196.78271484375,4.3486683540604485
homerule_N,total_assets_GA,STL-LSTM (full),68,576510.1342773438,0.5831922110570523
homerule_N,total_assets_GA,STL-LSTM (full),69,49783.41455078125,2.2022118365041843
homerule_N,total_assets_GA,STL-LSTM (full),70,1496720.1923828125,5.8360768008944275
homerule_N,total_assets_GA,STL-LSTM (full),71,281626.0383300781,3.995254925700524
homerule_N,total_assets_GA,STL-LSTM (full),72,46011.865234375,0.5059505395428541
homerule_N,total_assets_GA,STL-LSTM (full),75,14587.365600585938,5.077463485355396
homerule_N,total_assets_GA,STL-LSTM (full),77,73999.36962890625,5.617952340836403
homerule_N,total_assets_GA,STL-LSTM (full),78,2210997.6005859375,8.037472710949226
homerule_N,total_assets_GA,STL-LSTM (full),79,1861277.4482421875,21.532299638194605
homerule_N,total_assets_GA,STL-LSTM (full),80,229592.84765625,7.130497047003792
homerule_N,total_assets_GA,STL-LSTM (full),81,114828.7021484375,4.851640280061269
homerule_N,total_assets_GA,STL-LSTM (full),82,174067.67041015625,5.801557240928159
homerule_N,total_assets_GA,STL-LSTM (full),83,28651.0498046875,2.289912186038417
homerule_N,total_assets_GA,STL-LSTM (full),84,156836.419921875,8.255174984552397
homerule_N,total_assets_GA,STL-LSTM (full),85,20598.647674560547,19.094271831339864
homerule_N,total_assets_GA,STL-LSTM (full),86,672108.6315917969,1.1447697396312213
homerule_N,total_assets_GA,STL-LSTM (full),87,129410.67333984375,2.18946268294983
homerule_N,total_assets_GA,STL-LSTM (full),88,775343.705078125,11.260526844353759
homerule_N,total_assets_GA,STL-LSTM (full),89,61005.084228515625,5.382696070353312
homerule_N,total_assets_GA,STL-LSTM (full),90,824382.7421875,20.792838562803155
homerule_N,total_assets_GA,STL-LSTM (full),93,95233.16984558105,3.4593229892500363
homerule_N,total_assets_GA,STL-LSTM (full),95,241362.953125,2.402036468171613
homerule_N,total_assets_GA,STL-LSTM (full),96,1142017.8359375,21.23245247026534
homerule_N,total_assets_GA,STL-LSTM (full),97,2826373.9887695312,8.547321987210104
homerule_N,total_assets_GA,STL-LSTM (full),101,169584.994140625,11.179343400232188
homerule_N,total_assets_GA,STL-LSTM (full),103,83430.06787109375,6.5384320198935795
homerule_N,total_assets_GA,STL-LSTM (full),105,305446.54248046875,3.300046742797355
homerule_N,total_assets_GA,STL-LSTM (full),107,8108.77880859375,2.007921718719663
homerule_N,total_assets_GA,STL-LSTM (full),108,340644.3771972656,2.8245155572747085
homerule_N,total_assets_GA,STL-LSTM (full),109,2221521.2426757812,4.715623201424584
homerule_N,total_assets_GA,STL-LSTM (full),110,3124302.4462890625,10.824739933234998
homerule_N,total_assets_GA,STL-LSTM (full),111,541493.37109375,11.98084388577654
homerule_N,total_assets_GA,STL-LSTM (full),115,9050102.409667969,8.654333441453886
homerule_N,total_assets_GA,STL-LSTM (full),118,410137.0537109375,3.413793740401469
homerule_N,total_assets_GA,STL-LSTM (full),119,1117694.5148925781,1.0180301171454451
homerule_N,total_assets_GA,STL-LSTM (full),120,7622082.481933594,5.064811673533686
homerule_N,total_assets_GA,STL-LSTM (full),121,334888.9211425781,8.695169132716716
homerule_N,total_assets_GA,STL-LSTM (full),123,751163.0556640625,10.278651196273394
homerule_N,total_assets_GA,STL-LSTM (full),124,165812.91650390625,13.049841006274733
homerule_N,total_assets_GA,STL-LSTM (full),131,201850.13208007812,10.043029288592631
homerule_N,total_assets_GA,STL-LSTM (full),133,2772196.3413085938,16.46376084888971
homerule_N,total_assets_GA,STL-LSTM (full),134,998722.7426757812,3.6861689226534597
homerule_N,total_assets_GA,STL-LSTM (full),135,757288.00390625,3.5462749333137706
homerule_N,total_assets_GA,STL-LSTM (full),136,3004374.4272460938,3.2351901424855867
homerule_N,total_assets_GA,STL-LSTM (full),139,46503.76953125,2.6801717039884
homerule_N,total_assets_GA,STL-LSTM (full),140,365981.7181215286,3.967760578669307
homerule_N,total_assets_GA,STL-LSTM (full),141,19767.258544921875,6.617245412295272
homerule_N,total_assets_GA,STL-LSTM (full),142,209693.1337890625,7.825099352481734
homerule_N,total_assets_GA,STL-LSTM (full),143,2424129.9765625,2.639644978350863
homerule_N,total_assets_GA,STL-LSTM (full),144,811800.4453125,8.231834443091001
homerule_N,total_assets_GA,STL-LSTM (full),145,206541.79833984375,7.906344672445753
homerule_N,total_assets_GA,STL-LSTM (full),146,995891.28515625,2.824753221236827
homerule_N,total_assets_GA,STL-LSTM (full),147,543454.6960449219,7.152338985619977
homerule_N,total_assets_GA,STL-LSTM (full),148,161188.90966796875,7.072240440343851
homerule_N,total_assets_GA,STL-LSTM (full),149,24267.058349609375,1.007738269216828
homerule_N,total_assets_GA,STL-LSTM (full),150,396427.32421875,17.962064930239418
homerule_N,total_assets_GA,STL-LSTM (full),151,657585.5263671875,12.218620343735987
homerule_N,total_assets_GA,STL-LSTM (full),152,2008931.7939453125,10.1537759631196
homerule_N,total_assets_GA,STL-LSTM (full),153,178285.85400390625,5.573878604010283
homerule_N,total_assets_GA,STL-LSTM (full),154,228857.36572265625,12.557577318274726
homerule_N,total_assets_GA,STL-LSTM (full),155,59696.7880859375,0.9312060929934852
homerule_N,total_assets_GA,STL-LSTM (full),156,439522.0703125,5.3669702611431145
homerule_N,total_assets_GA,STL-LSTM (full),157,132710.453125,2.7689575581350647
homerule_N,total_assets_GA,STL-LSTM (full),161,6073971.326660156,7.5765725496387475
homerule_N,total_assets_GA,STL-LSTM (full),162,1987535.8735351562,6.1109971017056175
homerule_N,total_assets_GA,STL-LSTM (full),163,4704575.1201171875,17.590264031952984
homerule_N,total_assets_GA,STL-LSTM (full),164,435139.51806640625,0.40860589059182606
homerule_N,total_assets_GA,STL-LSTM (full),165,1242261.552734375,4.157325041600533
homerule_N,total_assets_GA,STL-LSTM (full),166,65138.39599609375,9.028481001100491
homerule_N,total_assets_GA,STL-LSTM (full),168,184932.4453125,4.39078109870991
homerule_N,total_assets_GA,STL-LSTM (full),169,148679.57690429688,2.2420966493194157
homerule_N,total_assets_GA,STL-LSTM (full),170,133036.31176757812,6.018525716720829
homerule_N,total_assets_GA,STL-LSTM (full),171,41091.85880422592,1.1139932965710038
homerule_N,total_assets_GA,STL-LSTM (full),172,326214.09765625,1.9236212580300092
homerule_N,total_assets_GA,STL-LSTM (full),173,27983.7158203125,1.3522284035431469
homerule_N,total_assets_GA,STL-LSTM (full),174,214199.7804365158,7.879030248820626
homerule_N,total_assets_GA,STL-LSTM (full),175,1018143.8483886719,3.7580517082835683
homerule_N,total_assets_GA,STL-LSTM (full),176,227434.99072265625,5.687085412968823
homerule_N,total_assets_GA,STL-LSTM (full),177,88297.4013671875,5.169070242035105
homerule_N,total_assets_GA,STL-LSTM (full),178,575827.7377929688,0.8305153669048987
homerule_N,total_assets_GA,STL-LSTM (full),180,1516404.6411132812,3.6973019433066376
homerule_N,total_assets_GA,STL-LSTM (full),181,6554573.677734375,34.848176325392274
homerule_N,total_assets_GA,STL-LSTM (full),185,206847.87109375,3.693989075513546
homerule_N,total_assets_GA,STL-LSTM (full),186,266197.3601074219,1.8197409973211403
homerule_N,total_assets_GA,STL-LSTM (full),187,348292.4892578125,6.993290400180675
homerule_N,total_assets_GA,STL-LSTM (full),188,812046.54296875,8.37578642997936
homerule_N,total_assets_GA,STL-LSTM (full),189,3938447.248046875,20.742389861147892
homerule_N,total_assets_GA,STL-LSTM (full),190,163085.69995117188,3.2900499822178513
homerule_N,total_assets_GA,STL-LSTM (full),192,2799813.9047851562,6.813187103068237
homerule_N,total_assets_GA,STL-LSTM (full),193,371698.53857421875,1.1436700496006902
homerule_N,total_assets_GA,STL-LSTM (full),194,29078.96484375,2.5608128310809137
homerule_N,total_assets_GA,STL-LSTM (full),195,883428.5395507812,5.915121589236967
homerule_N,total_assets_GA,STL-LSTM (full),196,2536910.6005859375,5.365706888365334
homerule_N,total_assets_GA,STL-LSTM (full),197,188063.3623046875,6.167076091426425
homerule_N,total_assets_GA,STL-LSTM (full),198,34582.72705078125,4.281771395782087
homerule_N,total_assets_GA,STL-LSTM (full),200,62248.84716796875,8.12847183604643
homerule_N,total_assets_GA,STL-LSTM (full),201,146846.58081054688,0.5386454055844928
homerule_N,total_assets_GA,STL-LSTM (full),202,256173.74365234375,1.8275488880907818
homerule_N,total_assets_GA,STL-LSTM (full),203,1267549.5532226562,9.943020139348045
homerule_N,total_assets_GA,STL-LSTM (full),204,1212984.4594726562,17.180188043198168
homerule_N,total_assets_GA,STL-LSTM (full),205,1419028.4624023438,1.535458175047443
homerule_N,total_assets_GA,STL-LSTM (full),206,866561.2272949219,6.1136351998233485
homerule_N,total_assets_GA,STL-LSTM (full),207,137188.98876953125,3.26242472908879
homerule_N,total_assets_GA,STL-LSTM (full),209,1601905.0502929688,9.852135423293362
homerule_N,total_assets_GA,STL-LSTM (full),211,892324.0083007812,8.077653542675309
homerule_N,total_assets_GA,STL-LSTM (full),212,6043281.0712890625,18.85265212551739
homerule_N,total_assets_GA,STL-LSTM (full),213,360529.6474609375,12.415440769656135
homerule_N,total_assets_GA,STL-LSTM (full),214,381893.93359375,23.37160686077707
homerule_N,total_assets_GA,STL-LSTM (full),216,99747.71044921875,5.636262672802609
homerule_N,total_assets_GA,STL-LSTM (full),217,109097.27978515625,3.4615050226476494
homerule_N,total_assets_GA,STL-LSTM (full),218,947186.7124023438,6.557237103234172
homerule_N,total_assets_GA,STL-LSTM (full),221,66893.3447265625,7.9581564561751845
homerule_N,total_assets_GA,STL-LSTM (full),222,3870122.794921875,14.84207897987816
homerule_N,total_assets_GA,STL-LSTM (full),223,733494.07421875,1.013090708088588
homerule_N,total_assets_GA,STL-LSTM (full),226,1858794.898803711,6.351760222340369
homerule_N,total_assets_GA,STL-LSTM (full),227,169034.14453125,2.155607586881981
homerule_N,total_assets_GA,STL-LSTM (full),228,1969673.3422851562,24.64081013973686
homerule_N,total_assets_GA,STL-LSTM (full),230,487921.8779296875,4.88118543870252
homerule_N,total_assets_GA,STL-LSTM (full),231,85166.5595703125,2.3972646458734856
homerule_N,total_assets_GA,STL-LSTM (full),232,2657404.5009765625,10.818339721404964
homerule_N,total_assets_GA,STL-LSTM (full),233,115433.65502929688,9.112923135711716
homerule_N,total_assets_GA,STL-LSTM (full),234,408378.3232421875,17.308743973693417
homerule_N,total_assets_GA,STL-LSTM (full),237,528366.2578125,7.193839195526687
homerule_N,total_assets_GA,STL-LSTM (full),241,429006.34130859375,20.34123974455733
homerule_N,total_assets_GA,STL-LSTM (full),245,106819.6181640625,1.936836534835959
homerule_N,total_assets_GA,STL-LSTM (full),246,361423.4226074219,2.637418671431995
homerule_N,total_assets_GA,STL-LSTM (full),248,409422.79541015625,4.363654560256612
homerule_N,total_assets_GA,STL-LSTM (full),249,92031.2041015625,3.828454375598171
homerule_N,total_assets_GA,STL-LSTM (full),250,1903061.6478271484,17.325297532273364
homerule_N,total_assets_GA,STL-LSTM (full),251,40641.0615234375,0.3962819060791984
homerule_N,total_assets_GA,STL-LSTM (full),252,227704.49731445312,3.51647612751231
homerule_N,total_assets_GA,STL-LSTM (full),253,176887.6015625,17.808196180304723
homerule_N,total_assets_GA,STL-LSTM (full),254,472108.92529296875,5.2737270456381715
homerule_N,total_assets_GA,STL-LSTM (full),255,557845.6875,4.009854616465612
homerule_N,total_assets_GA,STL-LSTM (full),256,2132580.01953125,8.144883972419455
homerule_N,total_assets_GA,STL-LSTM (full),257,8070125.137939453,5.225487328035496
homerule_N,total_assets_GA,STL-LSTM (full),258,1283586.421875,5.953216363636121
homerule_N,total_assets_GA,STL-LSTM (full),259,1285713.2192382812,1.8132190506451276
homerule_N,total_assets_GA,STL-LSTM (full),262,445335.4833984375,1.5843519326604505
homerule_N,total_assets_GA,STL-LSTM (full),264,597302.1474609375,39.9872117000626
homerule_N,total_assets_GA,STL-LSTM (full),266,42831.651123046875,3.3740556069479144
homerule_N,total_assets_GA,STL-LSTM (full),269,3255233.6650390625,3.418395092820164
homerule_N,total_assets_GA,STL-LSTM (full),270,21701959.552246094,3.314214646784588
homerule_N,total_assets_GA,STL-LSTM (full),271,1586336.10546875,6.399325045892698
homerule_N,total_assets_GA,STL-LSTM (full),272,268519.27014160156,2.102413981179687
homerule_N,total_assets_GA,STL-LSTM (full),273,806677.5375976562,6.5472767006412385
homerule_N,total_assets_GA,STL-LSTM (full),274,305158.5771484375,3.407258102531182
homerule_N,total_assets_GA,MTL-LSTM (full),2,448533.0966796875,8.217177116154318
homerule_N,total_assets_GA,MTL-LSTM (full),3,671289.2001953125,2.5396459186998657
homerule_N,total_assets_GA,MTL-LSTM (full),5,485730.4323730469,17.267672291850054
homerule_N,total_assets_GA,MTL-LSTM (full),6,1414183.7563476562,4.208326396670352
homerule_N,total_assets_GA,MTL-LSTM (full),7,1156501.392578125,10.9408656541752
homerule_N,total_assets_GA,MTL-LSTM (full),8,270870.25244140625,7.259415002301905
homerule_N,total_assets_GA,MTL-LSTM (full),9,489869.94677734375,3.1477888374000313
homerule_N,total_assets_GA,MTL-LSTM (full),10,137912.7744140625,1.1253884741492746
homerule_N,total_assets_GA,MTL-LSTM (full),11,294660.23681640625,7.943450910347498
homerule_N,total_assets_GA,MTL-LSTM (full),14,416390.18896484375,12.656013994967635
homerule_N,total_assets_GA,MTL-LSTM (full),15,278383.7216796875,3.3801447254743384
homerule_N,total_assets_GA,MTL-LSTM (full),16,1444380.8950195312,6.073429175133915
homerule_N,total_assets_GA,MTL-LSTM (full),17,24166.1904296875,0.3076339769643501
homerule_N,total_assets_GA,MTL-LSTM (full),18,200344.1552734375,1.6722260859828808
homerule_N,total_assets_GA,MTL-LSTM (full),19,37248.66259765625,3.0116835410581273
homerule_N,total_assets_GA,MTL-LSTM (full),21,1140325.6118164062,7.005815121277157
homerule_N,total_assets_GA,MTL-LSTM (full),22,1505466.1147460938,10.295655905849186
homerule_N,total_assets_GA,MTL-LSTM (full),24,462862.3955078125,0.9814587142403703
homerule_N,total_assets_GA,MTL-LSTM (full),25,66581081.09667969,199.9506533925239
homerule_N,total_assets_GA,MTL-LSTM (full),26,158342.2490234375,9.05294403774015
homerule_N,total_assets_GA,MTL-LSTM (full),28,6293002.4423828125,10.102038447123485
homerule_N,total_assets_GA,MTL-LSTM (full),40,5198517.1279296875,8.905908633535725
homerule_N,total_assets_GA,MTL-LSTM (full),41,69897.0029296875,0.24030342421520962
homerule_N,total_assets_GA,MTL-LSTM (full),43,2443255.9345703125,2.1332323393696133
homerule_N,total_assets_GA,MTL-LSTM (full),46,473962.23291015625,3.0603638981696215
homerule_N,total_assets_GA,MTL-LSTM (full),47,164428.1669921875,3.028046518294849
homerule_N,total_assets_GA,MTL-LSTM (full),49,287101.76318359375,2.0315378270454145
homerule_N,total_assets_GA,MTL-LSTM (full),50,384952.60009765625,1.894916483620619
homerule_N,total_assets_GA,MTL-LSTM (full),51,3649608.03125,11.781097620042736
homerule_N,total_assets_GA,MTL-LSTM (full),52,83684.21240234375,0.8056092267831768
homerule_N,total_assets_GA,MTL-LSTM (full),53,563452.1743164062,5.9811186493460475
homerule_N,total_assets_GA,MTL-LSTM (full),56,1442990.8032226562,7.377738806613212
homerule_N,total_assets_GA,MTL-LSTM (full),64,1646409.767578125,6.5963993501254485
homerule_N,total_assets_GA,MTL-LSTM (full),65,541289.908203125,9.76469943397386
homerule_N,total_assets_GA,MTL-LSTM (full),66,656293.361328125,9.673807203414125
homerule_N,total_assets_GA,MTL-LSTM (full),67,41113.02490234375,4.556421531083943
homerule_N,total_assets_GA,MTL-LSTM (full),68,573321.154296875,0.5799569144676119
homerule_N,total_assets_GA,MTL-LSTM (full),69,52168.9716796875,2.3065219888250463
homerule_N,total_assets_GA,MTL-LSTM (full),70,1493759.73828125,5.824197109820197
homerule_N,total_assets_GA,MTL-LSTM (full),71,279846.0090332031,3.9695015550212496
homerule_N,total_assets_GA,MTL-LSTM (full),72,47049.7841796875,0.5173340662681417
homerule_N,total_assets_GA,MTL-LSTM (full),75,14697.435302734375,5.11675591424762
homerule_N,total_assets_GA,MTL-LSTM (full),77,75568.3583984375,5.733653428755341
homerule_N,total_assets_GA,MTL-LSTM (full),78,2207921.6220703125,8.025842118680512
homerule_N,total_assets_GA,MTL-LSTM (full),79,1858342.2788085938,21.494694619579533
homerule_N,total_assets_GA,MTL-LSTM (full),80,228223.99609375,7.08647810984632
homerule_N,total_assets_GA,MTL-LSTM (full),81,112382.5361328125,4.745834560648669
homerule_N,total_assets_GA,MTL-LSTM (full),82,170792.638671875,5.689297592698959
homerule_N,total_assets_GA,MTL-LSTM (full),83,31289.49462890625,2.4981537751449916
homerule_N,total_assets_GA,MTL-LSTM (full),84,153419.8271484375,8.068086068916486
homerule_N,total_assets_GA,MTL-LSTM (full),85,20417.77601623535,18.91075664100161
homerule_N,total_assets_GA,MTL-LSTM (full),86,664926.703125,1.1324678470672411
homerule_N,total_assets_GA,MTL-LSTM (full),87,132619.2060546875,2.243138107548342
homerule_N,total_assets_GA,MTL-LSTM (full),88,772570.1396484375,11.217986229503206
homerule_N,total_assets_GA,MTL-LSTM (full),89,65933.2744140625,5.804907069241358
homerule_N,total_assets_GA,MTL-LSTM (full),90,821818.6123046875,20.72146465363407
homerule_N,total_assets_GA,MTL-LSTM (full),93,92657.1103515625,3.364174211554621
homerule_N,total_assets_GA,MTL-LSTM (full),95,245431.4931640625,2.4420320606673607
homerule_N,total_assets_GA,MTL-LSTM (full),96,1139887.2319335938,21.188643520469277
homerule_N,total_assets_GA,MTL-LSTM (full),97,2823909.6069335938,8.539551166750629
homerule_N,total_assets_GA,MTL-LSTM (full),101,168678.9951171875,11.116298730613234
homerule_N,total_assets_GA,MTL-LSTM (full),103,85016.2294921875,6.658601259700331
homerule_N,total_assets_GA,MTL-LSTM (full),105,302697.15087890625,3.2698566488241743
homerule_N,total_assets_GA,MTL-LSTM (full),107,10577.4189453125,2.6112331405271094
homerule_N,total_assets_GA,MTL-LSTM (full),108,340345.2038574219,2.8220699093075217
homerule_N,total_assets_GA,MTL-LSTM (full),109,2217407.5336914062,4.706685533357988
homerule_N,total_assets_GA,MTL-LSTM (full),110,3123047.6611328125,10.820157291435576
homerule_N,total_assets_GA,MTL-LSTM (full),111,542156.697265625,11.99464015411477
homerule_N,total_assets_GA,MTL-LSTM (full),115,9047668.243652344,8.651905027701003
homerule_N,total_assets_GA,MTL-LSTM (full),118,409577.99755859375,3.409061094613596
homerule_N,total_assets_GA,MTL-LSTM (full),119,1124354.9663085938,1.0240655959422287
homerule_N,total_assets_GA,MTL-LSTM (full),120,7619438.908691406,5.063010571410907
homerule_N,total_assets_GA,MTL-LSTM (full),121,334279.11669921875,8.678648911490464
homerule_N,total_assets_GA,MTL-LSTM (full),123,749619.6845703125,10.256449221706564
homerule_N,total_assets_GA,MTL-LSTM (full),124,163898.51025390625,12.889462879621268
homerule_N,total_assets_GA,MTL-LSTM (full),131,205522.15625,10.216397677197584
homerule_N,total_assets_GA,MTL-LSTM (full),133,2767954.4638671875,16.43649847415926
homerule_N,total_assets_GA,MTL-LSTM (full),134,995036.4609375,3.6723134667879465
homerule_N,total_assets_GA,MTL-LSTM (full),135,753156.669921875,3.5265873329354767
homerule_N,total_assets_GA,MTL-LSTM (full),136,3000488.3828125,3.2309379458269776
homerule_N,total_assets_GA,MTL-LSTM (full),139,44083.60791015625,2.538918820716462
homerule_N,total_assets_GA,MTL-LSTM (full),140,361465.3466796875,3.917837548185604
homerule_N,total_assets_GA,MTL-LSTM (full),141,17849.07666015625,5.955996410565958
homerule_N,total_assets_GA,MTL-LSTM (full),142,208179.61083984375,7.766426117444414
homerule_N,total_assets_GA,MTL-LSTM (full),143,2420482.2944335938,2.635620659355195
homerule_N,total_assets_GA,MTL-LSTM (full),144,809520.9150390625,8.207770895979639
homerule_N,total_assets_GA,MTL-LSTM (full),145,205213.9599609375,7.8535195644845945
homerule_N,total_assets_GA,MTL-LSTM (full),146,996422.4609375,2.8262385615618073
homerule_N,total_assets_GA,MTL-LSTM (full),147,545003.2119140625,7.171987989225722
homerule_N,total_assets_GA,MTL-LSTM (full),148,163180.5107421875,7.1564961284325825
homerule_N,total_assets_GA,MTL-LSTM (full),149,24324.53955078125,1.0101132355693003
homerule_N,total_assets_GA,MTL-LSTM (full),150,394130.72021484375,17.84871955241786
homerule_N,total_assets_GA,MTL-LSTM (full),151,655483.6899414062,12.177188187725404
homerule_N,total_assets_GA,MTL-LSTM (full),152,2006726.6455078125,10.142065253452861
homerule_N,total_assets_GA,MTL-LSTM (full),153,178205.50634765625,5.571436613878887
homerule_N,total_assets_GA,MTL-LSTM (full),154,228144.2607421875,12.516000038370944
homerule_N,total_assets_GA,MTL-LSTM (full),155,59922.05480957031,0.9347364360734869
homerule_N,total_assets_GA,MTL-LSTM (full),156,436969.78271484375,5.334973130005823
homerule_N,total_assets_GA,MTL-LSTM (full),157,130100.01416015625,2.7137526199347546
homerule_N,total_assets_GA,MTL-LSTM (full),161,6070009.099609375,7.571443026227531
homerule_N,total_assets_GA,MTL-LSTM (full),162,1984388.3203125,6.101024227559555
homerule_N,total_assets_GA,MTL-LSTM (full),163,4701588.107421875,17.57811408920005
homerule_N,total_assets_GA,MTL-LSTM (full),164,438519.5703125,0.4117733016897429
homerule_N,total_assets_GA,MTL-LSTM (full),165,1243582.8203125,4.161654757998113
homerule_N,total_assets_GA,MTL-LSTM (full),166,64412.6611328125,8.923402780475504
homerule_N,total_assets_GA,MTL-LSTM (full),168,182593.734375,4.334050682573264
homerule_N,total_assets_GA,MTL-LSTM (full),169,144232.0,2.174297783763559
homerule_N,total_assets_GA,MTL-LSTM (full),170,128647.3203125,5.814196724787971
homerule_N,total_assets_GA,MTL-LSTM (full),171,41104.62217140198,1.1143373814077766
homerule_N,total_assets_GA,MTL-LSTM (full),172,323530.9765625,1.9076485007949144
homerule_N,total_assets_GA,MTL-LSTM (full),173,31788.7236328125,1.5346830179717015
homerule_N,total_assets_GA,MTL-LSTM (full),174,214747.29461669922,7.898374421585591
homerule_N,total_assets_GA,MTL-LSTM (full),175,1019390.6298828125,3.7627402602517233
homerule_N,total_assets_GA,MTL-LSTM (full),176,230780.015625,5.768316432411004
homerule_N,total_assets_GA,MTL-LSTM (full),177,93130.76624298096,5.459747361190126
homerule_N,total_assets_GA,MTL-LSTM (full),178,578904.6669921875,0.834934690082446
homerule_N,total_assets_GA,MTL-LSTM (full),180,1513239.0771484375,3.689441275761828
homerule_N,total_assets_GA,MTL-LSTM (full),181,6557576.881347656,34.86692679949287
homerule_N,total_assets_GA,MTL-LSTM (full),185,209827.34521484375,3.746201305815296
homerule_N,total_assets_GA,MTL-LSTM (full),186,265949.7434082031,1.8180328877017287
homerule_N,total_assets_GA,MTL-LSTM (full),187,345360.4931640625,6.932378899995588
homerule_N,total_assets_GA,MTL-LSTM (full),188,810136.515625,8.355262584498066
homerule_N,total_assets_GA,MTL-LSTM (full),189,3935492.0024414062,20.72521278311604
homerule_N,total_assets_GA,MTL-LSTM (full),190,162200.31982421875,3.272480801774917
homerule_N,total_assets_GA,MTL-LSTM (full),192,2796541.357421875,6.804952587977335
homerule_N,total_assets_GA,MTL-LSTM (full),193,365562.83203125,1.124685082191166
homerule_N,total_assets_GA,MTL-LSTM (full),194,27259.4677734375,2.3986587475593213
homerule_N,total_assets_GA,MTL-LSTM (full),195,879972.3959960938,5.89129883218578
homerule_N,total_assets_GA,MTL-LSTM (full),196,2538080.610595703,5.368247946852837
homerule_N,total_assets_GA,MTL-LSTM (full),197,189336.0615234375,6.2075157818537345
homerule_N,total_assets_GA,MTL-LSTM (full),198,37272.53125,4.607130992426411
homerule_N,total_assets_GA,MTL-LSTM (full),200,59425.975494384766,7.774188736924881
homerule_N,total_assets_GA,MTL-LSTM (full),201,144606.09912109375,0.5304053383374399
homerule_N,total_assets_GA,MTL-LSTM (full),202,253354.20703125,1.8072524932824876
homerule_N,total_assets_GA,MTL-LSTM (full),203,1264670.1826171875,9.919313317247878
homerule_N,total_assets_GA,MTL-LSTM (full),204,1210058.7197265625,17.135198808777087
homerule_N,total_assets_GA,MTL-LSTM (full),205,1415874.5732421875,1.532019371453588
homerule_N,total_assets_GA,MTL-LSTM (full),206,865767.7878417969,6.107866490831171
homerule_N,total_assets_GA,MTL-LSTM (full),207,139906.06396484375,3.3259636651510696
homerule_N,total_assets_GA,MTL-LSTM (full),209,1601557.7373046875,9.849894157381813
homerule_N,total_assets_GA,MTL-LSTM (full),211,890127.2470703125,8.0569665307014
homerule_N,total_assets_GA,MTL-LSTM (full),212,6040023.274902344,18.84153165027504
homerule_N,total_assets_GA,MTL-LSTM (full),213,357861.4873046875,12.317899216685909
homerule_N,total_assets_GA,MTL-LSTM (full),214,381226.05615234375,23.32596621156295
homerule_N,total_assets_GA,MTL-LSTM (full),216,99676.90185546875,5.632148947606088
homerule_N,total_assets_GA,MTL-LSTM (full),217,109605.39331054688,3.4773464541347283
homerule_N,total_assets_GA,MTL-LSTM (full),218,943485.33203125,6.530776253295049
homerule_N,total_assets_GA,MTL-LSTM (full),221,72244.64144897461,8.622234606843914
homerule_N,total_assets_GA,MTL-LSTM (full),222,3866930.8779296875,14.828930233386595
homerule_N,total_assets_GA,MTL-LSTM (full),223,729152.6157226562,1.0070641589660116
homerule_N,total_assets_GA,MTL-LSTM (full),226,1853052.3154296875,6.3315157945688805
homerule_N,total_assets_GA,MTL-LSTM (full),227,169627.83740234375,2.1632605449761706
homerule_N,total_assets_GA,MTL-LSTM (full),228,1966623.1328125,24.59795861794373
homerule_N,total_assets_GA,MTL-LSTM (full),230,490392.3857421875,4.905294302040917
homerule_N,total_assets_GA,MTL-LSTM (full),231,83134.05615234375,2.339384636768768
homerule_N,total_assets_GA,MTL-LSTM (full),232,2654748.7631835938,10.80694396756098
homerule_N,total_assets_GA,MTL-LSTM (full),233,119945.3203125,9.45226381903811
homerule_N,total_assets_GA,MTL-LSTM (full),234,405324.77587890625,17.168212437409572
homerule_N,total_assets_GA,MTL-LSTM (full),237,525015.71484375,7.146590629048253
homerule_N,total_assets_GA,MTL-LSTM (full),241,433240.580078125,20.521405279648267
homerule_N,total_assets_GA,MTL-LSTM (full),245,104517.32958984375,1.8946963321264654
homerule_N,total_assets_GA,MTL-LSTM (full),246,359448.1181640625,2.622815231377185
homerule_N,total_assets_GA,MTL-LSTM (full),248,406544.29541015625,4.3323107616214145
homerule_N,total_assets_GA,MTL-LSTM (full),249,93583.8935546875,3.8917886439191065
homerule_N,total_assets_GA,MTL-LSTM (full),250,1903508.34274292,17.329716572672446
homerule_N,total_assets_GA,MTL-LSTM (full),251,44090.150390625,0.4298409200865643
homerule_N,total_assets_GA,MTL-LSTM (full),252,228923.22802734375,3.534964517621661
homerule_N,total_assets_GA,MTL-LSTM (full),253,174121.0322265625,17.505292931645574
homerule_N,total_assets_GA,MTL-LSTM (full),254,468427.572265625,5.231528548148641
homerule_N,total_assets_GA,MTL-LSTM (full),255,555939.11328125,3.9958761459315726
homerule_N,total_assets_GA,MTL-LSTM (full),256,2129268.2329101562,8.131721114506401
homerule_N,total_assets_GA,MTL-LSTM (full),257,8073334.6611328125,5.227511207604632
homerule_N,total_assets_GA,MTL-LSTM (full),258,1280083.890625,5.936489601498356
homerule_N,total_assets_GA,MTL-LSTM (full),259,1282573.0185546875,1.8087504291976702
homerule_N,total_assets_GA,MTL-LSTM (full),262,445886.0166015625,1.5862950075780518
homerule_N,total_assets_GA,MTL-LSTM (full),264,596042.90625,39.88609775428597
homerule_N,total_assets_GA,MTL-LSTM (full),266,44261.161865234375,3.4886293215025765
homerule_N,total_assets_GA,MTL-LSTM (full),269,3251203.09765625,3.4140902498789263
homerule_N,total_assets_GA,MTL-LSTM (full),270,21704515.923339844,3.3145985729502345
homerule_N,total_assets_GA,MTL-LSTM (full),271,1588152.447265625,6.406886942345838
homerule_N,total_assets_GA,MTL-LSTM (full),272,266470.7629394531,2.0862075663477255
homerule_N,total_assets_GA,MTL-LSTM (full),273,804079.1171875,6.525498909184621
homerule_N,total_assets_GA,MTL-LSTM (full),274,308350.671875,3.442286100763599
homerule_N,total_liabilities_GA,ARIMA,2,130320.0,5.281979137155148
homerule_N,total_liabilities_GA,ARIMA,3,940813.9346655048,15.755390623716206
homerule_N,total_liabilities_GA,ARIMA,5,9938.0,200.0
homerule_N,total_liabilities_GA,ARIMA,6,5450540.974035967,19.30797888760746
homerule_N,total_liabilities_GA,ARIMA,7,898695.6066088695,15.93954539282911
homerule_N,total_liabilities_GA,ARIMA,8,46439.016096913554,196.0733826596808
homerule_N,total_liabilities_GA,ARIMA,9,534247.5657553095,200.0
homerule_N,total_liabilities_GA,ARIMA,10,272619.67272756575,35.42308633756932
homerule_N,total_liabilities_GA,ARIMA,11,66535.6595004177,60.12412515507772
homerule_N,total_liabilities_GA,ARIMA,14,533938.9868628075,197.5345952159191
homerule_N,total_liabilities_GA,ARIMA,15,94022.93725900468,16.35100562639878
homerule_N,total_liabilities_GA,ARIMA,16,379319.63548669545,19.485325942341127
homerule_N,total_liabilities_GA,ARIMA,17,1276552.8494363902,44.30602281121657
homerule_N,total_liabilities_GA,ARIMA,18,2029978.1294447035,52.42594227643648
homerule_N,total_liabilities_GA,ARIMA,19,1271.003722138385,52.079684137567796
homerule_N,total_liabilities_GA,ARIMA,21,759784.2612587194,167.8050789705815
homerule_N,total_liabilities_GA,ARIMA,22,745026.8568223799,29.08181614681587
homerule_N,total_liabilities_GA,ARIMA,24,2735828.0,4.940955214233765
homerule_N,total_liabilities_GA,ARIMA,25,200005016.7356084,200.0
homerule_N,total_liabilities_GA,ARIMA,26,98156.80225753548,64.75175805606362
homerule_N,total_liabilities_GA,ARIMA,28,7467043.00191921,9.49837660274952
homerule_N,total_liabilities_GA,ARIMA,40,1307037.1937657744,4.299529851729704
homerule_N,total_liabilities_GA,ARIMA,41,35176513.33495727,63.57153028522426
homerule_N,total_liabilities_GA,ARIMA,43,8902435.0,36.25220963463105
homerule_N,total_liabilities_GA,ARIMA,46,200428.08096220205,6.592334961239353
homerule_N,total_liabilities_GA,ARIMA,47,589048.9285311891,143.9476448166296
homerule_N,total_liabilities_GA,ARIMA,49,1080762.805598082,20.208545701127846
homerule_N,total_liabilities_GA,ARIMA,50,114999.77847460425,4.231822747447481
homerule_N,total_liabilities_GA,ARIMA,51,563897.0,13.228269800431288
homerule_N,total_liabilities_GA,ARIMA,52,1349395.0129235396,80.64628537348153
homerule_N,total_liabilities_GA,ARIMA,53,659556.4779210994,54.579065234298795
homerule_N,total_liabilities_GA,ARIMA,56,977897.8924115347,22.73389716745264
homerule_N,total_liabilities_GA,ARIMA,64,120785.0,0.9767351685916387
homerule_N,total_liabilities_GA,ARIMA,65,3884.0,26.335774342283703
homerule_N,total_liabilities_GA,ARIMA,66,282471.4873966444,103.57042130771079
homerule_N,total_liabilities_GA,ARIMA,67,17778.015709092913,50.916518816105196
homerule_N,total_liabilities_GA,ARIMA,68,5924298.887650661,16.804777572491343
homerule_N,total_liabilities_GA,ARIMA,69,0.0,0.0
homerule_N,total_liabilities_GA,ARIMA,70,255550.07168895286,3.603464096257094
homerule_N,total_liabilities_GA,ARIMA,71,539969.0199605863,164.38089125923932
homerule_N,total_liabilities_GA,ARIMA,72,18294.037243335675,200.0
homerule_N,total_liabilities_GA,ARIMA,75,6406.0,200.0
homerule_N,total_liabilities_GA,ARIMA,77,30979.01827677498,36.124400573673924
homerule_N,total_liabilities_GA,ARIMA,78,96305.84486861387,2.9503614863981342
homerule_N,total_liabilities_GA,ARIMA,79,364889.4936258835,59.79131354703334
homerule_N,total_liabilities_GA,ARIMA,80,225474.9852985891,176.5143346892165
homerule_N,total_liabilities_GA,ARIMA,81,12540.2587135676,6.025295376234661
homerule_N,total_liabilities_GA,ARIMA,82,256.0,200.0
homerule_N,total_liabilities_GA,ARIMA,83,614.997286134295,200.0
homerule_N,total_liabilities_GA,ARIMA,84,156944.0,55.75176284613062
homerule_N,total_liabilities_GA,ARIMA,85,910.4955776045076,200.0
homerule_N,total_liabilities_GA,ARIMA,86,7431234.0,31.920681815633824
homerule_N,total_liabilities_GA,ARIMA,87,373021.32473215926,39.77609999432344
homerule_N,total_liabilities_GA,ARIMA,88,7118.276994307311,61.54410995561802
homerule_N,total_liabilities_GA,ARIMA,89,0.0,0.0
homerule_N,total_liabilities_GA,ARIMA,90,159049.19239931682,123.72804716176941
homerule_N,total_liabilities_GA,ARIMA,93,9168.279548374005,11.55002669765293
homerule_N,total_liabilities_GA,ARIMA,95,1428576.2598410267,83.20148489379376
homerule_N,total_liabilities_GA,ARIMA,96,1127237.9748502963,121.84880960661941
homerule_N,total_liabilities_GA,ARIMA,97,9830870.0,200.0
homerule_N,total_liabilities_GA,ARIMA,101,2993.991536621623,13.957354562740603
homerule_N,total_liabilities_GA,ARIMA,103,1018.154676834396,20.945708206410075
homerule_N,total_liabilities_GA,ARIMA,105,125123.76257859473,19.308928180176085
homerule_N,total_liabilities_GA,ARIMA,107,0.0,0.0
homerule_N,total_liabilities_GA,ARIMA,108,138330.07685561027,77.52796513025844
homerule_N,total_liabilities_GA,ARIMA,109,1097389.8253773192,200.0
homerule_N,total_liabilities_GA,ARIMA,110,834444.8547502483,192.9425549474043
homerule_N,total_liabilities_GA,ARIMA,111,0.007436465515638702,7.473831896174919e-05
homerule_N,total_liabilities_GA,ARIMA,115,2193287.016122356,4.6317928657396745
homerule_N,total_liabilities_GA,ARIMA,118,86205.87948484797,29.26955421212672
homerule_N,total_liabilities_GA,ARIMA,119,924425.0,8.0552075259954
homerule_N,total_liabilities_GA,ARIMA,120,975692.0,2.5156682657977307
homerule_N,total_liabilities_GA,ARIMA,121,150126.04984746838,60.23932445492235
homerule_N,total_liabilities_GA,ARIMA,123,805142.0510775879,173.82357224711663
homerule_N,total_liabilities_GA,ARIMA,124,23543.0,200.0
homerule_N,total_liabilities_GA,ARIMA,131,87810.13340606034,34.56628260362882
homerule_N,total_liabilities_GA,ARIMA,133,1922420.621523046,31.553651290932443
homerule_N,total_liabilities_GA,ARIMA,134,2212044.2975657694,18.76209201664354
homerule_N,total_liabilities_GA,ARIMA,135,107288622.58505183,178.54628286088052
homerule_N,total_liabilities_GA,ARIMA,136,20757419.886537,23.296171694725416
homerule_N,total_liabilities_GA,ARIMA,139,4991.840436873835,200.0
homerule_N,total_liabilities_GA,ARIMA,140,929868.8184264933,69.92764136807233
homerule_N,total_liabilities_GA,ARIMA,141,5188.550583821565,57.841598111269754
homerule_N,total_liabilities_GA,ARIMA,142,18763.551675396746,200.0
homerule_N,total_liabilities_GA,ARIMA,143,6452755.225371741,17.381395939544234
homerule_N,total_liabilities_GA,ARIMA,144,1597991.6327866646,118.03533318615085
homerule_N,total_liabilities_GA,ARIMA,145,69186.63750280696,7.3531127183145975
homerule_N,total_liabilities_GA,ARIMA,146,24023414.73413211,34.27109997723555
homerule_N,total_liabilities_GA,ARIMA,147,65572.26021614237,200.0
homerule_N,total_liabilities_GA,ARIMA,148,100.0,13.054830287206268
homerule_N,total_liabilities_GA,ARIMA,149,96649.02259523052,60.715863524366796
homerule_N,total_liabilities_GA,ARIMA,150,28212.038973373303,32.34138007968396
homerule_N,total_liabilities_GA,ARIMA,151,427679.547008506,13.474076287855416
homerule_N,total_liabilities_GA,ARIMA,152,532691.7780202399,15.253798005036604
homerule_N,total_liabilities_GA,ARIMA,153,256889.0054735999,79.8504886469291
homerule_N,total_liabilities_GA,ARIMA,154,14709.013621404432,36.096175813203565
homerule_N,total_liabilities_GA,ARIMA,155,101225.15209993685,46.862937447801635
homerule_N,total_liabilities_GA,ARIMA,156,51448.220293935614,145.45677149480446
homerule_N,total_liabilities_GA,ARIMA,157,137381.0971875211,67.28709172935149
homerule_N,total_liabilities_GA,ARIMA,161,210982.12175425142,0.7900224710166684
homerule_N,total_liabilities_GA,ARIMA,162,2109540.272531949,19.731116135490755
homerule_N,total_liabilities_GA,ARIMA,163,70719.94620295614,0.9035416888591613
homerule_N,total_liabilities_GA,ARIMA,164,3214693.4515102208,9.075645010704957
homerule_N,total_liabilities_GA,ARIMA,165,189418.73789501935,0.588713287451939
homerule_N,total_liabilities_GA,ARIMA,166,23062.001873718786,72.44228852646826
homerule_N,total_liabilities_GA,ARIMA,168,83389.02959267284,140.54998490898313
homerule_N,total_liabilities_GA,ARIMA,169,80487.33983982416,200.0
homerule_N,total_liabilities_GA,ARIMA,170,12613.7353154465,87.94268235444773
homerule_N,total_liabilities_GA,ARIMA,171,36428.95879423591,50.86033503840217
homerule_N,total_liabilities_GA,ARIMA,172,514653.66008806846,68.34502747519265
homerule_N,total_liabilities_GA,ARIMA,173,2364.2123358052504,200.0
homerule_N,total_liabilities_GA,ARIMA,174,42139.29955403146,43.54463750980174
homerule_N,total_liabilities_GA,ARIMA,175,25239207.454564992,187.8746543559588
homerule_N,total_liabilities_GA,ARIMA,176,484268.0,98.25989562620221
homerule_N,total_liabilities_GA,ARIMA,177,563.9997705627269,77.26025468419694
homerule_N,total_liabilities_GA,ARIMA,178,2364675.329003893,8.514413469619083
homerule_N,total_liabilities_GA,ARIMA,180,921622.7757587954,4.709350458806415
homerule_N,total_liabilities_GA,ARIMA,181,1607101.8709608093,8.065000616541024
homerule_N,total_liabilities_GA,ARIMA,185,75505.06515117269,3.698164043300102
homerule_N,total_liabilities_GA,ARIMA,186,4242339.90048088,117.22477413688812
homerule_N,total_liabilities_GA,ARIMA,187,138391.68994483666,29.427205963431202
homerule_N,total_liabilities_GA,ARIMA,188,26416.355026099132,3.380956656837896
homerule_N,total_liabilities_GA,ARIMA,189,655773.6475694254,75.68905776687761
homerule_N,total_liabilities_GA,ARIMA,190,0.0,0.0
homerule_N,total_liabilities_GA,ARIMA,192,756541.9860251788,8.651813348265405
homerule_N,total_liabilities_GA,ARIMA,193,2275897.9553552717,27.884082309509033
homerule_N,total_liabilities_GA,ARIMA,194,4.301892692342737e-27,200.0
homerule_N,total_liabilities_GA,ARIMA,195,40604.364849883365,3.1001169294180775
homerule_N,total_liabilities_GA,ARIMA,196,4767472.320623126,26.825516453280603
homerule_N,total_liabilities_GA,ARIMA,197,22243.512293639622,29.112546694285285
homerule_N,total_liabilities_GA,ARIMA,198,38058.98126993003,116.48625100911126
homerule_N,total_liabilities_GA,ARIMA,200,2.0328902175809164e-10,200.0
homerule_N,total_liabilities_GA,ARIMA,201,7870781.697533468,200.0
homerule_N,total_liabilities_GA,ARIMA,202,431365.95306683937,31.95698731369373
homerule_N,total_liabilities_GA,ARIMA,203,508147.3325680364,18.334769155506315
homerule_N,total_liabilities_GA,ARIMA,204,42315.52980721276,3.1570242930943606
homerule_N,total_liabilities_GA,ARIMA,205,2098384.0,8.878660693073098
homerule_N,total_liabilities_GA,ARIMA,206,206792.572716663,200.0
homerule_N,total_liabilities_GA,ARIMA,207,271707.0,200.0
homerule_N,total_liabilities_GA,ARIMA,209,317.0000510167531,109.12223024167385
homerule_N,total_liabilities_GA,ARIMA,211,569703.4165685636,32.17891243286268
homerule_N,total_liabilities_GA,ARIMA,212,4064995.0,124.15881535545583
homerule_N,total_liabilities_GA,ARIMA,213,128.0,6.023529411764706
homerule_N,total_liabilities_GA,ARIMA,214,385399.5750386962,200.0
homerule_N,total_liabilities_GA,ARIMA,216,58911.72995640716,59.30484097762717
homerule_N,total_liabilities_GA,ARIMA,217,11337.964965582214,9.517542873046704
homerule_N,total_liabilities_GA,ARIMA,218,14697249.262668055,144.10724245905925
homerule_N,total_liabilities_GA,ARIMA,221,3.3863897291776084,0.09365810500701048
homerule_N,total_liabilities_GA,ARIMA,222,38859.99762052478,16.937627085402127
homerule_N,total_liabilities_GA,ARIMA,223,25214398.187130347,24.851524941224685
homerule_N,total_liabilities_GA,ARIMA,226,480334.7911677584,2.7837912906706848
homerule_N,total_liabilities_GA,ARIMA,227,22825.0,104.67542592465205
homerule_N,total_liabilities_GA,ARIMA,228,219509.74936223903,23.613885400765533
homerule_N,total_liabilities_GA,ARIMA,230,51142.16215975196,200.0
homerule_N,total_liabilities_GA,ARIMA,231,228789.29924647813,51.91148347792356
homerule_N,total_liabilities_GA,ARIMA,232,132928.80859035556,198.86600629038475
homerule_N,total_liabilities_GA,ARIMA,233,5614.686509773602,200.0
homerule_N,total_liabilities_GA,ARIMA,234,166113.0,29.96766235347709
homerule_N,total_liabilities_GA,ARIMA,237,293290.10084303934,66.7762872484781
homerule_N,total_liabilities_GA,ARIMA,241,50000.0,200.0
homerule_N,total_liabilities_GA,ARIMA,245,471900.7257302692,84.10767707472256
homerule_N,total_liabilities_GA,ARIMA,246,1129053.808042227,77.86809421101155
homerule_N,total_liabilities_GA,ARIMA,248,918906.2376895067,76.25131707264754
homerule_N,total_liabilities_GA,ARIMA,249,0.0,0.0
homerule_N,total_liabilities_GA,ARIMA,250,95379.6594258406,19.239241116150374
homerule_N,total_liabilities_GA,ARIMA,251,803009.9747988004,59.37020911508457
homerule_N,total_liabilities_GA,ARIMA,252,95766.0,6.170946945166684
homerule_N,total_liabilities_GA,ARIMA,253,44.0,200.0
homerule_N,total_liabilities_GA,ARIMA,254,1919031.4512345274,60.96353901992811
homerule_N,total_liabilities_GA,ARIMA,255,3377993.4634544323,136.0298726126087
homerule_N,total_liabilities_GA,ARIMA,256,2325716.0178480707,11.200745768168696
homerule_N,total_liabilities_GA,ARIMA,257,17414026.90621686,15.529947019230725
homerule_N,total_liabilities_GA,ARIMA,258,2831464.7438755967,50.30444079169184
homerule_N,total_liabilities_GA,ARIMA,259,6576875.0,19.97405874103608
homerule_N,total_liabilities_GA,ARIMA,262,1554584.8387673497,2.2235695399725883
homerule_N,total_liabilities_GA,ARIMA,264,16258.714266413008,55.295435119044036
homerule_N,total_liabilities_GA,ARIMA,266,51018.701175407274,48.403163894110335
homerule_N,total_liabilities_GA,ARIMA,269,10482724.754554212,17.59029115304101
homerule_N,total_liabilities_GA,ARIMA,270,38894034.12108958,5.7909597353281645
homerule_N,total_liabilities_GA,ARIMA,271,978117.5781567786,16.57941557272977
homerule_N,total_liabilities_GA,ARIMA,272,4452880.828380941,199.98525363505448
homerule_N,total_liabilities_GA,ARIMA,273,6794.0,200.0
homerule_N,total_liabilities_GA,ARIMA,274,438243.4178330534,200.0
homerule_N,total_liabilities_GA,STL-LSTM (full),2,130318.63376784325,5.281922300197457
homerule_N,total_liabilities_GA,STL-LSTM (full),3,378282.39068448544,5.704819802551898
homerule_N,total_liabilities_GA,STL-LSTM (full),5,9936.287399053574,199.93108046418712
homerule_N,total_liabilities_GA,STL-LSTM (full),6,5450537.304978013,19.307967145101582
homerule_N,total_liabilities_GA,STL-LSTM (full),7,898696.1518462896,15.939554292612574
homerule_N,total_liabilities_GA,STL-LSTM (full),8,46440.23055875301,196.073483328959
homerule_N,total_liabilities_GA,STL-LSTM (full),9,538182.2103381157,86.9445017971716
homerule_N,total_liabilities_GA,STL-LSTM (full),10,1374.5795043706894,0.1518481920515651
homerule_N,total_liabilities_GA,STL-LSTM (full),11,87022.36561203003,71.97452094442544
homerule_N,total_liabilities_GA,STL-LSTM (full),14,533937.7341287136,197.53367401501046
homerule_N,total_liabilities_GA,STL-LSTM (full),15,94025.23010873795,16.351371763669576
homerule_N,total_liabilities_GA,STL-LSTM (full),16,291473.14319753647,15.318354590308356
homerule_N,total_liabilities_GA,STL-LSTM (full),17,408230.3019710779,16.682506521424337
homerule_N,total_liabilities_GA,STL-LSTM (full),18,88412.2325206995,3.047327304476405
homerule_N,total_liabilities_GA,STL-LSTM (full),19,1268.7912878990173,51.96547445350229
homerule_N,total_liabilities_GA,STL-LSTM (full),21,128531.105966568,14.33002689424704
homerule_N,total_liabilities_GA,STL-LSTM (full),22,971704.2098896503,28.410774706303748
homerule_N,total_liabilities_GA,STL-LSTM (full),24,2735829.4284260273,4.940957730264685
homerule_N,total_liabilities_GA,STL-LSTM (full),25,99521854.62665844,199.99999046102403
homerule_N,total_liabilities_GA,STL-LSTM (full),26,35187.21679210663,29.297141268779903
homerule_N,total_liabilities_GA,STL-LSTM (full),28,3663432.2822606564,4.775561069084922
homerule_N,total_liabilities_GA,STL-LSTM (full),40,1307043.137894392,4.29954898472881
homerule_N,total_liabilities_GA,STL-LSTM (full),41,5714972.289909124,14.07525257506063
homerule_N,total_liabilities_GA,STL-LSTM (full),43,8902436.288042784,36.25221392902024
homerule_N,total_liabilities_GA,STL-LSTM (full),46,200430.41780853271,6.592409289568716
homerule_N,total_liabilities_GA,STL-LSTM (full),47,126960.40466153622,16.54821284508385
homerule_N,total_liabilities_GA,STL-LSTM (full),49,255745.26077985764,5.181708180502497
homerule_N,total_liabilities_GA,STL-LSTM (full),50,115002.38453292847,4.23191661737648
homerule_N,total_liabilities_GA,STL-LSTM (full),51,563894.8305168152,13.22821554112648
homerule_N,total_liabilities_GA,STL-LSTM (full),52,289340.2801412344,11.60799808881189
homerule_N,total_liabilities_GA,STL-LSTM (full),53,90274.15897345543,9.772034367356722
homerule_N,total_liabilities_GA,STL-LSTM (full),56,977897.3449139595,22.733885886174416
homerule_N,total_liabilities_GA,STL-LSTM (full),64,120783.84549701214,0.9767257870404216
homerule_N,total_liabilities_GA,STL-LSTM (full),65,3885.4623680114746,26.344383930633057
homerule_N,total_liabilities_GA,STL-LSTM (full),66,225462.42847657204,92.31591281155912
homerule_N,total_liabilities_GA,STL-LSTM (full),67,17779.345165252686,50.91935700109993
homerule_N,total_liabilities_GA,STL-LSTM (full),68,4885155.4402525425,14.064441882739628
homerule_N,total_liabilities_GA,STL-LSTM (full),69,1.2462732791900635,200.0
homerule_N,total_liabilities_GA,STL-LSTM (full),70,255551.10597920418,3.603478417820147
homerule_N,total_liabilities_GA,STL-LSTM (full),71,539966.7615380287,164.37963866100395
homerule_N,total_liabilities_GA,STL-LSTM (full),72,12185.298902273178,155.3781462120332
homerule_N,total_liabilities_GA,STL-LSTM (full),75,6407.344725847244,200.0
homerule_N,total_liabilities_GA,STL-LSTM (full),77,30976.73115348816,36.12125189997992
homerule_N,total_liabilities_GA,STL-LSTM (full),78,635799.772223711,17.991183601631718
homerule_N,total_liabilities_GA,STL-LSTM (full),79,16815.331746578217,3.8546527963145603
homerule_N,total_liabilities_GA,STL-LSTM (full),80,15001.769677758217,66.67190995012237
homerule_N,total_liabilities_GA,STL-LSTM (full),81,8925.247854471207,4.0780696294345224
homerule_N,total_liabilities_GA,STL-LSTM (full),82,254.15584874153137,197.1391226064771
homerule_N,total_liabilities_GA,STL-LSTM (full),83,616.1357573270798,200.0
homerule_N,total_liabilities_GA,STL-LSTM (full),84,156945.4413330555,55.7521321277067
homerule_N,total_liabilities_GA,STL-LSTM (full),85,2.1989212036132812,200.0
homerule_N,total_liabilities_GA,STL-LSTM (full),86,7431232.593609571,31.92067481033614
homerule_N,total_liabilities_GA,STL-LSTM (full),87,373022.4253050089,39.77619401088887
homerule_N,total_liabilities_GA,STL-LSTM (full),88,3797.9147663116455,62.17891728256968
homerule_N,total_liabilities_GA,STL-LSTM (full),89,1.9578384160995483,200.0
homerule_N,total_liabilities_GA,STL-LSTM (full),90,205967.24500119686,195.99431440681417
homerule_N,total_liabilities_GA,STL-LSTM (full),93,2939.764867782593,3.441022688257543
homerule_N,total_liabilities_GA,STL-LSTM (full),95,2822006.178679228,116.91507576585012
homerule_N,total_liabilities_GA,STL-LSTM (full),96,1127235.7414579391,121.84842110566272
homerule_N,total_liabilities_GA,STL-LSTM (full),97,905536.211370945,8.805601695282382
homerule_N,total_liabilities_GA,STL-LSTM (full),101,2996.1130697727203,13.9665540452977
homerule_N,total_liabilities_GA,STL-LSTM (full),103,1015.7696831226349,20.891518403459983
homerule_N,total_liabilities_GA,STL-LSTM (full),105,125125.77688884735,19.309209014869616
homerule_N,total_liabilities_GA,STL-LSTM (full),107,1.4355041980743408,200.0
homerule_N,total_liabilities_GA,STL-LSTM (full),108,138331.1956294775,77.5283490935065
homerule_N,total_liabilities_GA,STL-LSTM (full),109,947193.8377133608,192.15465018424388
homerule_N,total_liabilities_GA,STL-LSTM (full),110,834442.2223417759,192.94135908445332
homerule_N,total_liabilities_GA,STL-LSTM (full),111,9951.778866171837,66.67461199405598
homerule_N,total_liabilities_GA,STL-LSTM (full),115,2193286.57907331,4.6317919214027965
homerule_N,total_liabilities_GA,STL-LSTM (full),118,55315.70848894119,17.8455530966196
homerule_N,total_liabilities_GA,STL-LSTM (full),119,924423.5675342083,8.055194541117244
homerule_N,total_liabilities_GA,STL-LSTM (full),120,975694.2188644409,2.5156739148297214
homerule_N,total_liabilities_GA,STL-LSTM (full),121,150127.19695162773,60.23964610294501
homerule_N,total_liabilities_GA,STL-LSTM (full),123,805140.7594995499,173.8230510609321
homerule_N,total_liabilities_GA,STL-LSTM (full),124,13261.562091112137,78.41408703869381
homerule_N,total_liabilities_GA,STL-LSTM (full),131,167407.06816768646,56.97363251133992
homerule_N,total_liabilities_GA,STL-LSTM (full),133,1922420.788326025,31.553654460694432
homerule_N,total_liabilities_GA,STL-LSTM (full),134,136123.59655463696,1.2822636307376096
homerule_N,total_liabilities_GA,STL-LSTM (full),135,687484.0969417095,10.125664123193868
homerule_N,total_liabilities_GA,STL-LSTM (full),136,20757416.303399086,23.296168141762422
homerule_N,total_liabilities_GA,STL-LSTM (full),139,244.13268423080444,9.566079070986978
homerule_N,total_liabilities_GA,STL-LSTM (full),140,583267.7698272467,38.805377910484104
homerule_N,total_liabilities_GA,STL-LSTM (full),141,3057.2705507278442,38.676933776518744
homerule_N,total_liabilities_GA,STL-LSTM (full),142,3694.555503487587,72.24787198302451
homerule_N,total_liabilities_GA,STL-LSTM (full),143,6452747.25772357,17.38137634276592
homerule_N,total_liabilities_GA,STL-LSTM (full),144,117545.23604249954,19.156604642204318
homerule_N,total_liabilities_GA,STL-LSTM (full),145,42010.25766205788,4.530247315479921
homerule_N,total_liabilities_GA,STL-LSTM (full),146,1648250.5982356071,2.8784199298273068
homerule_N,total_liabilities_GA,STL-LSTM (full),147,9339.196895360947,31.50174854576491
homerule_N,total_liabilities_GA,STL-LSTM (full),148,98.66724586486816,12.869645626336457
homerule_N,total_liabilities_GA,STL-LSTM (full),149,96648.79980278015,60.71568107500974
homerule_N,total_liabilities_GA,STL-LSTM (full),150,28213.26719248295,32.34256038063552
homerule_N,total_liabilities_GA,STL-LSTM (full),151,272004.4668124914,9.631034408849331
homerule_N,total_liabilities_GA,STL-LSTM (full),152,532690.5114305019,15.253758969629677
homerule_N,total_liabilities_GA,STL-LSTM (full),153,256891.29336762428,79.85091587367545
homerule_N,total_liabilities_GA,STL-LSTM (full),154,14710.42007637024,36.09900430595521
homerule_N,total_liabilities_GA,STL-LSTM (full),155,103068.72781217098,47.51367064365034
homerule_N,total_liabilities_GA,STL-LSTM (full),156,18531.769118905067,97.99007106165168
homerule_N,total_liabilities_GA,STL-LSTM (full),157,137382.37009716034,67.28750542806404
homerule_N,total_liabilities_GA,STL-LSTM (full),161,210979.29455578327,0.7900119263902119
homerule_N,total_liabilities_GA,STL-LSTM (full),162,547410.966676712,5.8465566559410345
homerule_N,total_liabilities_GA,STL-LSTM (full),163,70718.57711648941,0.9035241179306983
homerule_N,total_liabilities_GA,STL-LSTM (full),164,3214688.2407815456,9.075630967450568
homerule_N,total_liabilities_GA,STL-LSTM (full),165,189422.24463152885,0.5887241543039056
homerule_N,total_liabilities_GA,STL-LSTM (full),166,23060.66279399395,72.4365587591858
homerule_N,total_liabilities_GA,STL-LSTM (full),168,83390.24894785881,140.550595808278
homerule_N,total_liabilities_GA,STL-LSTM (full),169,4974.195721268654,170.05228400084934
homerule_N,total_liabilities_GA,STL-LSTM (full),170,5755.8553857803345,32.38708061905457
homerule_N,total_liabilities_GA,STL-LSTM (full),171,6421.079142332077,11.340347138144487
homerule_N,total_liabilities_GA,STL-LSTM (full),172,360070.36734128,53.28603682093542
homerule_N,total_liabilities_GA,STL-LSTM (full),173,2.265942335128784,200.0
homerule_N,total_liabilities_GA,STL-LSTM (full),174,54654.21524477005,53.04683893477318
homerule_N,total_liabilities_GA,STL-LSTM (full),175,1784145.2332279682,6.621250682901601
homerule_N,total_liabilities_GA,STL-LSTM (full),176,484269.2806094885,98.26002780714967
homerule_N,total_liabilities_GA,STL-LSTM (full),177,566.2550711631775,77.44956161618774
homerule_N,total_liabilities_GA,STL-LSTM (full),178,2364677.4126193523,8.514420652635586
homerule_N,total_liabilities_GA,STL-LSTM (full),180,921626.1654748917,4.709367371880619
homerule_N,total_liabilities_GA,STL-LSTM (full),181,4770743.693383455,26.00562524384476
homerule_N,total_liabilities_GA,STL-LSTM (full),185,75506.1584250927,3.6982166006335513
homerule_N,total_liabilities_GA,STL-LSTM (full),186,5134209.2617201805,126.30549448190462
homerule_N,total_liabilities_GA,STL-LSTM (full),187,16326.470440149307,3.9893417885353215
homerule_N,total_liabilities_GA,STL-LSTM (full),188,102172.62819445133,13.743045445016586
homerule_N,total_liabilities_GA,STL-LSTM (full),189,119529.22770059109,19.97872325444178
homerule_N,total_liabilities_GA,STL-LSTM (full),190,3428.3287494182587,200.0
homerule_N,total_liabilities_GA,STL-LSTM (full),192,875233.8428781033,10.07756773121143
homerule_N,total_liabilities_GA,STL-LSTM (full),193,668401.3935959339,9.083702129921173
homerule_N,total_liabilities_GA,STL-LSTM (full),194,1.1136239767074585,200.0
homerule_N,total_liabilities_GA,STL-LSTM (full),195,40599.76369929314,3.0997601899046106
homerule_N,total_liabilities_GA,STL-LSTM (full),196,12526816.698029041,90.16974872479281
homerule_N,total_liabilities_GA,STL-LSTM (full),197,7626.3603937625885,8.34940370965349
homerule_N,total_liabilities_GA,STL-LSTM (full),198,11033.16117143631,19.282479674426252
homerule_N,total_liabilities_GA,STL-LSTM (full),200,2.3013405799865723,200.0
homerule_N,total_liabilities_GA,STL-LSTM (full),201,773840.1818466187,20.042879995870646
homerule_N,total_liabilities_GA,STL-LSTM (full),202,431367.8197978735,31.957103509880735
homerule_N,total_liabilities_GA,STL-LSTM (full),203,508148.57120764256,18.33480975050028
homerule_N,total_liabilities_GA,STL-LSTM (full),204,42314.538041591644,3.1569491327299137
homerule_N,total_liabilities_GA,STL-LSTM (full),205,2098385.3793735504,8.878666270367363
homerule_N,total_liabilities_GA,STL-LSTM (full),206,4419.844627022743,9.766550026102129
homerule_N,total_liabilities_GA,STL-LSTM (full),207,38730.101457595825,13.30601868527804
homerule_N,total_liabilities_GA,STL-LSTM (full),209,314.75974893569946,107.93485132801581
homerule_N,total_liabilities_GA,STL-LSTM (full),211,569704.363188982,32.17895729860165
homerule_N,total_liabilities_GA,STL-LSTM (full),212,4064993.218531251,124.15872716461661
homerule_N,total_liabilities_GA,STL-LSTM (full),213,125.89594793319702,5.9215835921043976
homerule_N,total_liabilities_GA,STL-LSTM (full),214,94834.60936903954,41.775024624612996
homerule_N,total_liabilities_GA,STL-LSTM (full),216,4882.4881937503815,3.720437624608254
homerule_N,total_liabilities_GA,STL-LSTM (full),217,11336.83102953434,9.516545708974453
homerule_N,total_liabilities_GA,STL-LSTM (full),218,1341691.2171962261,38.10487631212832
homerule_N,total_liabilities_GA,STL-LSTM (full),221,564.658988237381,16.948224238879668
homerule_N,total_liabilities_GA,STL-LSTM (full),222,52501.07029187679,22.222624917842175
homerule_N,total_liabilities_GA,STL-LSTM (full),223,2205418.2761518955,1.914923049070089
homerule_N,total_liabilities_GA,STL-LSTM (full),226,480336.21583366394,2.783799432429831
homerule_N,total_liabilities_GA,STL-LSTM (full),227,22822.676765441895,104.659196194239
homerule_N,total_liabilities_GA,STL-LSTM (full),228,219508.71072387695,23.61376047658017
homerule_N,total_liabilities_GA,STL-LSTM (full),230,1.76888108253479,200.0
homerule_N,total_liabilities_GA,STL-LSTM (full),231,15863.354384422302,4.7457181546398965
homerule_N,total_liabilities_GA,STL-LSTM (full),232,59.655433773994446,17.084813617548257
homerule_N,total_liabilities_GA,STL-LSTM (full),233,570.7235145568848,24.044250058193647
homerule_N,total_liabilities_GA,STL-LSTM (full),234,166114.18563818932,29.967844198948534
homerule_N,total_liabilities_GA,STL-LSTM (full),237,324700.66495490074,76.66937103036324
homerule_N,total_liabilities_GA,STL-LSTM (full),241,49997.98646616936,199.9838923780197
homerule_N,total_liabilities_GA,STL-LSTM (full),245,145684.1700208187,36.60782615806046
homerule_N,total_liabilities_GA,STL-LSTM (full),246,1268759.4019590616,83.48146489269907
homerule_N,total_liabilities_GA,STL-LSTM (full),248,918907.4063956738,76.2513770782589
homerule_N,total_liabilities_GA,STL-LSTM (full),249,2.146681308746338,200.0
homerule_N,total_liabilities_GA,STL-LSTM (full),250,217280.2914636135,39.02961968885616
homerule_N,total_liabilities_GA,STL-LSTM (full),251,467472.3888645172,39.4565321223293
homerule_N,total_liabilities_GA,STL-LSTM (full),252,95767.14299619198,6.171018324743119
homerule_N,total_liabilities_GA,STL-LSTM (full),253,41.32469201087952,177.07303407836906
homerule_N,total_liabilities_GA,STL-LSTM (full),254,638664.3407945633,25.468627707632123
homerule_N,total_liabilities_GA,STL-LSTM (full),255,718014.4555222988,15.845741044563308
homerule_N,total_liabilities_GA,STL-LSTM (full),256,563715.2525730133,2.538268355552665
homerule_N,total_liabilities_GA,STL-LSTM (full),257,17414032.267694235,15.529951429357835
homerule_N,total_liabilities_GA,STL-LSTM (full),258,616665.1981394291,8.386896007982827
homerule_N,total_liabilities_GA,STL-LSTM (full),259,6576876.486046195,19.974062803449613
homerule_N,total_liabilities_GA,STL-LSTM (full),262,1554588.245850563,2.223574359046165
homerule_N,total_liabilities_GA,STL-LSTM (full),264,1238.7676334381104,5.658182598946243
homerule_N,total_liabilities_GA,STL-LSTM (full),266,46633.75111436844,43.341478474118205
homerule_N,total_liabilities_GA,STL-LSTM (full),269,4436041.326704979,7.841620250847837
homerule_N,total_liabilities_GA,STL-LSTM (full),270,38893998.757795334,5.7909543176081835
homerule_N,total_liabilities_GA,STL-LSTM (full),271,978114.7864444256,16.57936432957006
homerule_N,total_liabilities_GA,STL-LSTM (full),272,685043.1212284565,14.284925723994423
homerule_N,total_liabilities_GA,STL-LSTM (full),273,6791.459494590759,199.85048243839825
homerule_N,total_liabilities_GA,STL-LSTM (full),274,50210.08229577541,11.560298927768756
homerule_N,total_liabilities_GA,MTL-LSTM (full),2,126304.90234375,5.115081832916298
homerule_N,total_liabilities_GA,MTL-LSTM (full),3,382168.41162109375,5.761735981259895
homerule_N,total_liabilities_GA,MTL-LSTM (full),5,9236.00927734375,173.60934831789027
homerule_N,total_liabilities_GA,MTL-LSTM (full),6,5455123.296875,19.322643028445924
homerule_N,total_liabilities_GA,MTL-LSTM (full),7,903350.7094726562,16.015498201745775
homerule_N,total_liabilities_GA,MTL-LSTM (full),8,49240.68408203125,196.2926556931956
homerule_N,total_liabilities_GA,MTL-LSTM (full),9,542323.2182617188,87.32140538592445
homerule_N,total_liabilities_GA,MTL-LSTM (full),10,508.26580810546875,0.056120676131390795
homerule_N,total_liabilities_GA,MTL-LSTM (full),11,90923.13671875,74.00694799101633
homerule_N,total_liabilities_GA,MTL-LSTM (full),14,531541.2465820312,195.77919302549597
homerule_N,total_liabilities_GA,MTL-LSTM (full),15,98409.857421875,17.048877134942824
homerule_N,total_liabilities_GA,MTL-LSTM (full),16,294921.07470703125,15.485530093294644
homerule_N,total_liabilities_GA,MTL-LSTM (full),17,412778.08837890625,16.85269363180107
homerule_N,total_liabilities_GA,MTL-LSTM (full),18,91711.24560546875,3.1592390896318787
homerule_N,total_liabilities_GA,MTL-LSTM (full),19,3313.3759765625,70.01044617280601
homerule_N,total_liabilities_GA,MTL-LSTM (full),21,132103.95947265625,14.699090759014663
homerule_N,total_liabilities_GA,MTL-LSTM (full),22,975421.0085449219,28.50395887403609
homerule_N,total_liabilities_GA,MTL-LSTM (full),24,2740390.8818359375,4.9489919474679525
homerule_N,total_liabilities_GA,MTL-LSTM (full),25,99517240.40673828,199.98144576776392
homerule_N,total_liabilities_GA,MTL-LSTM (full),26,38381.643310546875,31.537443555499785
homerule_N,total_liabilities_GA,MTL-LSTM (full),28,3667913.115234375,4.781262534505433
homerule_N,total_liabilities_GA,MTL-LSTM (full),40,1311738.58203125,4.314661541661198
homerule_N,total_liabilities_GA,MTL-LSTM (full),41,5720109.1328125,14.08701286652386
homerule_N,total_liabilities_GA,MTL-LSTM (full),43,8905130.793457031,36.26119703112302
homerule_N,total_liabilities_GA,MTL-LSTM (full),46,204899.515625,6.734453924102156
homerule_N,total_liabilities_GA,MTL-LSTM (full),47,129779.98388671875,16.884694779256197
homerule_N,total_liabilities_GA,MTL-LSTM (full),49,259965.96044921875,5.26497344871321
homerule_N,total_liabilities_GA,MTL-LSTM (full),50,119419.8193359375,4.390902827960673
homerule_N,total_liabilities_GA,MTL-LSTM (full),51,559135.7568359375,13.10925637912794
homerule_N,total_liabilities_GA,MTL-LSTM (full),52,293703.9638671875,11.772758996964134
homerule_N,total_liabilities_GA,MTL-LSTM (full),53,94323.87451171875,10.188078635093541
homerule_N,total_liabilities_GA,MTL-LSTM (full),56,982305.7587890625,22.824675466926475
homerule_N,total_liabilities_GA,MTL-LSTM (full),64,116070.7412109375,0.9384341557184795
homerule_N,total_liabilities_GA,MTL-LSTM (full),65,6420.3046875,40.08643617832096
homerule_N,total_liabilities_GA,MTL-LSTM (full),66,230281.8798828125,93.36801396305073
homerule_N,total_liabilities_GA,MTL-LSTM (full),67,21104.00390625,57.694313074189964
homerule_N,total_liabilities_GA,MTL-LSTM (full),68,4889861.427246094,14.077036874128387
homerule_N,total_liabilities_GA,MTL-LSTM (full),69,4022.602294921875,200.0
homerule_N,total_liabilities_GA,MTL-LSTM (full),70,260116.8251953125,3.666678461491272
homerule_N,total_liabilities_GA,MTL-LSTM (full),71,538739.4821777344,163.7002191848832
homerule_N,total_liabilities_GA,MTL-LSTM (full),72,9707.03125,106.88815670621025
homerule_N,total_liabilities_GA,MTL-LSTM (full),75,7442.1478271484375,200.0
homerule_N,total_liabilities_GA,MTL-LSTM (full),77,28155.1396484375,32.29969794300607
homerule_N,total_liabilities_GA,MTL-LSTM (full),78,640391.0952148438,18.109340101151115
homerule_N,total_liabilities_GA,MTL-LSTM (full),79,21274.16259765625,4.851973857160078
homerule_N,total_liabilities_GA,MTL-LSTM (full),80,18640.26220703125,76.64540181831785
homerule_N,total_liabilities_GA,MTL-LSTM (full),81,12987.89208984375,5.879775664142633
homerule_N,total_liabilities_GA,MTL-LSTM (full),82,4437.4111328125,179.3106700469615
homerule_N,total_liabilities_GA,MTL-LSTM (full),83,4757.45703125,200.0
homerule_N,total_liabilities_GA,MTL-LSTM (full),84,161354.58349609375,56.873010316942285
homerule_N,total_liabilities_GA,MTL-LSTM (full),85,19.25625228881836,200.0
homerule_N,total_liabilities_GA,MTL-LSTM (full),86,7426751.6376953125,31.898357104112517
homerule_N,total_liabilities_GA,MTL-LSTM (full),87,377182.609375,40.13079150293118
homerule_N,total_liabilities_GA,MTL-LSTM (full),88,601.98046875,7.2458013522844045
homerule_N,total_liabilities_GA,MTL-LSTM (full),89,4498.60400390625,200.0
homerule_N,total_liabilities_GA,MTL-LSTM (full),90,201767.38671875,188.23637861471633
homerule_N,total_liabilities_GA,MTL-LSTM (full),93,4324.7249755859375,5.021430215981854
homerule_N,total_liabilities_GA,MTL-LSTM (full),95,2826947.7294921875,117.00003756897455
homerule_N,total_liabilities_GA,MTL-LSTM (full),96,1123259.6528320312,121.1582602672951
homerule_N,total_liabilities_GA,MTL-LSTM (full),97,909793.0595703125,8.845165374265166
homerule_N,total_liabilities_GA,MTL-LSTM (full),101,6590.098876953125,28.345670193494815
homerule_N,total_liabilities_GA,MTL-LSTM (full),103,2493.218017578125,37.681205195384834
homerule_N,total_liabilities_GA,MTL-LSTM (full),105,129626.427734375,19.934516309756486
homerule_N,total_liabilities_GA,MTL-LSTM (full),107,3587.51806640625,200.0
homerule_N,total_liabilities_GA,MTL-LSTM (full),108,138497.61849975586,77.58543862756974
homerule_N,total_liabilities_GA,MTL-LSTM (full),109,943099.8745117188,190.53290132197003
homerule_N,total_liabilities_GA,MTL-LSTM (full),110,831000.3178710938,191.3839564741693
homerule_N,total_liabilities_GA,MTL-LSTM (full),111,13377.16845703125,80.39847785910247
homerule_N,total_liabilities_GA,MTL-LSTM (full),115,2188979.5341796875,4.62248606344042
homerule_N,total_liabilities_GA,MTL-LSTM (full),118,52052.964599609375,16.705031488327577
homerule_N,total_liabilities_GA,MTL-LSTM (full),119,920063.7133789062,8.015681262573965
homerule_N,total_liabilities_GA,MTL-LSTM (full),120,979677.8041992188,2.5258152485350784
homerule_N,total_liabilities_GA,MTL-LSTM (full),121,152251.28466796875,60.832711592224875
homerule_N,total_liabilities_GA,MTL-LSTM (full),123,801303.3059082031,172.28092639961693
homerule_N,total_liabilities_GA,MTL-LSTM (full),124,9239.66943359375,48.82729340104221
homerule_N,total_liabilities_GA,MTL-LSTM (full),131,171390.98388671875,57.93671198784125
homerule_N,total_liabilities_GA,MTL-LSTM (full),133,1917755.3325195312,31.46503059631488
homerule_N,total_liabilities_GA,MTL-LSTM (full),134,131649.1884765625,1.2398540969988112
homerule_N,total_liabilities_GA,MTL-LSTM (full),135,692129.7182617188,10.190601147746193
homerule_N,total_liabilities_GA,MTL-LSTM (full),136,20761420.06298828,23.30013809510776
homerule_N,total_liabilities_GA,MTL-LSTM (full),139,4394.0673828125,94.96510455442682
homerule_N,total_liabilities_GA,MTL-LSTM (full),140,580755.3654785156,38.605959722329516
homerule_N,total_liabilities_GA,MTL-LSTM (full),141,6368.71142578125,66.61584168038907
homerule_N,total_liabilities_GA,MTL-LSTM (full),142,18.21923828125,0.26207602944104225
homerule_N,total_liabilities_GA,MTL-LSTM (full),143,6457138.947753906,17.392177258315378
homerule_N,total_liabilities_GA,MTL-LSTM (full),144,121800.33544921875,19.781478908872334
homerule_N,total_liabilities_GA,MTL-LSTM (full),145,45550.965576171875,4.90270584012582
homerule_N,total_liabilities_GA,MTL-LSTM (full),146,1645817.2111816406,2.8741093198017422
homerule_N,total_liabilities_GA,MTL-LSTM (full),147,12477.39599609375,39.97154251323947
homerule_N,total_liabilities_GA,MTL-LSTM (full),148,4138.0615234375,143.43214562371807
homerule_N,total_liabilities_GA,MTL-LSTM (full),149,95441.88696289062,59.731048529761864
homerule_N,total_liabilities_GA,MTL-LSTM (full),150,32599.31396484375,36.454095015764544
homerule_N,total_liabilities_GA,MTL-LSTM (full),151,267813.0556640625,9.47559519178788
homerule_N,total_liabilities_GA,MTL-LSTM (full),152,528974.275390625,15.139288110837427
homerule_N,total_liabilities_GA,MTL-LSTM (full),153,259385.708984375,80.31490670664225
homerule_N,total_liabilities_GA,MTL-LSTM (full),154,17807.911865234375,42.10012155761627
homerule_N,total_liabilities_GA,MTL-LSTM (full),155,103736.94836425781,47.74817127606934
homerule_N,total_liabilities_GA,MTL-LSTM (full),156,22930.7548828125,108.61799494824938
homerule_N,total_liabilities_GA,MTL-LSTM (full),157,141124.06591796875,68.4925201746867
homerule_N,total_liabilities_GA,MTL-LSTM (full),161,215941.33203125,0.8085171620750172
homerule_N,total_liabilities_GA,MTL-LSTM (full),162,542956.5,5.797602147078531
homerule_N,total_liabilities_GA,MTL-LSTM (full),163,65984.0498046875,0.8427793203814435
homerule_N,total_liabilities_GA,MTL-LSTM (full),164,3219542.634765625,9.08871298108385
homerule_N,total_liabilities_GA,MTL-LSTM (full),165,192353.69848632812,0.5978078770622479
homerule_N,total_liabilities_GA,MTL-LSTM (full),166,19957.050048828125,59.77406216978493
homerule_N,total_liabilities_GA,MTL-LSTM (full),168,87512.93017578125,142.54669534851885
homerule_N,total_liabilities_GA,MTL-LSTM (full),169,8740.012939453125,181.78039057318867
homerule_N,total_liabilities_GA,MTL-LSTM (full),170,1314.8466796875,6.576674442909071
homerule_N,total_liabilities_GA,MTL-LSTM (full),171,6431.295497894287,11.357365751911146
homerule_N,total_liabilities_GA,MTL-LSTM (full),172,364099.4765625,53.72213442254158
homerule_N,total_liabilities_GA,MTL-LSTM (full),173,4592.7177734375,200.0
homerule_N,total_liabilities_GA,MTL-LSTM (full),174,54979.60369873047,53.278525937290134
homerule_N,total_liabilities_GA,MTL-LSTM (full),175,1784826.8197021484,6.6236963877751505
homerule_N,total_liabilities_GA,MTL-LSTM (full),176,489179.4091796875,98.76432484141607
homerule_N,total_liabilities_GA,MTL-LSTM (full),177,571.0284476280212,77.84831283282801
homerule_N,total_liabilities_GA,MTL-LSTM (full),178,2368976.55859375,8.52924029952889
homerule_N,total_liabilities_GA,MTL-LSTM (full),180,926194.8603515625,4.732160328012552
homerule_N,total_liabilities_GA,MTL-LSTM (full),181,4769510.562133789,25.99802958980517
homerule_N,total_liabilities_GA,MTL-LSTM (full),185,79152.748046875,3.8733638996153776
homerule_N,total_liabilities_GA,MTL-LSTM (full),186,5136273.787353516,126.32420405154188
homerule_N,total_liabilities_GA,MTL-LSTM (full),187,21020.96728515625,5.1071413159036645
homerule_N,total_liabilities_GA,MTL-LSTM (full),188,98423.30786132812,13.205433095053094
homerule_N,total_liabilities_GA,MTL-LSTM (full),189,123936.791015625,20.6394003166076
homerule_N,total_liabilities_GA,MTL-LSTM (full),190,5024.2242431640625,200.0
homerule_N,total_liabilities_GA,MTL-LSTM (full),192,870532.2993164062,10.020721164856528
homerule_N,total_liabilities_GA,MTL-LSTM (full),193,673093.2578125,9.144550022754323
homerule_N,total_liabilities_GA,MTL-LSTM (full),194,4187.4443359375,200.0
homerule_N,total_liabilities_GA,MTL-LSTM (full),195,36647.198486328125,2.7937694761341914
homerule_N,total_liabilities_GA,MTL-LSTM (full),196,12524695.114501953,90.14759385258579
homerule_N,total_liabilities_GA,MTL-LSTM (full),197,11227.028564453125,12.053861470459488
homerule_N,total_liabilities_GA,MTL-LSTM (full),198,14325.16552734375,24.335797273644296
homerule_N,total_liabilities_GA,MTL-LSTM (full),200,221.98690795898438,200.0
homerule_N,total_liabilities_GA,MTL-LSTM (full),201,776887.8522949219,20.11387773475031
homerule_N,total_liabilities_GA,MTL-LSTM (full),202,436118.7529296875,32.25230948108473
homerule_N,total_liabilities_GA,MTL-LSTM (full),203,512443.26416015625,18.47545438906484
homerule_N,total_liabilities_GA,MTL-LSTM (full),204,38311.72509765625,2.8540507429607382
homerule_N,total_liabilities_GA,MTL-LSTM (full),205,2103065.7719726562,8.897588875870392
homerule_N,total_liabilities_GA,MTL-LSTM (full),206,5598.177978515625,12.21134087717915
homerule_N,total_liabilities_GA,MTL-LSTM (full),207,42666.770751953125,14.560030931303485
homerule_N,total_liabilities_GA,MTL-LSTM (full),209,2762.446533203125,150.93494786199253
homerule_N,total_liabilities_GA,MTL-LSTM (full),211,573571.9155273438,32.36206260672306
homerule_N,total_liabilities_GA,MTL-LSTM (full),212,4060742.5063476562,123.94843406837136
homerule_N,total_liabilities_GA,MTL-LSTM (full),213,4003.13525390625,95.52727960190077
homerule_N,total_liabilities_GA,MTL-LSTM (full),214,92077.08325195312,40.315467096481264
homerule_N,total_liabilities_GA,MTL-LSTM (full),216,6883.26171875,5.205339685993459
homerule_N,total_liabilities_GA,MTL-LSTM (full),217,9073.06396484375,7.544573507939978
homerule_N,total_liabilities_GA,MTL-LSTM (full),218,1346529.384765625,38.21602757069723
homerule_N,total_liabilities_GA,MTL-LSTM (full),221,489.60899353027344,14.531925887357547
homerule_N,total_liabilities_GA,MTL-LSTM (full),222,56938.7216796875,23.876745204985724
homerule_N,total_liabilities_GA,MTL-LSTM (full),223,2209959.3330078125,1.918828134128302
homerule_N,total_liabilities_GA,MTL-LSTM (full),226,484497.0947265625,2.8075753844847045
homerule_N,total_liabilities_GA,MTL-LSTM (full),227,20616.061767578125,89.98729619844987
homerule_N,total_liabilities_GA,MTL-LSTM (full),228,215211.8662109375,23.09814138456117
homerule_N,total_liabilities_GA,MTL-LSTM (full),230,4415.33154296875,200.0
homerule_N,total_liabilities_GA,MTL-LSTM (full),231,19802.84423828125,5.88955952881999
homerule_N,total_liabilities_GA,MTL-LSTM (full),232,4527.15869140625,171.31590386368077
homerule_N,total_liabilities_GA,MTL-LSTM (full),233,4035.6123046875,86.289920369376
homerule_N,total_liabilities_GA,MTL-LSTM (full),234,170352.80126953125,30.615458741822355
homerule_N,total_liabilities_GA,MTL-LSTM (full),237,320374.3515625,75.26340386388833
homerule_N,total_liabilities_GA,MTL-LSTM (full),241,45260.2431640625,165.36515973102917
homerule_N,total_liabilities_GA,MTL-LSTM (full),245,149924.2763671875,37.47365509930393
homerule_N,total_liabilities_GA,MTL-LSTM (full),246,1271762.6201171875,83.59647441707412
homerule_N,total_liabilities_GA,MTL-LSTM (full),248,923246.3310546875,76.47375276405945
homerule_N,total_liabilities_GA,MTL-LSTM (full),249,3529.22265625,200.0
homerule_N,total_liabilities_GA,MTL-LSTM (full),250,217431.79486083984,39.05152014896676
homerule_N,total_liabilities_GA,MTL-LSTM (full),251,472149.33349609375,39.772782804025994
homerule_N,total_liabilities_GA,MTL-LSTM (full),252,97931.0703125,6.30606037122642
homerule_N,total_liabilities_GA,MTL-LSTM (full),253,3487.378173828125,195.07744379913922
homerule_N,total_liabilities_GA,MTL-LSTM (full),254,641926.5717773438,25.582078803461645
homerule_N,total_liabilities_GA,MTL-LSTM (full),255,721441.4702148438,15.915352851427064
homerule_N,total_liabilities_GA,MTL-LSTM (full),256,568264.5224609375,2.5584905330946794
homerule_N,total_liabilities_GA,MTL-LSTM (full),257,17418077.619873047,15.533278906811029
homerule_N,total_liabilities_GA,MTL-LSTM (full),258,620560.7895507812,8.437642426390925
homerule_N,total_liabilities_GA,MTL-LSTM (full),259,6581530.208496094,19.986783813595274
homerule_N,total_liabilities_GA,MTL-LSTM (full),262,1557552.7407226562,2.2277673343242177
homerule_N,total_liabilities_GA,MTL-LSTM (full),264,4986.14697265625,20.9792214238093
homerule_N,total_liabilities_GA,MTL-LSTM (full),266,45669.22442626953,42.25564922038901
homerule_N,total_liabilities_GA,MTL-LSTM (full),269,4440850.324707031,7.849787497910218
homerule_N,total_liabilities_GA,MTL-LSTM (full),270,38889782.830566406,5.790308432053917
homerule_N,total_liabilities_GA,MTL-LSTM (full),271,976114.404296875,16.542652631084962
homerule_N,total_liabilities_GA,MTL-LSTM (full),272,687088.7056884766,14.324526348728453
homerule_N,total_liabilities_GA,MTL-LSTM (full),273,2359.828125,42.03405774815858
homerule_N,total_liabilities_GA,MTL-LSTM (full),274,54832.8271484375,12.557804708330325
homerule_N,tot_fnp,ARIMA,2,528767.4902234226,1.284294460619731
homerule_N,tot_fnp,ARIMA,3,1471437.8654831126,2.8042877767268686
homerule_N,tot_fnp,ARIMA,5,205784.0,200.0
homerule_N,tot_fnp,ARIMA,6,34854201.06512934,11.35851357009404
homerule_N,tot_fnp,ARIMA,7,15511700.785590716,54.62765446332901
homerule_N,tot_fnp,ARIMA,8,0.0,0.0
homerule_N,tot_fnp,ARIMA,9,13289381.777272008,200.0
homerule_N,tot_fnp,ARIMA,10,2547147.304761626,16.635071628801438
homerule_N,tot_fnp,ARIMA,11,0.0,0.0
homerule_N,tot_fnp,ARIMA,14,305716.0399597059,14.16978951716828
homerule_N,tot_fnp,ARIMA,15,13124836.846817054,29.42575594861308
homerule_N,tot_fnp,ARIMA,16,81845125.00000001,200.0
homerule_N,tot_fnp,ARIMA,17,105318.728370063,0.2834709497648638
homerule_N,tot_fnp,ARIMA,18,664991.0,1.4620111220098981
homerule_N,tot_fnp,ARIMA,19,64328.54568553995,1.2523190540641416
homerule_N,tot_fnp,ARIMA,21,372656.0748373121,0.6505964117809865
homerule_N,tot_fnp,ARIMA,22,37452.3502664417,0.07859415239141472
homerule_N,tot_fnp,ARIMA,24,1453649.915844053,0.682812846064095
homerule_N,tot_fnp,ARIMA,25,140416.16529238224,0.05290921483665196
homerule_N,tot_fnp,ARIMA,26,0.0,0.0
homerule_N,tot_fnp,ARIMA,28,12170571.934294283,7.039023947257483
homerule_N,tot_fnp,ARIMA,40,10670896.869890809,6.03638933337112
homerule_N,tot_fnp,ARIMA,41,3715325.5661197007,2.6768071412359555
homerule_N,tot_fnp,ARIMA,43,2325014.0,2.230290036009518
homerule_N,tot_fnp,ARIMA,46,571441.8141391128,1.2437049721420752
homerule_N,tot_fnp,ARIMA,47,602146.5187879615,6.537208626202151
homerule_N,tot_fnp,ARIMA,49,31171377.0,200.0
homerule_N,tot_fnp,ARIMA,50,516564.61410337687,1.1727123288867705
homerule_N,tot_fnp,ARIMA,51,3224037.788305089,3.811925120740088
homerule_N,tot_fnp,ARIMA,52,18597294.0,200.0
homerule_N,tot_fnp,ARIMA,53,408738.59840616025,2.813409332657001
homerule_N,tot_fnp,ARIMA,56,154877.03246580996,1.8410495558230193
homerule_N,tot_fnp,ARIMA,64,3159226.6370663643,3.0801576557637915
homerule_N,tot_fnp,ARIMA,65,0.0,0.0
homerule_N,tot_fnp,ARIMA,66,613156.0,3.1907648102284982
homerule_N,tot_fnp,ARIMA,67,0.0,0.0
homerule_N,tot_fnp,ARIMA,68,3407448.827700734,1.5116178756828198
homerule_N,tot_fnp,ARIMA,69,110010.55534473388,3.340347326929856
homerule_N,tot_fnp,ARIMA,70,1373909.6996848658,2.3393472468671805
homerule_N,tot_fnp,ARIMA,71,1424888.4617128558,7.7164378650966245
homerule_N,tot_fnp,ARIMA,72,31441101.91562693,83.59277322969281
homerule_N,tot_fnp,ARIMA,75,0.0,0.0
homerule_N,tot_fnp,ARIMA,77,124440.67039305018,3.0130667324468794
homerule_N,tot_fnp,ARIMA,78,4690620.0,3.089603215976973
homerule_N,tot_fnp,ARIMA,79,475962.69715529867,4.667641457293506
homerule_N,tot_fnp,ARIMA,80,1595313.6076481696,23.99874299236668
homerule_N,tot_fnp,ARIMA,81,102645.60583252553,2.0000526464226365
homerule_N,tot_fnp,ARIMA,82,437551.274274949,1.9760957089852493
homerule_N,tot_fnp,ARIMA,83,96229.0,2.5280885962000514
homerule_N,tot_fnp,ARIMA,84,161347.86608495377,1.123583848372111
homerule_N,tot_fnp,ARIMA,85,0.0,0.0
homerule_N,tot_fnp,ARIMA,86,795404.3091383725,0.6033210802860671
homerule_N,tot_fnp,ARIMA,87,647853.7629280426,2.6588610089246654
homerule_N,tot_fnp,ARIMA,88,646619.0448868703,6.788462152192043
homerule_N,tot_fnp,ARIMA,89,236368.0260167662,21.709797292031922
homerule_N,tot_fnp,ARIMA,90,197543.7313586548,1.4519584892682447
homerule_N,tot_fnp,ARIMA,93,235542.32441327907,5.066747867662632
homerule_N,tot_fnp,ARIMA,95,13981166.977505904,67.07815367992019
homerule_N,tot_fnp,ARIMA,96,9097557.0,200.0
homerule_N,tot_fnp,ARIMA,97,2169680.388303444,2.0514481644753073
homerule_N,tot_fnp,ARIMA,101,0.0,0.0
homerule_N,tot_fnp,ARIMA,103,110550.0,9.785645241812986
homerule_N,tot_fnp,ARIMA,105,825670.106769912,2.6504251133260146
homerule_N,tot_fnp,ARIMA,107,0.0,0.0
homerule_N,tot_fnp,ARIMA,108,0.0,0.0
homerule_N,tot_fnp,ARIMA,109,3816656.428673953,4.812971955502208
homerule_N,tot_fnp,ARIMA,110,4359070.865411673,13.080161034328016
homerule_N,tot_fnp,ARIMA,111,284918.0,2.2914691716335485
homerule_N,tot_fnp,ARIMA,115,13776707.588923872,4.75771719322397
homerule_N,tot_fnp,ARIMA,118,1098444.3763965443,6.638504708820757
homerule_N,tot_fnp,ARIMA,119,27999.576705031097,0.046862557247826966
homerule_N,tot_fnp,ARIMA,120,52686.56505557895,0.052292099455595945
homerule_N,tot_fnp,ARIMA,121,87405.19979468733,0.9839968822177303
homerule_N,tot_fnp,ARIMA,123,0.0,0.0
homerule_N,tot_fnp,ARIMA,124,0.0,0.0
homerule_N,tot_fnp,ARIMA,131,321583.0,6.571760066988086
homerule_N,tot_fnp,ARIMA,133,769456.5942188352,2.0419829913942587
homerule_N,tot_fnp,ARIMA,134,2215466.176794216,3.2799015915232688
homerule_N,tot_fnp,ARIMA,135,532795.0,1.3149818425045436
homerule_N,tot_fnp,ARIMA,136,16324106.938497573,7.83145124041625
homerule_N,tot_fnp,ARIMA,139,268483.58026975347,10.455411009559686
homerule_N,tot_fnp,ARIMA,140,1207194.796879109,4.249137721964386
homerule_N,tot_fnp,ARIMA,141,0.0,0.0
homerule_N,tot_fnp,ARIMA,142,308641.8041501972,15.040282589502919
homerule_N,tot_fnp,ARIMA,143,8848749.412792265,4.526151739267591
homerule_N,tot_fnp,ARIMA,144,276351.0325297378,1.125838252756298
homerule_N,tot_fnp,ARIMA,145,201034.89071110543,4.2373399146118995
homerule_N,tot_fnp,ARIMA,146,55707666.977246776,103.30545015074621
homerule_N,tot_fnp,ARIMA,147,7333405.336360094,200.0
homerule_N,tot_fnp,ARIMA,148,414289.5298836902,10.632189962362169
homerule_N,tot_fnp,ARIMA,149,13189.820064204745,0.2740497017567573
homerule_N,tot_fnp,ARIMA,150,0.0,0.0
homerule_N,tot_fnp,ARIMA,151,39320.25562899187,0.43695027434238504
homerule_N,tot_fnp,ARIMA,152,1622240.0623355284,4.224750391880764
homerule_N,tot_fnp,ARIMA,153,0.0,0.0
homerule_N,tot_fnp,ARIMA,154,0.0,0.0
homerule_N,tot_fnp,ARIMA,155,0.0,0.0
homerule_N,tot_fnp,ARIMA,156,632984.0983093865,2.9749898438769735
homerule_N,tot_fnp,ARIMA,157,48666.06716268882,0.34091312049378486
homerule_N,tot_fnp,ARIMA,161,3503019.674211532,2.0798626870986023
homerule_N,tot_fnp,ARIMA,162,31836556.0,200.0
homerule_N,tot_fnp,ARIMA,163,2834485.2440724075,3.907490947713279
homerule_N,tot_fnp,ARIMA,164,223564.63199087977,0.18017219871262058
homerule_N,tot_fnp,ARIMA,165,3698117.0,2.0304303398012857
homerule_N,tot_fnp,ARIMA,166,0.0,0.0
homerule_N,tot_fnp,ARIMA,168,4507411.133542523,31.600872253450383
homerule_N,tot_fnp,ARIMA,169,123854.99803972896,1.6463985445794884
homerule_N,tot_fnp,ARIMA,170,3551496.0,200.0
homerule_N,tot_fnp,ARIMA,171,0.0,0.0
homerule_N,tot_fnp,ARIMA,172,786494.450828854,2.8755729316875964
homerule_N,tot_fnp,ARIMA,173,771196.2081592828,6.916705624372657
homerule_N,tot_fnp,ARIMA,174,0.0,0.0
homerule_N,tot_fnp,ARIMA,175,2417178.047205612,2.6682375631181747
homerule_N,tot_fnp,ARIMA,176,956912.0,11.308510229706773
homerule_N,tot_fnp,ARIMA,177,572198.9925703517,177.2158559188232
homerule_N,tot_fnp,ARIMA,178,4556796.68072322,2.6044438721009384
homerule_N,tot_fnp,ARIMA,180,3031866.037944734,3.341374409212038
homerule_N,tot_fnp,ARIMA,181,9498367.04107064,23.93956746942831
homerule_N,tot_fnp,ARIMA,185,516261.4902975261,6.246944736952218
homerule_N,tot_fnp,ARIMA,186,435750.0,2.330486209217494
homerule_N,tot_fnp,ARIMA,187,308937.3235208329,16.986885884025888
homerule_N,tot_fnp,ARIMA,188,48788.245085729286,2.8956546785077304
homerule_N,tot_fnp,ARIMA,189,1670347.5111840256,5.987906359554694
homerule_N,tot_fnp,ARIMA,190,0.0,0.0
homerule_N,tot_fnp,ARIMA,192,4346536.207309723,5.6271699759530405
homerule_N,tot_fnp,ARIMA,193,2910739.0,3.1352145118752
homerule_N,tot_fnp,ARIMA,194,271440.6767967071,19.623806346930063
homerule_N,tot_fnp,ARIMA,195,4728191.409722738,10.741267476909748
homerule_N,tot_fnp,ARIMA,196,6238727.149968721,14.642599760120726
homerule_N,tot_fnp,ARIMA,197,0.0,0.0
homerule_N,tot_fnp,ARIMA,198,0.0,0.0
homerule_N,tot_fnp,ARIMA,200,4730193.905419286,43.34422966182374
homerule_N,tot_fnp,ARIMA,201,2982045.158068672,3.7994953119296397
homerule_N,tot_fnp,ARIMA,202,491356.9477189742,3.28816670269881
homerule_N,tot_fnp,ARIMA,203,111652.62215472013,0.4776108590050134
homerule_N,tot_fnp,ARIMA,204,8799454.0,200.0
homerule_N,tot_fnp,ARIMA,205,480546.96448105574,0.21228213553164269
homerule_N,tot_fnp,ARIMA,206,1069490.6606368627,8.003609229444852
homerule_N,tot_fnp,ARIMA,207,2908466.2372104432,43.92192852680866
homerule_N,tot_fnp,ARIMA,209,0.0,0.0
homerule_N,tot_fnp,ARIMA,211,2496123.544389356,7.263414078683302
homerule_N,tot_fnp,ARIMA,212,842277.0,2.1273219125886254
homerule_N,tot_fnp,ARIMA,213,274394.7291776892,4.711257564314793
homerule_N,tot_fnp,ARIMA,214,120619.49188836548,5.960433619670886
homerule_N,tot_fnp,ARIMA,216,0.0,0.0
homerule_N,tot_fnp,ARIMA,217,0.0,0.0
homerule_N,tot_fnp,ARIMA,218,990702.7953656837,1.6592393325535537
homerule_N,tot_fnp,ARIMA,221,108646.0716877681,61.88013641322725
homerule_N,tot_fnp,ARIMA,222,492202.99410893023,0.6006118578219795
homerule_N,tot_fnp,ARIMA,223,2589087.353889346,0.6388963944160402
homerule_N,tot_fnp,ARIMA,226,2317083.3779073283,3.5913638032946045
homerule_N,tot_fnp,ARIMA,227,655044.7802609317,3.758562092703601
homerule_N,tot_fnp,ARIMA,228,235173.0,1.2945014992923598
homerule_N,tot_fnp,ARIMA,230,1602667.7876361497,7.598155620313751
homerule_N,tot_fnp,ARIMA,231,97805.4125747364,0.8085563528875832
homerule_N,tot_fnp,ARIMA,232,1579668.3816111758,3.5105927111364927
homerule_N,tot_fnp,ARIMA,233,185300.5761199626,6.594895187315651
homerule_N,tot_fnp,ARIMA,234,252627.80082333833,6.098617623737545
homerule_N,tot_fnp,ARIMA,237,107542.19977941737,0.4275801587155458
homerule_N,tot_fnp,ARIMA,241,158118.07231367473,3.143107376378312
homerule_N,tot_fnp,ARIMA,245,51753.99787192233,0.4293395522948603
homerule_N,tot_fnp,ARIMA,246,2027217.2164236754,3.51668337009853
homerule_N,tot_fnp,ARIMA,248,2002385.6623317003,4.528691799573012
homerule_N,tot_fnp,ARIMA,249,0.0,0.0
homerule_N,tot_fnp,ARIMA,250,1878071.0,4.895246276511608
homerule_N,tot_fnp,ARIMA,251,633372.6370605305,1.1430175284992512
homerule_N,tot_fnp,ARIMA,252,163580.0825022962,1.2631380771171528
homerule_N,tot_fnp,ARIMA,253,1372195.6296936288,200.0
homerule_N,tot_fnp,ARIMA,254,1092474.8806778193,5.2383193224995575
homerule_N,tot_fnp,ARIMA,255,1822826.7252864465,6.464656447954578
homerule_N,tot_fnp,ARIMA,256,260816.5081358552,0.2328301614814292
homerule_N,tot_fnp,ARIMA,257,19844891.0,8.839143162116764
homerule_N,tot_fnp,ARIMA,258,4445498.892216779,11.889036837406765
homerule_N,tot_fnp,ARIMA,259,118844652.0,200.0
homerule_N,tot_fnp,ARIMA,262,1430505.8922165185,2.5739699152996653
homerule_N,tot_fnp,ARIMA,264,0.0,0.0
homerule_N,tot_fnp,ARIMA,266,0.0,0.0
homerule_N,tot_fnp,ARIMA,269,2464563.1984750926,1.9982773065584916
homerule_N,tot_fnp,ARIMA,270,165693062.66304755,8.148987937202783
homerule_N,tot_fnp,ARIMA,271,7664336.503000952,33.04302997448795
homerule_N,tot_fnp,ARIMA,272,199442.27113380097,2.1685270555959884
homerule_N,tot_fnp,ARIMA,273,471363.0,1.8939995061311998
homerule_N,tot_fnp,ARIMA,274,371367.76009353995,3.8688481557017553
homerule_N,tot_fnp,STL-LSTM (full),2,534124.4482421875,1.2972212910266705
homerule_N,tot_fnp,STL-LSTM (full),3,438100.29541015625,0.8432411260039803
homerule_N,tot_fnp,STL-LSTM (full),5,205788.5679550171,200.0
homerule_N,tot_fnp,STL-LSTM (full),6,4893340.41796875,1.6765199407882858
homerule_N,tot_fnp,STL-LSTM (full),7,17680220.622070312,59.97445295035242
homerule_N,tot_fnp,STL-LSTM (full),8,77.73575592041016,200.0
homerule_N,tot_fnp,STL-LSTM (full),9,114401.70703125,0.9418901824396909
homerule_N,tot_fnp,STL-LSTM (full),10,722667.3600845337,5.283813589706484
homerule_N,tot_fnp,STL-LSTM (full),11,11.279934883117676,200.0
homerule_N,tot_fnp,STL-LSTM (full),14,170162.45581054688,7.646730896498302
homerule_N,tot_fnp,STL-LSTM (full),15,12142469.178710938,27.52642632417283
homerule_N,tot_fnp,STL-LSTM (full),16,81845177.35529327,200.0
homerule_N,tot_fnp,STL-LSTM (full),17,111323.4599609375,0.2996087922218134
homerule_N,tot_fnp,STL-LSTM (full),18,659175.7348632812,1.4491333765382142
homerule_N,tot_fnp,STL-LSTM (full),19,58388.23828125,1.1360189697872902
homerule_N,tot_fnp,STL-LSTM (full),21,1060146.2763671875,1.8620159719609743
homerule_N,tot_fnp,STL-LSTM (full),22,31930.7470703125,0.06700312792279141
homerule_N,tot_fnp,STL-LSTM (full),24,2292431.0771484375,1.0863656327211484
homerule_N,tot_fnp,STL-LSTM (full),25,2763257.3032226562,1.0469305966867541
homerule_N,tot_fnp,STL-LSTM (full),26,1.011715292930603,200.0
homerule_N,tot_fnp,STL-LSTM (full),28,987355.8833007812,0.5901362910223705
homerule_N,tot_fnp,STL-LSTM (full),40,3798031.251953125,2.2401754199666746
homerule_N,tot_fnp,STL-LSTM (full),41,1228943.16015625,0.9014818952648551
homerule_N,tot_fnp,STL-LSTM (full),43,2318650.1689453125,2.224117589048542
homerule_N,tot_fnp,STL-LSTM (full),46,1593325.66015625,3.5514292620345436
homerule_N,tot_fnp,STL-LSTM (full),47,230865.9365234375,2.456881808502719
homerule_N,tot_fnp,STL-LSTM (full),49,1567391.1831054688,5.157982150851958
homerule_N,tot_fnp,STL-LSTM (full),50,930694.9892578125,2.1228561643701043
homerule_N,tot_fnp,STL-LSTM (full),51,2916979.5478515625,3.578801153028397
homerule_N,tot_fnp,STL-LSTM (full),52,238542.38037109375,1.2909518665838744
homerule_N,tot_fnp,STL-LSTM (full),53,402720.9384765625,2.7714149066501013
homerule_N,tot_fnp,STL-LSTM (full),56,257386.080078125,3.078347478000603
homerule_N,tot_fnp,STL-LSTM (full),64,23162.43115234375,0.022938585247046422
homerule_N,tot_fnp,STL-LSTM (full),65,37.35642623901367,200.0
homerule_N,tot_fnp,STL-LSTM (full),66,607355.4716796875,3.160102858807005
homerule_N,tot_fnp,STL-LSTM (full),67,133.88494873046875,200.0
homerule_N,tot_fnp,STL-LSTM (full),68,1700477.369140625,0.7630133680975859
homerule_N,tot_fnp,STL-LSTM (full),69,103879.57666015625,3.151253832602438
homerule_N,tot_fnp,STL-LSTM (full),70,838621.2216796875,1.4553279943898072
homerule_N,tot_fnp,STL-LSTM (full),71,237811.8544921875,1.247756019424338
homerule_N,tot_fnp,STL-LSTM (full),72,156341.61376953125,0.7167194209267391
homerule_N,tot_fnp,STL-LSTM (full),75,2.5482964515686035,200.0
homerule_N,tot_fnp,STL-LSTM (full),77,342053.0036010742,8.506183839492573
homerule_N,tot_fnp,STL-LSTM (full),78,4685239.735839844,3.0860046782779778
homerule_N,tot_fnp,STL-LSTM (full),79,96014.1142578125,0.9243640976417411
homerule_N,tot_fnp,STL-LSTM (full),80,1591189.5224609375,23.929280407322402
homerule_N,tot_fnp,STL-LSTM (full),81,119968.3671875,2.3415389115379126
homerule_N,tot_fnp,STL-LSTM (full),82,471393.20263671875,2.173547070566721
homerule_N,tot_fnp,STL-LSTM (full),83,90560.125,2.3773879244263525
homerule_N,tot_fnp,STL-LSTM (full),84,344549.0302734375,2.4147515533172346
homerule_N,tot_fnp,STL-LSTM (full),85,9.93112564086914,200.0
homerule_N,tot_fnp,STL-LSTM (full),86,5046569.578613281,3.890593868988159
homerule_N,tot_fnp,STL-LSTM (full),87,135358.34423828125,0.5614294696506812
homerule_N,tot_fnp,STL-LSTM (full),88,22034.0634765625,0.2397368054847371
homerule_N,tot_fnp,STL-LSTM (full),89,90687.13037109375,8.926587787762015
homerule_N,tot_fnp,STL-LSTM (full),90,191827.8974609375,1.4096506517599754
homerule_N,tot_fnp,STL-LSTM (full),93,129458.6650390625,2.8985749164214085
homerule_N,tot_fnp,STL-LSTM (full),95,10351395.616699219,54.40024574537077
homerule_N,tot_fnp,STL-LSTM (full),96,711125.2456054688,8.134588229207482
homerule_N,tot_fnp,STL-LSTM (full),97,2120484.4296875,2.0053994444374066
homerule_N,tot_fnp,STL-LSTM (full),101,24.993165969848633,200.0
homerule_N,tot_fnp,STL-LSTM (full),103,104219.99462890625,9.19955356139329
homerule_N,tot_fnp,STL-LSTM (full),105,497286.1669921875,1.6309337552362893
homerule_N,tot_fnp,STL-LSTM (full),107,21.807132720947266,200.0
homerule_N,tot_fnp,STL-LSTM (full),108,7.430571556091309,200.0
homerule_N,tot_fnp,STL-LSTM (full),109,2777933.6108398438,3.480302892898495
homerule_N,tot_fnp,STL-LSTM (full),110,1045330.4506835938,2.9881362966001577
homerule_N,tot_fnp,STL-LSTM (full),111,280653.13671875,2.2567817242164114
homerule_N,tot_fnp,STL-LSTM (full),115,3662205.6586914062,1.24301522680784
homerule_N,tot_fnp,STL-LSTM (full),118,61474.888671875,0.3850217014379813
homerule_N,tot_fnp,STL-LSTM (full),119,1864707.3344726562,3.1696572369638285
homerule_N,tot_fnp,STL-LSTM (full),120,4987822.6181640625,5.077486165147445
homerule_N,tot_fnp,STL-LSTM (full),121,19186.592529296875,0.2147120064375928
homerule_N,tot_fnp,STL-LSTM (full),123,9.951745986938477,200.0
homerule_N,tot_fnp,STL-LSTM (full),124,76.1113510131836,200.0
homerule_N,tot_fnp,STL-LSTM (full),131,315289.4755859375,6.439007079313496
homerule_N,tot_fnp,STL-LSTM (full),133,763467.85546875,2.025929094125842
homerule_N,tot_fnp,STL-LSTM (full),134,445556.3505859375,0.6728810232307002
homerule_N,tot_fnp,STL-LSTM (full),135,526468.5463867188,1.299266200050201
homerule_N,tot_fnp,STL-LSTM (full),136,4152425.416748047,1.9356029849101903
homerule_N,tot_fnp,STL-LSTM (full),139,262196.6513671875,10.19809860934299
homerule_N,tot_fnp,STL-LSTM (full),140,1203588.1413574219,4.236173967791087
homerule_N,tot_fnp,STL-LSTM (full),141,51.94438934326172,200.0
homerule_N,tot_fnp,STL-LSTM (full),142,307790.7971801758,14.995703196672313
homerule_N,tot_fnp,STL-LSTM (full),143,20074859.911132812,10.57185537305771
homerule_N,tot_fnp,STL-LSTM (full),144,270186.3583984375,1.1005855205683142
homerule_N,tot_fnp,STL-LSTM (full),145,50941.86865234375,1.0909914137123544
homerule_N,tot_fnp,STL-LSTM (full),146,55710158.130371094,103.30768357205807
homerule_N,tot_fnp,STL-LSTM (full),147,23377.4384765625,0.33517284061910646
homerule_N,tot_fnp,STL-LSTM (full),148,203487.50146484375,5.367423748735636
homerule_N,tot_fnp,STL-LSTM (full),149,246749.4931640625,5.269092194066062
homerule_N,tot_fnp,STL-LSTM (full),150,3.015791654586792,200.0
homerule_N,tot_fnp,STL-LSTM (full),151,42683.76318359375,0.4764987021286071
homerule_N,tot_fnp,STL-LSTM (full),152,482324.8017578125,1.2914963075766361
homerule_N,tot_fnp,STL-LSTM (full),153,0.009293174371123314,200.0
homerule_N,tot_fnp,STL-LSTM (full),154,94.50886535644531,200.0
homerule_N,tot_fnp,STL-LSTM (full),155,7.585684299468994,200.0
homerule_N,tot_fnp,STL-LSTM (full),156,476869.6103515625,2.3012807685894687
homerule_N,tot_fnp,STL-LSTM (full),157,84479.048828125,0.592531701716731
homerule_N,tot_fnp,STL-LSTM (full),161,4995270.979003906,2.9790606143604164
homerule_N,tot_fnp,STL-LSTM (full),162,1947635.20703125,6.31063641213739
homerule_N,tot_fnp,STL-LSTM (full),163,2030851.2055664062,2.89678354025395
homerule_N,tot_fnp,STL-LSTM (full),164,571346.015625,0.4619311098304706
homerule_N,tot_fnp,STL-LSTM (full),165,3702186.0834960938,2.032641741509504
homerule_N,tot_fnp,STL-LSTM (full),166,9.071532249450684,200.0
homerule_N,tot_fnp,STL-LSTM (full),168,187720.57275390625,1.5753657038048887
homerule_N,tot_fnp,STL-LSTM (full),169,362052.25634765625,4.9733615032521925
homerule_N,tot_fnp,STL-LSTM (full),170,283634.4697265625,8.31851001996634
homerule_N,tot_fnp,STL-LSTM (full),171,30.624500274658203,200.0
homerule_N,tot_fnp,STL-LSTM (full),172,208841.8095703125,0.7717146146386068
homerule_N,tot_fnp,STL-LSTM (full),173,290303.74609375,2.5487132707153273
homerule_N,tot_fnp,STL-LSTM (full),174,12.072366714477539,200.0
homerule_N,tot_fnp,STL-LSTM (full),175,2416031.8791503906,2.666955477287871
homerule_N,tot_fnp,STL-LSTM (full),176,950577.52734375,11.229448132748848
homerule_N,tot_fnp,STL-LSTM (full),177,45233.0089263916,7.161671315994606
homerule_N,tot_fnp,STL-LSTM (full),178,1867238.7607421875,1.0754893944825699
homerule_N,tot_fnp,STL-LSTM (full),180,4610342.662109375,5.125572619627335
homerule_N,tot_fnp,STL-LSTM (full),181,801748.3413085938,1.8211311488946325
homerule_N,tot_fnp,STL-LSTM (full),185,522125.9892578125,6.315666350036612
homerule_N,tot_fnp,STL-LSTM (full),186,429790.6259765625,2.2982479256620327
homerule_N,tot_fnp,STL-LSTM (full),187,302571.8115234375,16.607814626806306
homerule_N,tot_fnp,STL-LSTM (full),188,396062.85107421875,26.207796281209777
homerule_N,tot_fnp,STL-LSTM (full),189,1664534.7006835938,5.966446799605017
homerule_N,tot_fnp,STL-LSTM (full),190,51.68866729736328,200.0
homerule_N,tot_fnp,STL-LSTM (full),192,2743160.7880859375,3.514906052806962
homerule_N,tot_fnp,STL-LSTM (full),193,2904554.65234375,3.1284490313487
homerule_N,tot_fnp,STL-LSTM (full),194,68090.8857421875,5.313181283515648
homerule_N,tot_fnp,STL-LSTM (full),195,442025.62646484375,1.055562138752217
homerule_N,tot_fnp,STL-LSTM (full),196,6238208.625305176,14.64129366472268
homerule_N,tot_fnp,STL-LSTM (full),197,2.462113857269287,200.0
homerule_N,tot_fnp,STL-LSTM (full),198,1.2769014835357666,200.0
homerule_N,tot_fnp,STL-LSTM (full),200,70198.33925247192,0.8246121371119292
homerule_N,tot_fnp,STL-LSTM (full),201,2233544.4516601562,2.754296843167719
homerule_N,tot_fnp,STL-LSTM (full),202,535230.3549804688,3.709177104642105
homerule_N,tot_fnp,STL-LSTM (full),203,105597.00341796875,0.45164854332982823
homerule_N,tot_fnp,STL-LSTM (full),204,127859.2255859375,1.463669722829511
homerule_N,tot_fnp,STL-LSTM (full),205,4301709.553222656,1.9205714749967424
homerule_N,tot_fnp,STL-LSTM (full),206,1135637.6376953125,8.519711775768068
homerule_N,tot_fnp,STL-LSTM (full),207,41848.072265625,0.8130981585717459
homerule_N,tot_fnp,STL-LSTM (full),209,4.34251070022583,200.0
homerule_N,tot_fnp,STL-LSTM (full),211,755226.6010742188,2.1433286563636607
homerule_N,tot_fnp,STL-LSTM (full),212,836307.9487304688,2.112086792857725
homerule_N,tot_fnp,STL-LSTM (full),213,87684.83349609375,1.5538152488694077
homerule_N,tot_fnp,STL-LSTM (full),214,100087.748046875,4.971071593642415
homerule_N,tot_fnp,STL-LSTM (full),216,234.5751953125,200.0
homerule_N,tot_fnp,STL-LSTM (full),217,1.6157974004745483,200.0
homerule_N,tot_fnp,STL-LSTM (full),218,292773.06201171875,0.48512529047134545
homerule_N,tot_fnp,STL-LSTM (full),221,88841.48310089111,115.6319509711302
homerule_N,tot_fnp,STL-LSTM (full),222,1986717.6396484375,2.4466060526211386
homerule_N,tot_fnp,STL-LSTM (full),223,9396736.9296875,2.299472401543822
homerule_N,tot_fnp,STL-LSTM (full),226,719043.7329101562,1.1413367379807828
homerule_N,tot_fnp,STL-LSTM (full),227,849016.2270507812,4.898806569746221
homerule_N,tot_fnp,STL-LSTM (full),228,229001.15234375,1.2603146995665961
homerule_N,tot_fnp,STL-LSTM (full),230,47938.474609375,0.23597008375780554
homerule_N,tot_fnp,STL-LSTM (full),231,70170.27490234375,0.5794350633448279
homerule_N,tot_fnp,STL-LSTM (full),232,1573606.8125,3.496886186373048
homerule_N,tot_fnp,STL-LSTM (full),233,179067.7177734375,6.366005330852306
homerule_N,tot_fnp,STL-LSTM (full),234,18316.56787109375,0.43001344964155214
homerule_N,tot_fnp,STL-LSTM (full),237,859106.421875,3.482671414058034
homerule_N,tot_fnp,STL-LSTM (full),241,239340.48828125,4.953341343454304
homerule_N,tot_fnp,STL-LSTM (full),245,45820.25634765625,0.3800210315393606
homerule_N,tot_fnp,STL-LSTM (full),246,607913.2607421875,1.041743560153556
homerule_N,tot_fnp,STL-LSTM (full),248,492815.7724609375,1.1469382712257228
homerule_N,tot_fnp,STL-LSTM (full),249,85.092041015625,200.0
homerule_N,tot_fnp,STL-LSTM (full),250,1877804.4562683105,4.894534520095044
homerule_N,tot_fnp,STL-LSTM (full),251,203910.5146484375,0.37078894509232996
homerule_N,tot_fnp,STL-LSTM (full),252,92328.87353515625,0.7149148360746742
homerule_N,tot_fnp,STL-LSTM (full),253,1367512.2529296875,200.0
homerule_N,tot_fnp,STL-LSTM (full),254,591938.8735351562,2.957736410764024
homerule_N,tot_fnp,STL-LSTM (full),255,71001.3203125,0.25987919208240867
homerule_N,tot_fnp,STL-LSTM (full),256,1063661.4282226562,0.9551743469605335
homerule_N,tot_fnp,STL-LSTM (full),257,19838866.365234375,8.83634116132444
homerule_N,tot_fnp,STL-LSTM (full),258,658922.3891601562,1.8913154110626145
homerule_N,tot_fnp,STL-LSTM (full),259,278279.1455078125,0.2344281573935904
homerule_N,tot_fnp,STL-LSTM (full),262,1411883.4697265625,2.540036241666606
homerule_N,tot_fnp,STL-LSTM (full),264,7.657388210296631,200.0
homerule_N,tot_fnp,STL-LSTM (full),266,2.4443421363830566,200.0
homerule_N,tot_fnp,STL-LSTM (full),269,2459383.6196289062,2.034693783544015
homerule_N,tot_fnp,STL-LSTM (full),270,55171499.97167969,2.789206868940812
homerule_N,tot_fnp,STL-LSTM (full),271,3605540.1557617188,17.03489107734009
homerule_N,tot_fnp,STL-LSTM (full),272,192997.1787109375,2.0977148387326685
homerule_N,tot_fnp,STL-LSTM (full),273,465503.57666015625,1.8702353967533545
homerule_N,tot_fnp,STL-LSTM (full),274,164888.4462890625,1.6995019572584813
homerule_N,tot_fnp,MTL-LSTM (full),2,536308.5063476562,1.3024911406872608
homerule_N,tot_fnp,MTL-LSTM (full),3,439268.84912109375,0.8454808117320713
homerule_N,tot_fnp,MTL-LSTM (full),5,204465.64392089844,197.45371109424167
homerule_N,tot_fnp,MTL-LSTM (full),6,4895975.5830078125,1.6774152092636643
homerule_N,tot_fnp,MTL-LSTM (full),7,17682868.103515625,59.98074032474203
homerule_N,tot_fnp,MTL-LSTM (full),8,5252.42431640625,200.0
homerule_N,tot_fnp,MTL-LSTM (full),9,116282.1708984375,0.9572982800354229
homerule_N,tot_fnp,MTL-LSTM (full),10,720968.46484375,5.271064669980423
homerule_N,tot_fnp,MTL-LSTM (full),11,7322.62353515625,200.0
homerule_N,tot_fnp,MTL-LSTM (full),14,169005.4169921875,7.592762165844406
homerule_N,tot_fnp,MTL-LSTM (full),15,12144975.122070312,27.531325175996596
homerule_N,tot_fnp,MTL-LSTM (full),16,81838638.5756836,199.96830154371534
homerule_N,tot_fnp,MTL-LSTM (full),17,113888.3134765625,0.3065010951236107
homerule_N,tot_fnp,MTL-LSTM (full),18,658769.615234375,1.4482340972378003
homerule_N,tot_fnp,MTL-LSTM (full),19,55698.830078125,1.083409590003519
homerule_N,tot_fnp,MTL-LSTM (full),21,1059346.64453125,1.860598451791931
homerule_N,tot_fnp,MTL-LSTM (full),22,30437.765625,0.06386927163762027
homerule_N,tot_fnp,MTL-LSTM (full),24,2289639.7578125,1.0850356713967146
homerule_N,tot_fnp,MTL-LSTM (full),25,2760363.4345703125,1.0458284473295003
homerule_N,tot_fnp,MTL-LSTM (full),26,6015.71337890625,200.0
homerule_N,tot_fnp,MTL-LSTM (full),28,990098.544921875,0.5917707119528129
homerule_N,tot_fnp,MTL-LSTM (full),40,3795165.3486328125,2.238466117984129
homerule_N,tot_fnp,MTL-LSTM (full),41,1225577.111328125,0.8990016569810345
homerule_N,tot_fnp,MTL-LSTM (full),43,2319910.33984375,2.2253398319973177
homerule_N,tot_fnp,MTL-LSTM (full),46,1591303.9892578125,3.546843162740423
homerule_N,tot_fnp,MTL-LSTM (full),47,231361.18994140625,2.4622171949353384
homerule_N,tot_fnp,MTL-LSTM (full),49,1565186.953125,5.150541652704992
homerule_N,tot_fnp,MTL-LSTM (full),50,928814.91015625,2.1185223986059536
homerule_N,tot_fnp,MTL-LSTM (full),51,2914389.3408203125,3.5755664507184726
homerule_N,tot_fnp,MTL-LSTM (full),52,236589.5810546875,1.2803159866655958
homerule_N,tot_fnp,MTL-LSTM (full),53,401109.5654296875,2.7601728416904963
homerule_N,tot_fnp,MTL-LSTM (full),56,254848.1279296875,3.0475309482301696
homerule_N,tot_fnp,MTL-LSTM (full),64,20470.119140625,0.02027202196763448
homerule_N,tot_fnp,MTL-LSTM (full),65,4776.4755859375,200.0
homerule_N,tot_fnp,MTL-LSTM (full),66,604085.3994140625,3.142821133235748
homerule_N,tot_fnp,MTL-LSTM (full),67,6272.904296875,200.0
homerule_N,tot_fnp,MTL-LSTM (full),68,1697768.361328125,0.7617931917044998
homerule_N,tot_fnp,MTL-LSTM (full),69,102451.9189453125,3.107272053818876
homerule_N,tot_fnp,MTL-LSTM (full),70,836124.8662109375,1.4509644357437168
homerule_N,tot_fnp,MTL-LSTM (full),71,239886.88940429688,1.25871187440893
homerule_N,tot_fnp,MTL-LSTM (full),72,155597.7060546875,0.713296949791525
homerule_N,tot_fnp,MTL-LSTM (full),75,1966.8037109375,200.0
homerule_N,tot_fnp,MTL-LSTM (full),77,337648.26171875,8.392050382398468
homerule_N,tot_fnp,MTL-LSTM (full),78,4681973.83984375,3.0838203774945803
homerule_N,tot_fnp,MTL-LSTM (full),79,93629.044921875,0.9012986574894454
homerule_N,tot_fnp,MTL-LSTM (full),80,1588749.4765625,23.8882026298097
homerule_N,tot_fnp,MTL-LSTM (full),81,117477.40771484375,2.2923631849836412
homerule_N,tot_fnp,MTL-LSTM (full),82,468580.361328125,2.1604372382187433
homerule_N,tot_fnp,MTL-LSTM (full),83,88450.8818359375,2.3213732961905844
homerule_N,tot_fnp,MTL-LSTM (full),84,342465.123046875,2.3999713552534105
homerule_N,tot_fnp,MTL-LSTM (full),85,35.03295135498047,200.0
homerule_N,tot_fnp,MTL-LSTM (full),86,5044249.1171875,3.8887701526175364
homerule_N,tot_fnp,MTL-LSTM (full),87,137668.2392578125,0.570982931364219
homerule_N,tot_fnp,MTL-LSTM (full),88,19400.736328125,0.2110552306762835
homerule_N,tot_fnp,MTL-LSTM (full),89,92794.697265625,9.124576853349993
homerule_N,tot_fnp,MTL-LSTM (full),90,189632.7939453125,1.393407511686024
homerule_N,tot_fnp,MTL-LSTM (full),93,132956.28515625,2.9780525869037633
homerule_N,tot_fnp,MTL-LSTM (full),95,10354420.665039062,54.41181833091531
homerule_N,tot_fnp,MTL-LSTM (full),96,708954.1235351562,8.108745757144304
homerule_N,tot_fnp,MTL-LSTM (full),97,2123394.7353515625,2.0081241638227643
homerule_N,tot_fnp,MTL-LSTM (full),101,6757.40234375,200.0
homerule_N,tot_fnp,MTL-LSTM (full),103,103946.0830078125,9.174266147183127
homerule_N,tot_fnp,MTL-LSTM (full),105,494632.4130859375,1.622159730468881
homerule_N,tot_fnp,MTL-LSTM (full),107,6756.640625,200.0
homerule_N,tot_fnp,MTL-LSTM (full),108,321.1087951660156,200.0
homerule_N,tot_fnp,MTL-LSTM (full),109,2776093.2744140625,3.4779571534286444
homerule_N,tot_fnp,MTL-LSTM (full),110,1042428.5869140625,2.9797175687642388
homerule_N,tot_fnp,MTL-LSTM (full),111,278475.8271484375,2.239077580869857
homerule_N,tot_fnp,MTL-LSTM (full),115,3659046.8974609375,1.2419364315956256
homerule_N,tot_fnp,MTL-LSTM (full),118,60917.05078125,0.3815212573783306
homerule_N,tot_fnp,MTL-LSTM (full),119,1862745.95703125,3.1662704770537515
homerule_N,tot_fnp,MTL-LSTM (full),120,4986660.0234375,5.076272632354026
homerule_N,tot_fnp,MTL-LSTM (full),121,22107.162109375,0.2473548947102643
homerule_N,tot_fnp,MTL-LSTM (full),123,7249.20556640625,200.0
homerule_N,tot_fnp,MTL-LSTM (full),124,7552.51318359375,200.0
homerule_N,tot_fnp,MTL-LSTM (full),131,314088.11083984375,6.413685382519099
homerule_N,tot_fnp,MTL-LSTM (full),133,760671.458984375,2.0184337213628885
homerule_N,tot_fnp,MTL-LSTM (full),134,443306.4697265625,0.6694718703653566
homerule_N,tot_fnp,MTL-LSTM (full),135,524030.75390625,1.2932110964746213
homerule_N,tot_fnp,MTL-LSTM (full),136,4148565.5454101562,1.933786355822133
homerule_N,tot_fnp,MTL-LSTM (full),139,260675.1953125,10.135922751667543
homerule_N,tot_fnp,MTL-LSTM (full),140,1202454.65625,4.2321001114239705
homerule_N,tot_fnp,MTL-LSTM (full),141,6225.4267578125,200.0
homerule_N,tot_fnp,MTL-LSTM (full),142,301726.54296875,14.678565918991524
homerule_N,tot_fnp,MTL-LSTM (full),143,20072608.015625,10.570606797935437
homerule_N,tot_fnp,MTL-LSTM (full),144,268359.1748046875,1.0931019347775657
homerule_N,tot_fnp,MTL-LSTM (full),145,52482.46875,1.1238001270659608
homerule_N,tot_fnp,MTL-LSTM (full),146,55712254.93359375,103.3095633624853
homerule_N,tot_fnp,MTL-LSTM (full),147,22912.34521484375,0.32849363713539503
homerule_N,tot_fnp,MTL-LSTM (full),148,205395.30712890625,5.416383426786545
homerule_N,tot_fnp,MTL-LSTM (full),149,250430.7763671875,5.349805113610701
homerule_N,tot_fnp,MTL-LSTM (full),150,8235.4375,200.0
homerule_N,tot_fnp,MTL-LSTM (full),151,40290.05078125,0.44971649028072064
homerule_N,tot_fnp,MTL-LSTM (full),152,481134.03125,1.288287304354823
homerule_N,tot_fnp,MTL-LSTM (full),153,4702.37646484375,200.0
homerule_N,tot_fnp,MTL-LSTM (full),154,5819.02490234375,200.0
homerule_N,tot_fnp,MTL-LSTM (full),155,1264.5263671875,200.0
homerule_N,tot_fnp,MTL-LSTM (full),156,474601.69140625,2.290210902641609
homerule_N,tot_fnp,MTL-LSTM (full),157,82572.2333984375,0.5791186698561946
homerule_N,tot_fnp,MTL-LSTM (full),161,4991831.318359375,2.97697874883781
homerule_N,tot_fnp,MTL-LSTM (full),162,1945241.279296875,6.302635281551851
homerule_N,tot_fnp,MTL-LSTM (full),163,2028278.13671875,2.8930602530065417
homerule_N,tot_fnp,MTL-LSTM (full),164,568088.1357421875,0.45929107734345426
homerule_N,tot_fnp,MTL-LSTM (full),165,3703637.4599609375,2.0334305008841085
homerule_N,tot_fnp,MTL-LSTM (full),166,5838.3349609375,200.0
homerule_N,tot_fnp,MTL-LSTM (full),168,185074.0908203125,1.5529837659474772
homerule_N,tot_fnp,MTL-LSTM (full),169,361001.8955078125,4.958575411736798
homerule_N,tot_fnp,MTL-LSTM (full),170,281628.30078125,8.257243366557478
homerule_N,tot_fnp,MTL-LSTM (full),171,20.323810577392578,200.0
homerule_N,tot_fnp,MTL-LSTM (full),172,210338.56005859375,0.7772239305694129
homerule_N,tot_fnp,MTL-LSTM (full),173,287485.55078125,2.5236588020197286
homerule_N,tot_fnp,MTL-LSTM (full),174,594.662841796875,200.0
homerule_N,tot_fnp,MTL-LSTM (full),175,2415946.3615722656,2.666859819300096
homerule_N,tot_fnp,MTL-LSTM (full),176,947655.6669921875,11.192999616906837
homerule_N,tot_fnp,MTL-LSTM (full),177,45332.72813987732,7.176893144752591
homerule_N,tot_fnp,MTL-LSTM (full),178,1869543.6938476562,1.0768098385921927
homerule_N,tot_fnp,MTL-LSTM (full),180,4607941.0517578125,5.122834226819873
homerule_N,tot_fnp,MTL-LSTM (full),181,800339.2983398438,1.8179014868470702
homerule_N,tot_fnp,MTL-LSTM (full),185,523142.3642578125,6.327571521211743
homerule_N,tot_fnp,MTL-LSTM (full),186,431881.3054199219,2.309556654472002
homerule_N,tot_fnp,MTL-LSTM (full),187,300101.3681640625,16.461054290558778
homerule_N,tot_fnp,MTL-LSTM (full),188,394781.86083984375,26.111965337954366
homerule_N,tot_fnp,MTL-LSTM (full),189,1662046.8642578125,5.957263645784326
homerule_N,tot_fnp,MTL-LSTM (full),190,2996.65771484375,200.0
homerule_N,tot_fnp,MTL-LSTM (full),192,2740050.884765625,3.510851276307867
homerule_N,tot_fnp,MTL-LSTM (full),193,2901897.513671875,3.125542344179107
homerule_N,tot_fnp,MTL-LSTM (full),194,69518.80322265625,5.421582319417863
homerule_N,tot_fnp,MTL-LSTM (full),195,443429.9775390625,1.0588979891873664
homerule_N,tot_fnp,MTL-LSTM (full),196,6234730.541503906,14.632533240160889
homerule_N,tot_fnp,MTL-LSTM (full),197,6775.18115234375,200.0
homerule_N,tot_fnp,MTL-LSTM (full),198,6201.103515625,200.0
homerule_N,tot_fnp,MTL-LSTM (full),200,69730.78778076172,0.8190973680773369
homerule_N,tot_fnp,MTL-LSTM (full),201,2234441.6787109375,2.75538801628011
homerule_N,tot_fnp,MTL-LSTM (full),202,532271.4296875,3.688293430480707
homerule_N,tot_fnp,MTL-LSTM (full),203,103551.05712890625,0.442878456703928
homerule_N,tot_fnp,MTL-LSTM (full),204,126095.89208984375,1.4433382710360467
homerule_N,tot_fnp,MTL-LSTM (full),205,4299056.265625,1.9193755010582347
homerule_N,tot_fnp,MTL-LSTM (full),206,1139440.8720703125,8.549463853280596
homerule_N,tot_fnp,MTL-LSTM (full),207,39195.82666015625,0.761369476599438
homerule_N,tot_fnp,MTL-LSTM (full),209,5791.9970703125,200.0
homerule_N,tot_fnp,MTL-LSTM (full),211,752795.1689453125,2.1363545578690326
homerule_N,tot_fnp,MTL-LSTM (full),212,834265.6459960938,2.106874644778591
homerule_N,tot_fnp,MTL-LSTM (full),213,85721.65478515625,1.5187626497832933
homerule_N,tot_fnp,MTL-LSTM (full),214,99126.38671875,4.924499208204641
homerule_N,tot_fnp,MTL-LSTM (full),216,3766.323486328125,200.0
homerule_N,tot_fnp,MTL-LSTM (full),217,4258.431640625,200.0
homerule_N,tot_fnp,MTL-LSTM (full),218,295977.4462890625,0.49042193890564223
homerule_N,tot_fnp,MTL-LSTM (full),221,88606.68580627441,115.15039917426566
homerule_N,tot_fnp,MTL-LSTM (full),222,1984129.841796875,2.443380294267577
homerule_N,tot_fnp,MTL-LSTM (full),223,9399887.860351562,2.3002345966183246
homerule_N,tot_fnp,MTL-LSTM (full),226,717368.7172851562,1.1386628517981332
homerule_N,tot_fnp,MTL-LSTM (full),227,846990.05859375,4.886829960008521
homerule_N,tot_fnp,MTL-LSTM (full),228,227072.0341796875,1.2496314035509837
homerule_N,tot_fnp,MTL-LSTM (full),230,50376.8212890625,0.24795760587992013
homerule_N,tot_fnp,MTL-LSTM (full),231,69015.7666015625,0.5698744806782652
homerule_N,tot_fnp,MTL-LSTM (full),232,1571038.5654296875,3.491079378572657
homerule_N,tot_fnp,MTL-LSTM (full),233,176628.478515625,6.2765669353192095
homerule_N,tot_fnp,MTL-LSTM (full),234,15702.74609375,0.36853633985786605
homerule_N,tot_fnp,MTL-LSTM (full),237,856884.6821289062,3.4735084370218194
homerule_N,tot_fnp,MTL-LSTM (full),241,236603.1416015625,4.895303148738279
homerule_N,tot_fnp,MTL-LSTM (full),245,43757.3408203125,0.36288071515311926
homerule_N,tot_fnp,MTL-LSTM (full),246,606549.3291015625,1.039394127595591
homerule_N,tot_fnp,MTL-LSTM (full),248,490401.5810546875,1.1412876216468752
homerule_N,tot_fnp,MTL-LSTM (full),249,6620.8466796875,200.0
homerule_N,tot_fnp,MTL-LSTM (full),250,1877791.4324645996,4.894499742529553
homerule_N,tot_fnp,MTL-LSTM (full),251,200811.4541015625,0.3651433543324971
homerule_N,tot_fnp,MTL-LSTM (full),252,91466.083984375,0.7082577992764114
homerule_N,tot_fnp,MTL-LSTM (full),253,1365557.0791015625,200.0
homerule_N,tot_fnp,MTL-LSTM (full),254,591894.3110351562,2.9575104529916456
homerule_N,tot_fnp,MTL-LSTM (full),255,71722.2724609375,0.262514559098082
homerule_N,tot_fnp,MTL-LSTM (full),256,1061102.8330078125,0.9528657664168972
homerule_N,tot_fnp,MTL-LSTM (full),257,19837288.703125,8.83560741798406
homerule_N,tot_fnp,MTL-LSTM (full),258,657999.2919921875,1.8886408100542083
homerule_N,tot_fnp,MTL-LSTM (full),259,275834.2529296875,0.23236613594295974
homerule_N,tot_fnp,MTL-LSTM (full),262,1412618.7060546875,2.5413757696081767
homerule_N,tot_fnp,MTL-LSTM (full),264,7031.3427734375,200.0
homerule_N,tot_fnp,MTL-LSTM (full),266,1788.235107421875,200.0
homerule_N,tot_fnp,MTL-LSTM (full),269,2456544.7939453125,2.0323213046041
homerule_N,tot_fnp,MTL-LSTM (full),270,55173786.877441406,2.7893208715093314
homerule_N,tot_fnp,MTL-LSTM (full),271,3606842.6381835938,17.040520525386338
homerule_N,tot_fnp,MTL-LSTM (full),272,195589.69287109375,2.126192821786161
homerule_N,tot_fnp,MTL-LSTM (full),273,463013.142578125,1.8601366177493375
homerule_N,tot_fnp,MTL-LSTM (full),274,161965.701171875,1.6691258717152089
